适用于 .NET Framework MSBuild 版本 18.7.1+024f5b037

  Detour.vcxproj -> E:\1.ClassicCataSlym\CataslymBuild\dep\recastnavigation\Detour\RelWithDebInfo\Detour.lib
  openssl_ed25519.vcxproj -> E:\1.ClassicCataSlym\CataslymBuild\bin\RelWithDebInfo\openssl_ed25519.dll
  argon2.vcxproj -> E:\1.ClassicCataSlym\CataslymBuild\dep\argon2\RelWithDebInfo\argon2.lib
  fmt.vcxproj -> E:\1.ClassicCataSlym\CataslymBuild\dep\fmt\RelWithDebInfo\fmt.lib
  Recast.vcxproj -> E:\1.ClassicCataSlym\CataslymBuild\dep\recastnavigation\Recast\RelWithDebInfo\Recast.lib
  sfmt.vcxproj -> E:\1.ClassicCataSlym\CataslymBuild\dep\SFMT\RelWithDebInfo\sfmt.lib
  zlib.vcxproj -> E:\1.ClassicCataSlym\CataslymBuild\dep\zlib\RelWithDebInfo\zlib.lib
  protobuf.vcxproj -> E:\1.ClassicCataSlym\CataslymBuild\dep\protobuf\RelWithDebInfo\protobuf.lib
  g3dlib.vcxproj -> E:\1.ClassicCataSlym\CataslymBuild\dep\g3dlite\RelWithDebInfo\g3dlib.lib
  common.vcxproj -> E:\1.ClassicCataSlym\CataslymBuild\src\common\RelWithDebInfo\common.lib
  network.vcxproj -> E:\1.ClassicCataSlym\CataslymBuild\src\common\network\RelWithDebInfo\trinity_network.lib
  database.vcxproj -> E:\1.ClassicCataSlym\CataslymBuild\src\server\database\RelWithDebInfo\database.lib
  mmaps_common.vcxproj -> E:\1.ClassicCataSlym\CataslymBuild\src\common\mmaps_common\RelWithDebInfo\mmaps_common.lib
  proto.vcxproj -> E:\1.ClassicCataSlym\CataslymBuild\src\server\proto\RelWithDebInfo\proto.lib
  shared.vcxproj -> E:\1.ClassicCataSlym\CataslymBuild\src\server\shared\RelWithDebInfo\shared.lib
  cmake_pch.cxx
  BattlefieldTB.cpp
  BattlefieldWG.cpp
  battlefield_script_loader.cpp
  battlegrounds_script_loader.cpp
  alterac_valley.cpp
  battleground_alterac_valley.cpp
  boss_balinda.cpp
  boss_drekthar.cpp
  boss_galvangar.cpp
  boss_vanndar.cpp
  arathi_basin.cpp
  battleground_arathi_basin.cpp
  battleground_battle_for_gilneas.cpp
  arena_blades_edge.cpp
  arena_dalaran_sewers.cpp
  battleground_eye_of_the_storm.cpp
  battleground_isle_of_conquest.cpp
  boss_ioc_horde_alliance.cpp
  isle_of_conquest.cpp
  arena_nagrand_arena.cpp
  arena_ring_of_valor.cpp
  arena_ruins_of_lordaeron.cpp
  battleground_strand_of_the_ancients.cpp
  strand_of_the_ancients.cpp
  battleground_twin_peaks.cpp
  battleground_warsong_gulch.cpp
  cs_account.cpp
  cs_achievement.cpp
  cs_ahbot.cpp
  cs_arena.cpp
  cs_ban.cpp
  cs_battlenet_account.cpp
  cs_bf.cpp
  cs_bg.cpp
  cs_cast.cpp
  cs_character.cpp
  cs_cheat.cpp
  cs_debug.cpp
  cs_deserter.cpp
  cs_disable.cpp
  cs_event.cpp
  cs_gm.cpp
  cs_go.cpp
  cs_gobject.cpp
  cs_group.cpp
  cs_guild.cpp
E:\1.ClassicCataSlym\TrinityCoreCataClassic\src\server\scripts\Battlegrounds\IsleOfConquest\battleground_isle_of_conquest.cpp(72,5): error C2365: “NODE_TYPE_REFINERY”: 重定义；以前的定义是“枚举数” [E:\1.ClassicCataSlym\CataslymBuild\src\server\scripts\scripts.vcxproj]
  cs_honor.cpp
  cs_instance.cpp
  (编译源文件“../../../../TrinityCoreCataClassic/src/server/scripts/Battlegrounds/IsleOfConquest/battleground_isle_of_conquest.cpp”)
      E:\1.ClassicCataSlym\TrinityCoreCataClassic\src\server\scripts\Battlegrounds\IsleOfConquest\isle_of_conquest_state_compat.h(37,5):
      参见“NODE_TYPE_REFINERY”的声明
  
E:\1.ClassicCataSlym\TrinityCoreCataClassic\src\server\scripts\Battlegrounds\IsleOfConquest\battleground_isle_of_conquest.cpp(73,5): error C2365: “NODE_TYPE_QUARRY”: 重定义；以前的定义是“枚举数” [E:\1.ClassicCataSlym\CataslymBuild\src\server\scripts\scripts.vcxproj]
  (编译源文件“../../../../TrinityCoreCataClassic/src/server/scripts/Battlegrounds/IsleOfConquest/battleground_isle_of_conquest.cpp”)
      E:\1.ClassicCataSlym\TrinityCoreCataClassic\src\server\scripts\Battlegrounds\IsleOfConquest\isle_of_conquest_state_compat.h(38,5):
      参见“NODE_TYPE_QUARRY”的声明
  
E:\1.ClassicCataSlym\TrinityCoreCataClassic\src\server\scripts\Battlegrounds\IsleOfConquest\battleground_isle_of_conquest.cpp(74,5): error C2365: “NODE_TYPE_DOCKS”: 重定义；以前的定义是“枚举数” [E:\1.ClassicCataSlym\CataslymBuild\src\server\scripts\scripts.vcxproj]
  (编译源文件“../../../../TrinityCoreCataClassic/src/server/scripts/Battlegrounds/IsleOfConquest/battleground_isle_of_conquest.cpp”)
      E:\1.ClassicCataSlym\TrinityCoreCataClassic\src\server\scripts\Battlegrounds\IsleOfConquest\isle_of_conquest_state_compat.h(39,5):
      参见“NODE_TYPE_DOCKS”的声明
  
E:\1.ClassicCataSlym\TrinityCoreCataClassic\src\server\scripts\Battlegrounds\IsleOfConquest\battleground_isle_of_conquest.cpp(75,5): error C2365: “NODE_TYPE_HANGAR”: 重定义；以前的定义是“枚举数” [E:\1.ClassicCataSlym\CataslymBuild\src\server\scripts\scripts.vcxproj]
  (编译源文件“../../../../TrinityCoreCataClassic/src/server/scripts/Battlegrounds/IsleOfConquest/battleground_isle_of_conquest.cpp”)
      E:\1.ClassicCataSlym\TrinityCoreCataClassic\src\server\scripts\Battlegrounds\IsleOfConquest\isle_of_conquest_state_compat.h(40,5):
      参见“NODE_TYPE_HANGAR”的声明
  
E:\1.ClassicCataSlym\TrinityCoreCataClassic\src\server\scripts\Battlegrounds\IsleOfConquest\battleground_isle_of_conquest.cpp(76,5): error C2365: “NODE_TYPE_WORKSHOP”: 重定义；以前的定义是“枚举数” [E:\1.ClassicCataSlym\CataslymBuild\src\server\scripts\scripts.vcxproj]
  (编译源文件“../../../../TrinityCoreCataClassic/src/server/scripts/Battlegrounds/IsleOfConquest/battleground_isle_of_conquest.cpp”)
      E:\1.ClassicCataSlym\TrinityCoreCataClassic\src\server\scripts\Battlegrounds\IsleOfConquest\isle_of_conquest_state_compat.h(41,5):
      参见“NODE_TYPE_WORKSHOP”的声明
  
E:\1.ClassicCataSlym\TrinityCoreCataClassic\src\server\scripts\Battlegrounds\IsleOfConquest\battleground_isle_of_conquest.cpp(79,5): error C2365: “NODE_TYPE_GRAVEYARD_A”: 重定义；以前的定义是“枚举数” [E:\1.ClassicCataSlym\CataslymBuild\src\server\scripts\scripts.vcxproj]
  (编译源文件“../../../../TrinityCoreCataClassic/src/server/scripts/Battlegrounds/IsleOfConquest/battleground_isle_of_conquest.cpp”)
      E:\1.ClassicCataSlym\TrinityCoreCataClassic\src\server\scripts\Battlegrounds\IsleOfConquest\isle_of_conquest_state_compat.h(42,5):
      参见“NODE_TYPE_GRAVEYARD_A”的声明
  
E:\1.ClassicCataSlym\TrinityCoreCataClassic\src\server\scripts\Battlegrounds\IsleOfConquest\battleground_isle_of_conquest.cpp(80,5): error C2365: “NODE_TYPE_GRAVEYARD_H”: 重定义；以前的定义是“枚举数” [E:\1.ClassicCataSlym\CataslymBuild\src\server\scripts\scripts.vcxproj]
  (编译源文件“../../../../TrinityCoreCataClassic/src/server/scripts/Battlegrounds/IsleOfConquest/battleground_isle_of_conquest.cpp”)
      E:\1.ClassicCataSlym\TrinityCoreCataClassic\src\server\scripts\Battlegrounds\IsleOfConquest\isle_of_conquest_state_compat.h(43,5):
      参见“NODE_TYPE_GRAVEYARD_H”的声明
  
E:\1.ClassicCataSlym\TrinityCoreCataClassic\src\server\scripts\Battlegrounds\IsleOfConquest\battleground_isle_of_conquest.cpp(187,7): error C2440: “初始化”: 无法从“IoCCompatNodeType”转换为“ICNodePointType” [E:\1.ClassicCataSlym\CataslymBuild\src\server\scripts\scripts.vcxproj]
  (编译源文件“../../../../TrinityCoreCataClassic/src/server/scripts/Battlegrounds/IsleOfConquest/battleground_isle_of_conquest.cpp”)
      E:\1.ClassicCataSlym\TrinityCoreCataClassic\src\server\scripts\Battlegrounds\IsleOfConquest\battleground_isle_of_conquest.cpp(187,7):
      转换为枚举类型需要显式强制转换(static_cast、C 样式强制转换或带圆括号函数样式强制转换)
  
E:\1.ClassicCataSlym\TrinityCoreCataClassic\src\server\scripts\Battlegrounds\IsleOfConquest\battleground_isle_of_conquest.cpp(188,7): error C2440: “初始化”: 无法从“IoCCompatNodeType”转换为“ICNodePointType” [E:\1.ClassicCataSlym\CataslymBuild\src\server\scripts\scripts.vcxproj]
  (编译源文件“../../../../TrinityCoreCataClassic/src/server/scripts/Battlegrounds/IsleOfConquest/battleground_isle_of_conquest.cpp”)
      E:\1.ClassicCataSlym\TrinityCoreCataClassic\src\server\scripts\Battlegrounds\IsleOfConquest\battleground_isle_of_conquest.cpp(188,7):
      转换为枚举类型需要显式强制转换(static_cast、C 样式强制转换或带圆括号函数样式强制转换)
  
E:\1.ClassicCataSlym\TrinityCoreCataClassic\src\server\scripts\Battlegrounds\IsleOfConquest\battleground_isle_of_conquest.cpp(189,7): error C2440: “初始化”: 无法从“IoCCompatNodeType”转换为“ICNodePointType” [E:\1.ClassicCataSlym\CataslymBuild\src\server\scripts\scripts.vcxproj]
  (编译源文件“../../../../TrinityCoreCataClassic/src/server/scripts/Battlegrounds/IsleOfConquest/battleground_isle_of_conquest.cpp”)
      E:\1.ClassicCataSlym\TrinityCoreCataClassic\src\server\scripts\Battlegrounds\IsleOfConquest\battleground_isle_of_conquest.cpp(189,7):
      转换为枚举类型需要显式强制转换(static_cast、C 样式强制转换或带圆括号函数样式强制转换)
  
E:\1.ClassicCataSlym\TrinityCoreCataClassic\src\server\scripts\Battlegrounds\IsleOfConquest\battleground_isle_of_conquest.cpp(190,7): error C2440: “初始化”: 无法从“IoCCompatNodeType”转换为“ICNodePointType” [E:\1.ClassicCataSlym\CataslymBuild\src\server\scripts\scripts.vcxproj]
  (编译源文件“../../../../TrinityCoreCataClassic/src/server/scripts/Battlegrounds/IsleOfConquest/battleground_isle_of_conquest.cpp”)
      E:\1.ClassicCataSlym\TrinityCoreCataClassic\src\server\scripts\Battlegrounds\IsleOfConquest\battleground_isle_of_conquest.cpp(190,7):
      转换为枚举类型需要显式强制转换(static_cast、C 样式强制转换或带圆括号函数样式强制转换)
  
E:\1.ClassicCataSlym\TrinityCoreCataClassic\src\server\scripts\Battlegrounds\IsleOfConquest\battleground_isle_of_conquest.cpp(191,7): error C2440: “初始化”: 无法从“IoCCompatNodeType”转换为“ICNodePointType” [E:\1.ClassicCataSlym\CataslymBuild\src\server\scripts\scripts.vcxproj]
  (编译源文件“../../../../TrinityCoreCataClassic/src/server/scripts/Battlegrounds/IsleOfConquest/battleground_isle_of_conquest.cpp”)
      E:\1.ClassicCataSlym\TrinityCoreCataClassic\src\server\scripts\Battlegrounds\IsleOfConquest\battleground_isle_of_conquest.cpp(191,7):
      转换为枚举类型需要显式强制转换(static_cast、C 样式强制转换或带圆括号函数样式强制转换)
  
E:\1.ClassicCataSlym\TrinityCoreCataClassic\src\server\scripts\Battlegrounds\IsleOfConquest\battleground_isle_of_conquest.cpp(192,7): error C2440: “初始化”: 无法从“IoCCompatNodeType”转换为“ICNodePointType” [E:\1.ClassicCataSlym\CataslymBuild\src\server\scripts\scripts.vcxproj]
  (编译源文件“../../../../TrinityCoreCataClassic/src/server/scripts/Battlegrounds/IsleOfConquest/battleground_isle_of_conquest.cpp”)
      E:\1.ClassicCataSlym\TrinityCoreCataClassic\src\server\scripts\Battlegrounds\IsleOfConquest\battleground_isle_of_conquest.cpp(192,7):
      转换为枚举类型需要显式强制转换(static_cast、C 样式强制转换或带圆括号函数样式强制转换)
  
E:\1.ClassicCataSlym\TrinityCoreCataClassic\src\server\scripts\Battlegrounds\IsleOfConquest\battleground_isle_of_conquest.cpp(193,7): error C2440: “初始化”: 无法从“IoCCompatNodeType”转换为“ICNodePointType” [E:\1.ClassicCataSlym\CataslymBuild\src\server\scripts\scripts.vcxproj]
  (编译源文件“../../../../TrinityCoreCataClassic/src/server/scripts/Battlegrounds/IsleOfConquest/battleground_isle_of_conquest.cpp”)
      E:\1.ClassicCataSlym\TrinityCoreCataClassic\src\server\scripts\Battlegrounds\IsleOfConquest\battleground_isle_of_conquest.cpp(193,7):
      转换为枚举类型需要显式强制转换(static_cast、C 样式强制转换或带圆括号函数样式强制转换)
  
E:\1.ClassicCataSlym\TrinityCoreCataClassic\src\server\scripts\Battlegrounds\IsleOfConquest\battleground_isle_of_conquest.cpp(544,24): error C2440: “return”: 无法从“IoCCompatNodeType”转换为“ICNodePointType” [E:\1.ClassicCataSlym\CataslymBuild\src\server\scripts\scripts.vcxproj]
  (编译源文件“../../../../TrinityCoreCataClassic/src/server/scripts/Battlegrounds/IsleOfConquest/battleground_isle_of_conquest.cpp”)
      E:\1.ClassicCataSlym\TrinityCoreCataClassic\src\server\scripts\Battlegrounds\IsleOfConquest\battleground_isle_of_conquest.cpp(544,24):
      转换为枚举类型需要显式强制转换(static_cast、C 样式强制转换或带圆括号函数样式强制转换)
  
E:\1.ClassicCataSlym\TrinityCoreCataClassic\src\server\scripts\Battlegrounds\IsleOfConquest\battleground_isle_of_conquest.cpp(549,24): error C2440: “return”: 无法从“IoCCompatNodeType”转换为“ICNodePointType” [E:\1.ClassicCataSlym\CataslymBuild\src\server\scripts\scripts.vcxproj]
  (编译源文件“../../../../TrinityCoreCataClassic/src/server/scripts/Battlegrounds/IsleOfConquest/battleground_isle_of_conquest.cpp”)
      E:\1.ClassicCataSlym\TrinityCoreCataClassic\src\server\scripts\Battlegrounds\IsleOfConquest\battleground_isle_of_conquest.cpp(549,24):
      转换为枚举类型需要显式强制转换(static_cast、C 样式强制转换或带圆括号函数样式强制转换)
  
E:\1.ClassicCataSlym\TrinityCoreCataClassic\src\server\scripts\Battlegrounds\IsleOfConquest\battleground_isle_of_conquest.cpp(555,24): error C2440: “return”: 无法从“IoCCompatNodeType”转换为“ICNodePointType” [E:\1.ClassicCataSlym\CataslymBuild\src\server\scripts\scripts.vcxproj]
  (编译源文件“../../../../TrinityCoreCataClassic/src/server/scripts/Battlegrounds/IsleOfConquest/battleground_isle_of_conquest.cpp”)
      E:\1.ClassicCataSlym\TrinityCoreCataClassic\src\server\scripts\Battlegrounds\IsleOfConquest\battleground_isle_of_conquest.cpp(555,24):
      转换为枚举类型需要显式强制转换(static_cast、C 样式强制转换或带圆括号函数样式强制转换)
  
E:\1.ClassicCataSlym\TrinityCoreCataClassic\src\server\scripts\Battlegrounds\IsleOfConquest\battleground_isle_of_conquest.cpp(561,24): error C2440: “return”: 无法从“IoCCompatNodeType”转换为“ICNodePointType” [E:\1.ClassicCataSlym\CataslymBuild\src\server\scripts\scripts.vcxproj]
  (编译源文件“../../../../TrinityCoreCataClassic/src/server/scripts/Battlegrounds/IsleOfConquest/battleground_isle_of_conquest.cpp”)
      E:\1.ClassicCataSlym\TrinityCoreCataClassic\src\server\scripts\Battlegrounds\IsleOfConquest\battleground_isle_of_conquest.cpp(561,24):
      转换为枚举类型需要显式强制转换(static_cast、C 样式强制转换或带圆括号函数样式强制转换)
  
E:\1.ClassicCataSlym\TrinityCoreCataClassic\src\server\scripts\Battlegrounds\IsleOfConquest\battleground_isle_of_conquest.cpp(567,24): error C2440: “return”: 无法从“IoCCompatNodeType”转换为“ICNodePointType” [E:\1.ClassicCataSlym\CataslymBuild\src\server\scripts\scripts.vcxproj]
  (编译源文件“../../../../TrinityCoreCataClassic/src/server/scripts/Battlegrounds/IsleOfConquest/battleground_isle_of_conquest.cpp”)
      E:\1.ClassicCataSlym\TrinityCoreCataClassic\src\server\scripts\Battlegrounds\IsleOfConquest\battleground_isle_of_conquest.cpp(567,24):
      转换为枚举类型需要显式强制转换(static_cast、C 样式强制转换或带圆括号函数样式强制转换)
  
E:\1.ClassicCataSlym\TrinityCoreCataClassic\src\server\scripts\Battlegrounds\IsleOfConquest\battleground_isle_of_conquest.cpp(573,24): error C2440: “return”: 无法从“IoCCompatNodeType”转换为“ICNodePointType” [E:\1.ClassicCataSlym\CataslymBuild\src\server\scripts\scripts.vcxproj]
  (编译源文件“../../../../TrinityCoreCataClassic/src/server/scripts/Battlegrounds/IsleOfConquest/battleground_isle_of_conquest.cpp”)
      E:\1.ClassicCataSlym\TrinityCoreCataClassic\src\server\scripts\Battlegrounds\IsleOfConquest\battleground_isle_of_conquest.cpp(573,24):
      转换为枚举类型需要显式强制转换(static_cast、C 样式强制转换或带圆括号函数样式强制转换)
  
E:\1.ClassicCataSlym\TrinityCoreCataClassic\src\server\scripts\Battlegrounds\IsleOfConquest\battleground_isle_of_conquest.cpp(579,24): error C2440: “return”: 无法从“IoCCompatNodeType”转换为“ICNodePointType” [E:\1.ClassicCataSlym\CataslymBuild\src\server\scripts\scripts.vcxproj]
  (编译源文件“../../../../TrinityCoreCataClassic/src/server/scripts/Battlegrounds/IsleOfConquest/battleground_isle_of_conquest.cpp”)
      E:\1.ClassicCataSlym\TrinityCoreCataClassic\src\server\scripts\Battlegrounds\IsleOfConquest\battleground_isle_of_conquest.cpp(579,24):
      转换为枚举类型需要显式强制转换(static_cast、C 样式强制转换或带圆括号函数样式强制转换)
  
  cs_learn.cpp
  cs_lfg.cpp
  cs_list.cpp
  cs_lookup.cpp
  cs_message.cpp
  cs_misc.cpp
  cs_mmaps.cpp
  cs_modify.cpp
  cs_npc.cpp
  cs_pet.cpp
  cs_quest.cpp
  cs_rbac.cpp
  cs_reload.cpp
  cs_reset.cpp
  cs_scene.cpp
  cs_script_loader.cpp
  cs_send.cpp
  cs_server.cpp
  cs_tele.cpp
  cs_ticket.cpp
  cs_titles.cpp
  cs_wp.cpp
  custom_script_loader.cpp
  eastern_kingdoms.cpp
  eastern_kingdoms_script_loader.cpp
  zone_blasted_lands.cpp
  zone_burning_steppes.cpp
  zone_dun_morogh.cpp
  zone_dun_morogh_area_coldridge_valley.cpp
  zone_duskwood.cpp
  zone_eastern_plaguelands.cpp
  zone_elwynn_forest.cpp
  zone_eversong_woods.cpp
  zone_hinterlands.cpp
  zone_ironforge.cpp
  zone_isle_of_queldanas.cpp
  zone_redridge_mountains.cpp
  zone_silverpine_forest.cpp
  zone_stormwind_city.cpp
  zone_tirisfal_glades.cpp
  zone_tol_barad.cpp
  zone_undercity.cpp
  zone_westfall.cpp
  boss_alizabal.cpp
  boss_argaloth.cpp
  boss_occuthar.cpp
  instance_baradin_hold.cpp
  instance_bastion_of_twilight.cpp
  blackrock_caverns.cpp
  boss_ascendant_lord_obsidius.cpp
  boss_beauty.cpp
  boss_corla.cpp
  boss_karsh_steelbender.cpp
  boss_romogg_bonecrusher.cpp
  instance_blackrock_caverns.cpp
  blackrock_depths.cpp
  boss_ambassador_flamelash.cpp
  boss_coren_direbrew.cpp
  boss_emperor_dagran_thaurissan.cpp
  boss_general_angerforge.cpp
  boss_high_interrogator_gerstahn.cpp
  boss_magmus.cpp
  boss_moira_bronzebeard.cpp
  boss_tomb_of_seven.cpp
  instance_blackrock_depths.cpp
  boss_drakkisath.cpp
  boss_gizrul_the_slavener.cpp
  boss_gyth.cpp
  boss_halycon.cpp
  boss_highlord_omokk.cpp
  boss_lord_valthalak.cpp
  boss_mother_smolderweb.cpp
  boss_overlord_wyrmthalak.cpp
  boss_pyroguard_emberseer.cpp
  boss_quartermaster_zigris.cpp
  boss_rend_blackhand.cpp
  boss_shadow_hunter_voshgajin.cpp
  boss_the_beast.cpp
  boss_urok_doomhowl.cpp
  boss_warmaster_voone.cpp
  instance_blackrock_spire.cpp
  instance_blackwing_descent.cpp
  boss_broodlord_lashlayer.cpp
  boss_chromaggus.cpp
  boss_ebonroc.cpp
  boss_firemaw.cpp
  boss_flamegor.cpp
  boss_nefarian.cpp
  boss_razorgore.cpp
  boss_vaelastrasz.cpp
  instance_blackwing_lair.cpp
  boss_baron_geddon.cpp
  boss_garr.cpp
  boss_gehennas.cpp
  boss_golemagg.cpp
  boss_lucifron.cpp
  boss_magmadar.cpp
  boss_majordomo_executus.cpp
  boss_ragnaros.cpp
  boss_shazzrah.cpp
  boss_sulfuron_harbinger.cpp
  instance_molten_core.cpp
  instance_deadmines.cpp
  gilneas_chapter_1.cpp
  gnomeregan.cpp
  instance_gnomeregan.cpp
  instance_grim_batol.cpp
  boss_curator.cpp
  boss_maiden_of_virtue.cpp
  boss_midnight.cpp
  boss_moroes.cpp
  boss_netherspite.cpp
  boss_nightbane.cpp
  boss_prince_malchezaar.cpp
  boss_shade_of_aran.cpp
  boss_terestian_illhoof.cpp
  bosses_opera.cpp
  instance_karazhan.cpp
  karazhan.cpp
  boss_felblood_kaelthas.cpp
  boss_priestess_delrissa.cpp
  boss_selin_fireheart.cpp
  boss_vexallus.cpp
  instance_magisters_terrace.cpp
  magisters_terrace.cpp
  chapter1.cpp
  chapter2.cpp
  chapter5.cpp
  zone_the_scarlet_enclave.cpp
  boss_arcanist_doan.cpp
  boss_azshir_the_sleepless.cpp
  boss_bloodmage_thalnos.cpp
  boss_headless_horseman.cpp
  boss_herod.cpp
  boss_high_inquisitor_fairbanks.cpp
  boss_houndmaster_loksey.cpp
  boss_interrogator_vishas.cpp
  boss_mograine_and_whitemane.cpp
  boss_scorn.cpp
  instance_scarlet_monastery.cpp
  boss_darkmaster_gandling.cpp
  boss_death_knight_darkreaver.cpp
  boss_doctor_theolen_krastinov.cpp
  boss_illucia_barov.cpp
  boss_instructor_malicia.cpp
  boss_jandice_barov.cpp
  boss_kirtonos_the_herald.cpp
  boss_kormok.cpp
  boss_lord_alexei_barov.cpp
  boss_lorekeeper_polkelt.cpp
  boss_ras_frostwhisper.cpp
  boss_the_ravenian.cpp
  boss_vectus.cpp
  instance_scholomance.cpp
  boss_apothecary_hummel.cpp
  instance_shadowfang_keep.cpp
  shadowfang_keep.cpp
  boss_baron_rivendare.cpp
  boss_baroness_anastari.cpp
  boss_cannon_master_willey.cpp
  boss_dathrohan_balnazzar.cpp
  boss_magistrate_barthilas.cpp
  boss_maleki_the_pallid.cpp
  boss_nerubenkan.cpp
  boss_order_of_silver_hand.cpp
  boss_postmaster_malown.cpp
  boss_ramstein_the_gorger.cpp
  boss_timmy_the_cruel.cpp
  instance_stratholme.cpp
  stratholme.cpp
  instance_sunken_temple.cpp
  sunken_temple.cpp
  boss_brutallus.cpp
  boss_eredar_twins.cpp
  boss_felmyst.cpp
  boss_kalecgos.cpp
  boss_kiljaeden.cpp
  boss_muru.cpp
  instance_sunwell_plateau.cpp
  sunwell_plateau.cpp
  boss_hogger.cpp
  boss_lord_overheat.cpp
  boss_randolph_moloch.cpp
  instance_the_stockade.cpp
  instance_throne_of_the_tides.cpp
  boss_archaedas.cpp
  boss_ironaya.cpp
  instance_uldaman.cpp
  uldaman.cpp
  vashjir_chapter_1_defense_of_the_briny_cutter.cpp
  zone_abyssal_depths.cpp
  zone_vashjir.cpp
  boss_akilzon.cpp
  boss_daakara.cpp
  boss_halazzi.cpp
  boss_hexlord.cpp
  boss_janalai.cpp
  boss_nalorakk.cpp
  instance_zulaman.cpp
  zulaman.cpp
  boss_grilek.cpp
  boss_hazzarah.cpp
  boss_jindo_the_godbreaker.cpp
  boss_kilnara.cpp
  boss_mandokir.cpp
  boss_renataki.cpp
  boss_venoxis.cpp
  boss_wushoolay.cpp
  boss_zanzil.cpp
  instance_zulgurub.cpp
  zulgurub.cpp
  brewfest.cpp
  childrens_week.cpp
  darkmoon_faire.cpp
  events_script_loader.cpp
  fireworks_show.cpp
  hallows_end.cpp
  love_is_in_the_air.cpp
  lunar_festival.cpp
  midsummer.cpp
  operation_gnomeregan.cpp
  pilgrims_bounty.cpp
  winter_veil.cpp
  zalazane_fall.cpp
  kalimdor_script_loader.cpp
  zone_ashenvale.cpp
  zone_azshara.cpp
  zone_azuremyst_isle.cpp
  zone_bloodmyst_isle.cpp
  zone_darkshore.cpp
  zone_desolace.cpp
  zone_durotar.cpp
  zone_dustwallow_marsh.cpp
  zone_felwood.cpp
  zone_feralas.cpp
  zone_moonglade.cpp
  zone_mulgore.cpp
  zone_orgrimmar.cpp
  zone_silithus.cpp
  zone_tanaris.cpp
  zone_the_barrens.cpp
  zone_thunder_bluff.cpp
  zone_winterspring.cpp
  blackfathom_deeps.cpp
  boss_aku_mai.cpp
  boss_gelihast.cpp
  boss_kelris.cpp
  instance_blackfathom_deeps.cpp
  boss_anetheron.cpp
  boss_archimonde.cpp
  boss_azgalor.cpp
  boss_kazrogal.cpp
  boss_rage_winterchill.cpp
  hyjal.cpp
  hyjalAI.cpp
  hyjal_trash.cpp
  instance_hyjal.cpp
  boss_chrono_lord_epoch.cpp
  boss_infinite_corruptor.cpp
  boss_mal_ganis.cpp
  boss_meathook.cpp
  boss_salramm_the_fleshcrafter.cpp
  culling_of_stratholme.cpp
  instance_culling_of_stratholme.cpp
  npc_arthas.cpp
  instance_dragon_soul.cpp
  instance_end_time.cpp
  boss_captain_skarloc.cpp
  boss_epoch_hunter.cpp
  boss_leutenant_drake.cpp
  instance_old_hillsbrad.cpp
  old_hillsbrad.cpp
  boss_aeonus.cpp
  instance_hour_of_twilight.cpp
  boss_chrono_lord_deja.cpp
  boss_temporus.cpp
  instance_the_black_morass.cpp
  the_black_morass.cpp
  instance_well_of_eternity.cpp
  instance_dire_maul.cpp
  boss_alysrazor.cpp
  boss_baleroc.cpp
  firelands.cpp
  instance_firelands.cpp
  boss_anraphet.cpp
  boss_earthrager_ptah.cpp
  boss_temple_guardian_anhuur.cpp
  halls_of_origination.cpp
  instance_halls_of_origination.cpp
  boss_general_husam.cpp
  boss_lockmaw.cpp
  instance_lost_city_of_the_tolvir.cpp
  boss_celebras_the_cursed.cpp
  boss_landslide.cpp
  boss_noxxion.cpp
  boss_princess_theradras.cpp
  instance_maraudon.cpp
  boss_onyxia.cpp
  instance_onyxias_lair.cpp
  instance_ragefire_chasm.cpp
  boss_amnennar_the_coldbringer.cpp
  boss_glutton.cpp
  boss_mordresh_fire_eye.cpp
  boss_tuten_kash.cpp
  instance_razorfen_downs.cpp
  razorfen_downs.cpp
  instance_razorfen_kraul.cpp
  razorfen_kraul.cpp
  boss_ayamiss.cpp
  boss_buru.cpp
  boss_kurinnaxx.cpp
  boss_moam.cpp
  boss_ossirian.cpp
  boss_rajaxx.cpp
  instance_ruins_of_ahnqiraj.cpp
  ruins_of_ahnqiraj.cpp
  boss_bug_trio.cpp
  boss_cthun.cpp
  boss_fankriss.cpp
  boss_huhuran.cpp
  boss_ouro.cpp
  boss_sartura.cpp
  boss_skeram.cpp
  boss_twinemperors.cpp
  boss_viscidus.cpp
  instance_temple_of_ahnqiraj.cpp
  mob_anubisath_sentinel.cpp
  temple_of_ahnqiraj.cpp
  instance_throne_of_the_four_winds.cpp
  instance_vortex_pinnacle.cpp
  vortex_pinnacle.cpp
  instance_wailing_caverns.cpp
  wailing_caverns.cpp
  boss_zum_rah.cpp
  instance_zulfarrak.cpp
  zulfarrak.cpp
  kezan.cpp
  maelstrom_script_loader.cpp
  zone_deepholm.cpp
  boss_corborus.cpp
  boss_high_priestess_azil.cpp
  boss_ozruk.cpp
  boss_slabhide.cpp
  instance_stonecore.cpp
  stonecore.cpp
  northrend_script_loader.cpp
  zone_borean_tundra.cpp
  zone_dalaran.cpp
  zone_dragonblight.cpp
  zone_grizzly_hills.cpp
  zone_howling_fjord.cpp
  zone_icecrown.cpp
  zone_sholazar_basin.cpp
  zone_storm_peaks.cpp
  zone_wintergrasp.cpp
  zone_zuldrak.cpp
  ahnkahet.cpp
  boss_amanitar.cpp
  boss_elder_nadox.cpp
  boss_herald_volazj.cpp
  boss_jedoga_shadowseeker.cpp
  boss_prince_taldaram.cpp
  instance_ahnkahet.cpp
  boss_anubarak.cpp
  boss_hadronox.cpp
  boss_krikthir_the_gatewatcher.cpp
  instance_azjol_nerub.cpp
  boss_sartharion.cpp
  instance_obsidian_sanctum.cpp
  obsidian_sanctum.cpp
  boss_baltharus_the_warborn.cpp
  boss_general_zarithrian.cpp
  boss_halion.cpp
  boss_saviana_ragefire.cpp
  instance_ruby_sanctum.cpp
  ruby_sanctum.cpp
  boss_argent_challenge.cpp
  boss_black_knight.cpp
  boss_grand_champions.cpp
  instance_trial_of_the_champion.cpp
  trial_of_the_champion.cpp
  boss_anubarak_trial.cpp
  boss_faction_champions.cpp
  boss_lord_jaraxxus.cpp
  boss_northrend_beasts.cpp
  boss_twin_valkyr.cpp
  instance_trial_of_the_crusader.cpp
  trial_of_the_crusader.cpp
  boss_king_dred.cpp
  boss_novos.cpp
  boss_tharon_ja.cpp
  boss_trollgore.cpp
  drak_tharon_keep.cpp
  instance_drak_tharon_keep.cpp
  boss_bronjahm.cpp
  boss_devourer_of_souls.cpp
  forge_of_souls.cpp
  instance_forge_of_souls.cpp
  boss_falric.cpp
  boss_horAI.cpp
  boss_marwyn.cpp
  halls_of_reflection.cpp
  instance_halls_of_reflection.cpp
  boss_forgemaster_garfrost.cpp
  boss_krickandick.cpp
  boss_scourgelord_tyrannus.cpp
  instance_pit_of_saron.cpp
  pit_of_saron.cpp
  boss_drakkari_colossus.cpp
  boss_eck.cpp
  boss_gal_darah.cpp
  boss_moorabi.cpp
  boss_slad_ran.cpp
  instance_gundrak.cpp
  boss_blood_prince_council.cpp
  boss_blood_queen_lana_thel.cpp
  boss_deathbringer_saurfang.cpp
  boss_festergut.cpp
  boss_icecrown_gunship_battle.cpp
  boss_lady_deathwhisper.cpp
  boss_lord_marrowgar.cpp
  boss_professor_putricide.cpp
  boss_rotface.cpp
  boss_sindragosa.cpp
  boss_sister_svalna.cpp
  boss_the_lich_king.cpp
  boss_valithria_dreamwalker.cpp
  go_icecrown_citadel_teleport.cpp
  icecrown_citadel.cpp
  instance_icecrown_citadel.cpp
  boss_anubrekhan.cpp
  boss_faerlina.cpp
  boss_four_horsemen.cpp
  boss_gluth.cpp
  boss_gothik.cpp
  boss_grobbulus.cpp
  boss_heigan.cpp
  boss_kelthuzad.cpp
  boss_loatheb.cpp
  boss_maexxna.cpp
  boss_noth.cpp
  boss_patchwerk.cpp
  boss_razuvious.cpp
  boss_sapphiron.cpp
  boss_thaddius.cpp
  instance_naxxramas.cpp
  naxxramas.cpp
  boss_malygos.cpp
  instance_eye_of_eternity.cpp
  boss_anomalus.cpp
  boss_keristrasza.cpp
  boss_magus_telestra.cpp
  boss_nexus_commanders.cpp
  boss_ormorok.cpp
  instance_nexus.cpp
  boss_drakos.cpp
  boss_eregos.cpp
  boss_urom.cpp
  boss_varos.cpp
  instance_oculus.cpp
  oculus.cpp
  boss_general_bjarngrim.cpp
  boss_ionar.cpp
  boss_loken.cpp
  boss_volkhan.cpp
  instance_halls_of_lightning.cpp
  boss_krystallus.cpp
  boss_maiden_of_grief.cpp
  boss_sjonnir.cpp
  halls_of_stone.cpp
  instance_halls_of_stone.cpp
  boss_algalon_the_observer.cpp
  boss_assembly_of_iron.cpp
  boss_auriaya.cpp
  boss_flame_leviathan.cpp
  boss_freya.cpp
  boss_general_vezax.cpp
  boss_hodir.cpp
  boss_ignis.cpp
  boss_kologarn.cpp
  boss_mimiron.cpp
  boss_razorscale.cpp
  boss_thorim.cpp
  boss_xt002.cpp
  boss_yogg_saron.cpp
  instance_ulduar.cpp
  ulduar.cpp
  boss_ingvar_the_plunderer.cpp
  boss_keleseth.cpp
  boss_skarvald_dalronn.cpp
  instance_utgarde_keep.cpp
  utgarde_keep.cpp
  boss_palehoof.cpp
  boss_skadi.cpp
  boss_svala.cpp
  boss_ymiron.cpp
  instance_utgarde_pinnacle.cpp
  utgarde_pinnacle.cpp
  boss_archavon.cpp
  boss_emalon.cpp
  boss_koralon.cpp
  boss_toravon.cpp
  instance_vault_of_archavon.cpp
  boss_cyanigosa.cpp
  boss_erekem.cpp
  boss_ichoron.cpp
  boss_lavanthor.cpp
  boss_moragg.cpp
  boss_xevozz.cpp
  boss_zuramat.cpp
  instance_violet_hold.cpp
  violet_hold.cpp
  OutdoorPvPHP.cpp
  OutdoorPvPNA.cpp
  OutdoorPvPSI.cpp
  OutdoorPvPScriptLoader.cpp
  OutdoorPvPTF.cpp
  OutdoorPvPZM.cpp
  boss_doomlord_kazzak.cpp
  boss_doomwalker.cpp
  outland_script_loader.cpp
  zone_blades_edge_mountains.cpp
  zone_hellfire_peninsula.cpp
  zone_nagrand.cpp
  zone_netherstorm.cpp
  zone_shadowmoon_valley.cpp
  zone_terokkar_forest.cpp
  zone_zangarmarsh.cpp
  boss_exarch_maladaar.cpp
  boss_shirrak_the_dead_watcher.cpp
  instance_auchenai_crypts.cpp
  boss_nexusprince_shaffar.cpp
  boss_pandemonius.cpp
  instance_mana_tombs.cpp
  mana_tombs.cpp
  boss_anzu.cpp
  boss_darkweaver_syth.cpp
  boss_talon_king_ikiss.cpp
  instance_sethekk_halls.cpp
  boss_ambassador_hellmaw.cpp
  boss_blackheart_the_inciter.cpp
  boss_grandmaster_vorpil.cpp
  boss_murmur.cpp
  instance_shadow_labyrinth.cpp
  shadow_labyrinth.cpp
  black_temple.cpp
  boss_gurtogg_bloodboil.cpp
  boss_illidan.cpp
  boss_illidari_council.cpp
  boss_mother_shahraz.cpp
  boss_reliquary_of_souls.cpp
  boss_shade_of_akama.cpp
  boss_supremus.cpp
  boss_teron_gorefiend.cpp
  boss_warlord_najentus.cpp
  instance_black_temple.cpp
  boss_fathomlord_karathress.cpp
  boss_hydross_the_unstable.cpp
  boss_lady_vashj.cpp
  boss_leotheras_the_blind.cpp
  boss_lurker_below.cpp
  boss_morogrim_tidewalker.cpp
  instance_serpent_shrine.cpp
  boss_hydromancer_thespia.cpp
  boss_mekgineer_steamrigger.cpp
  boss_warlord_kalithresh.cpp
  instance_steam_vault.cpp
  steam_vault.cpp
  boss_ahune.cpp
  boss_mennu_the_betrayer.cpp
  boss_quagmirran.cpp
  boss_rokmar_the_crackler.cpp
  instance_the_slave_pens.cpp
  boss_hungarfen.cpp
  boss_swamplord_muselek.cpp
  boss_the_black_stalker.cpp
  instance_the_underbog.cpp
  boss_gruul.cpp
  boss_high_king_maulgar.cpp
  instance_gruuls_lair.cpp
  boss_broggok.cpp
  boss_kelidan_the_breaker.cpp
  boss_the_maker.cpp
  instance_blood_furnace.cpp
  boss_omor_the_unscarred.cpp
  boss_vazruden_the_herald.cpp
  boss_watchkeeper_gargolmar.cpp
  instance_hellfire_ramparts.cpp
  boss_magtheridon.cpp
  instance_magtheridons_lair.cpp
  boss_nethekurse.cpp
  boss_warbringer_omrogg.cpp
  boss_warchief_kargath_bladefist.cpp
  instance_shattered_halls.cpp
  shattered_halls.cpp
  boss_alar.cpp
  boss_astromancer.cpp
  boss_kaelthas.cpp
  boss_void_reaver.cpp
  instance_the_eye.cpp
  boss_gatewatcher_gyrokill.cpp
  boss_gatewatcher_ironhand.cpp
  boss_mechano_lord_capacitus.cpp
  boss_nethermancer_sepethrea.cpp
  boss_pathaleon_the_calculator.cpp
  instance_mechanar.cpp
  arcatraz.cpp
  boss_dalliah_the_doomsayer.cpp
  boss_harbinger_skyriss.cpp
  boss_wrath_scryer_soccothrates.cpp
  boss_zereketh_the_unbound.cpp
  instance_arcatraz.cpp
  boss_commander_sarannis.cpp
  boss_high_botanist_freywinn.cpp
  boss_laj.cpp
  boss_thorngrin_the_tender.cpp
  boss_warp_splinter.cpp
  instance_the_botanica.cpp
  pet_dk.cpp
  pet_generic.cpp
  pet_hunter.cpp
  pet_mage.cpp
  pet_priest.cpp
  pet_script_loader.cpp
  pet_shaman.cpp
  PlayerbotAIConfig.cpp
  AcceptBattlegroundInvitationAction.cpp
  AcceptDuelAction.cpp
  AcceptInvitationAction.cpp
  AcceptQuestAction.cpp
  AcceptResurrectAction.cpp
  AddLootAction.cpp
  AreaTriggerAction.cpp
  ArenaTeamActions.cpp
  AttackAction.cpp
  AutoMaintenanceOnLevelupAction.cpp
  BankAction.cpp
  BattleGroundJoinAction.cpp
  BattleGroundTactics.cpp
  BossAuraActions.cpp
  BuffAction.cpp
  BuyAction.cpp
  CancelChannelAction.cpp
  CastCustomSpellAction.cpp
  ChangeChatAction.cpp
  ChangeStrategyAction.cpp
  ChangeTalentsAction.cpp
  ChatShortcutActions.cpp
E:\1.ClassicCataSlym\TrinityCoreCataClassic\src\server\scripts\Playerbots\Ai\Base\Actions\AcceptQuestAction.cpp(126,25): error C2039: "GetDivider": 不是 "Player" 的成员 [E:\1.ClassicCataSlym\CataslymBuild\src\server\scripts\scripts.vcxproj]
  (编译源文件“../../../../TrinityCoreCataClassic/src/server/scripts/Playerbots/Ai/Base/Actions/AcceptQuestAction.cpp”)
      E:\1.ClassicCataSlym\TrinityCoreCataClassic\src\server\game\Entities\Player\Player.h(1147,19):
      参见“Player”的声明
  
E:\1.ClassicCataSlym\TrinityCoreCataClassic\src\server\scripts\Playerbots\Ai\Base\Actions\AcceptQuestAction.cpp(133,14): error C2039: "SetDivider": 不是 "Player" 的成员 [E:\1.ClassicCataSlym\CataslymBuild\src\server\scripts\scripts.vcxproj]
  (编译源文件“../../../../TrinityCoreCataClassic/src/server/scripts/Playerbots/Ai/Base/Actions/AcceptQuestAction.cpp”)
      E:\1.ClassicCataSlym\TrinityCoreCataClassic\src\server\game\Entities\Player\Player.h(1147,19):
      参见“Player”的声明
  
E:\1.ClassicCataSlym\TrinityCoreCataClassic\src\server\scripts\Playerbots\Ai\Base\Actions\AcceptQuestAction.cpp(143,14): error C2039: "SetDivider": 不是 "Player" 的成员 [E:\1.ClassicCataSlym\CataslymBuild\src\server\scripts\scripts.vcxproj]
  (编译源文件“../../../../TrinityCoreCataClassic/src/server/scripts/Playerbots/Ai/Base/Actions/AcceptQuestAction.cpp”)
      E:\1.ClassicCataSlym\TrinityCoreCataClassic\src\server\game\Entities\Player\Player.h(1147,19):
      参见“Player”的声明
  
E:\1.ClassicCataSlym\TrinityCoreCataClassic\src\server\scripts\Playerbots\Ai\Base\Actions\AcceptQuestAction.cpp(150,14): error C2039: "GetDivider": 不是 "Player" 的成员 [E:\1.ClassicCataSlym\CataslymBuild\src\server\scripts\scripts.vcxproj]
  (编译源文件“../../../../TrinityCoreCataClassic/src/server/scripts/Playerbots/Ai/Base/Actions/AcceptQuestAction.cpp”)
      E:\1.ClassicCataSlym\TrinityCoreCataClassic\src\server\game\Entities\Player\Player.h(1147,19):
      参见“Player”的声明
  
E:\1.ClassicCataSlym\TrinityCoreCataClassic\src\server\scripts\Playerbots\Ai\Base\Actions\AcceptQuestAction.cpp(154,14): error C2039: "SetDivider": 不是 "Player" 的成员 [E:\1.ClassicCataSlym\CataslymBuild\src\server\scripts\scripts.vcxproj]
  (编译源文件“../../../../TrinityCoreCataClassic/src/server/scripts/Playerbots/Ai/Base/Actions/AcceptQuestAction.cpp”)
      E:\1.ClassicCataSlym\TrinityCoreCataClassic\src\server\game\Entities\Player\Player.h(1147,19):
      参见“Player”的声明
  
E:\1.ClassicCataSlym\TrinityCoreCataClassic\src\server\scripts\Playerbots\Ai\Base\Actions\ArenaTeamActions.cpp(44,48): error C2039: "GetPersonalArenaTeams": 不是 "ArenaTeamMgr" 的成员 [E:\1.ClassicCataSlym\CataslymBuild\src\server\scripts\scripts.vcxproj]
  (编译源文件“../../../../TrinityCoreCataClassic/src/server/scripts/Playerbots/Ai/Base/Actions/ArenaTeamActions.cpp”)
      E:\1.ClassicCataSlym\TrinityCoreCataClassic\src\server\game\Battlegrounds\ArenaTeamMgr.h(24,19):
      参见“ArenaTeamMgr”的声明
  
E:\1.ClassicCataSlym\TrinityCoreCataClassic\src\server\scripts\Playerbots\Ai\Base\Actions\ArenaTeamActions.cpp(44,31): error C2530: “personalTeams”: 必须初始化引用 [E:\1.ClassicCataSlym\CataslymBuild\src\server\scripts\scripts.vcxproj]
  (编译源文件“../../../../TrinityCoreCataClassic/src/server/scripts/Playerbots/Ai/Base/Actions/ArenaTeamActions.cpp”)
  
E:\1.ClassicCataSlym\TrinityCoreCataClassic\src\server\scripts\Playerbots\Ai\Base\Actions\ArenaTeamActions.cpp(45,26): error C3536: “personalTeams”: 初始化之前无法使用 [E:\1.ClassicCataSlym\CataslymBuild\src\server\scripts\scripts.vcxproj]
  (编译源文件“../../../../TrinityCoreCataClassic/src/server/scripts/Playerbots/Ai/Base/Actions/ArenaTeamActions.cpp”)
  
E:\1.ClassicCataSlym\TrinityCoreCataClassic\src\server\scripts\Playerbots\Ai\Base\Actions\ArenaTeamActions.cpp(50,27): error C2530: “stats”: 必须初始化引用 [E:\1.ClassicCataSlym\CataslymBuild\src\server\scripts\scripts.vcxproj]
  (编译源文件“../../../../TrinityCoreCataClassic/src/server/scripts/Playerbots/Ai/Base/Actions/ArenaTeamActions.cpp”)
  
E:\1.ClassicCataSlym\TrinityCoreCataClassic\src\server\scripts\Playerbots\Ai\Base\Actions\ArenaTeamActions.cpp(54,17): error C3536: “stats”: 初始化之前无法使用 [E:\1.ClassicCataSlym\CataslymBuild\src\server\scripts\scripts.vcxproj]
  (编译源文件“../../../../TrinityCoreCataClassic/src/server/scripts/Playerbots/Ai/Base/Actions/ArenaTeamActions.cpp”)
  
E:\1.ClassicCataSlym\TrinityCoreCataClassic\src\server\scripts\Playerbots\Ai\Base\Actions\ArenaTeamActions.cpp(54,27): error C2109: 下标要求数组或指针类型 [E:\1.ClassicCataSlym\CataslymBuild\src\server\scripts\scripts.vcxproj]
  (编译源文件“../../../../TrinityCoreCataClassic/src/server/scripts/Playerbots/Ai/Base/Actions/ArenaTeamActions.cpp”)
  
E:\1.ClassicCataSlym\TrinityCoreCataClassic\src\server\scripts\Playerbots\Ai\Base\Actions\ArenaTeamActions.cpp(77,13): error C2065: “PersonalArenaStats”: 未声明的标识符 [E:\1.ClassicCataSlym\CataslymBuild\src\server\scripts\scripts.vcxproj]
  (编译源文件“../../../../TrinityCoreCataClassic/src/server/scripts/Playerbots/Ai/Base/Actions/ArenaTeamActions.cpp”)
  
E:\1.ClassicCataSlym\TrinityCoreCataClassic\src\server\scripts\Playerbots\Ai\Base\Actions\ArenaTeamActions.cpp(77,32): error C2146: 语法错误: 缺少“;”(在标识符“stats”的前面) [E:\1.ClassicCataSlym\CataslymBuild\src\server\scripts\scripts.vcxproj]
  (编译源文件“../../../../TrinityCoreCataClassic/src/server/scripts/Playerbots/Ai/Base/Actions/ArenaTeamActions.cpp”)
  
E:\1.ClassicCataSlym\TrinityCoreCataClassic\src\server\scripts\Playerbots\Ai\Base\Actions\ArenaTeamActions.cpp(77,32): error C2065: “stats”: 未声明的标识符 [E:\1.ClassicCataSlym\CataslymBuild\src\server\scripts\scripts.vcxproj]
  (编译源文件“../../../../TrinityCoreCataClassic/src/server/scripts/Playerbots/Ai/Base/Actions/ArenaTeamActions.cpp”)
  
E:\1.ClassicCataSlym\TrinityCoreCataClassic\src\server\scripts\Playerbots\Ai\Base\Actions\ArenaTeamActions.cpp(78,13): error C2065: “stats”: 未声明的标识符 [E:\1.ClassicCataSlym\CataslymBuild\src\server\scripts\scripts.vcxproj]
  (编译源文件“../../../../TrinityCoreCataClassic/src/server/scripts/Playerbots/Ai/Base/Actions/ArenaTeamActions.cpp”)
  
E:\1.ClassicCataSlym\TrinityCoreCataClassic\src\server\scripts\Playerbots\Ai\Base\Actions\ArenaTeamActions.cpp(79,13): error C2065: “stats”: 未声明的标识符 [E:\1.ClassicCataSlym\CataslymBuild\src\server\scripts\scripts.vcxproj]
  (编译源文件“../../../../TrinityCoreCataClassic/src/server/scripts/Playerbots/Ai/Base/Actions/ArenaTeamActions.cpp”)
  
E:\1.ClassicCataSlym\TrinityCoreCataClassic\src\server\scripts\Playerbots\Ai\Base\Actions\ArenaTeamActions.cpp(80,28): error C2039: "AddPersonalArenaTeam": 不是 "ArenaTeamMgr" 的成员 [E:\1.ClassicCataSlym\CataslymBuild\src\server\scripts\scripts.vcxproj]
  (编译源文件“../../../../TrinityCoreCataClassic/src/server/scripts/Playerbots/Ai/Base/Actions/ArenaTeamActions.cpp”)
      E:\1.ClassicCataSlym\TrinityCoreCataClassic\src\server\game\Battlegrounds\ArenaTeamMgr.h(24,19):
      参见“ArenaTeamMgr”的声明
  
E:\1.ClassicCataSlym\TrinityCoreCataClassic\src\server\scripts\Playerbots\Ai\Base\Actions\ArenaTeamActions.cpp(80,60): error C2065: “stats”: 未声明的标识符 [E:\1.ClassicCataSlym\CataslymBuild\src\server\scripts\scripts.vcxproj]
  (编译源文件“../../../../TrinityCoreCataClassic/src/server/scripts/Playerbots/Ai/Base/Actions/ArenaTeamActions.cpp”)
  
  CheatAction.cpp
  CheckMailAction.cpp
E:\1.ClassicCataSlym\TrinityCoreCataClassic\src\server\scripts\Playerbots\Ai\Base\Actions\BattleGroundJoinAction.cpp(46,57): error C2039: "BGArenaType": 不是 "BattlegroundMgr" 的成员 [E:\1.ClassicCataSlym\CataslymBuild\src\server\scripts\scripts.vcxproj]
  (编译源文件“../../../../TrinityCoreCataClassic/src/server/scripts/Playerbots/Ai/Base/Actions/BattleGroundJoinAction.cpp”)
      E:\1.ClassicCataSlym\TrinityCoreCataClassic\src\server\game\Battlegrounds\BattlegroundMgr.h(84,19):
      参见“BattlegroundMgr”的声明
  
E:\1.ClassicCataSlym\TrinityCoreCataClassic\src\server\scripts\Playerbots\Ai\Base\Actions\BattleGroundJoinAction.cpp(46,57): error C3861: “BGArenaType”: 找不到标识符 [E:\1.ClassicCataSlym\CataslymBuild\src\server\scripts\scripts.vcxproj]
  (编译源文件“../../../../TrinityCoreCataClassic/src/server/scripts/Playerbots/Ai/Base/Actions/BattleGroundJoinAction.cpp”)
  
E:\1.ClassicCataSlym\TrinityCoreCataClassic\src\server\scripts\Playerbots\Ai\Base\Actions\BattleGroundJoinAction.cpp(70,43): error C2660: “ArenaTeamMgr::GetArenaTeamByCaptain”: 函数不接受 2 个参数 [E:\1.ClassicCataSlym\CataslymBuild\src\server\scripts\scripts.vcxproj]
  (编译源文件“../../../../TrinityCoreCataClassic/src/server/scripts/Playerbots/Ai/Base/Actions/BattleGroundJoinAction.cpp”)
      E:\1.ClassicCataSlym\TrinityCoreCataClassic\src\server\game\Battlegrounds\ArenaTeamMgr.h(42,16):
      参见“ArenaTeamMgr::GetArenaTeamByCaptain”的声明
      E:\1.ClassicCataSlym\TrinityCoreCataClassic\src\server\scripts\Playerbots\Ai\Base\Actions\BattleGroundJoinAction.cpp(70,43):
      尝试匹配参数列表“(const ObjectGuid, ArenaType)”时
  
E:\1.ClassicCataSlym\TrinityCoreCataClassic\src\server\scripts\Playerbots\Ai\Base\Actions\BattleGroundJoinAction.cpp(81,59): error C2039: "GetMembers": 不是 "ArenaTeam" 的成员 [E:\1.ClassicCataSlym\CataslymBuild\src\server\scripts\scripts.vcxproj]
  (编译源文件“../../../../TrinityCoreCataClassic/src/server/scripts/Playerbots/Ai/Base/Actions/BattleGroundJoinAction.cpp”)
      E:\1.ClassicCataSlym\TrinityCoreCataClassic\src\server\game\Battlegrounds\ArenaTeam.h(111,19):
      参见“ArenaTeam”的声明
  
E:\1.ClassicCataSlym\TrinityCoreCataClassic\src\server\scripts\Playerbots\Ai\Base\Actions\BattleGroundJoinAction.cpp(81,99): error C2039: "GetMembers": 不是 "ArenaTeam" 的成员 [E:\1.ClassicCataSlym\CataslymBuild\src\server\scripts\scripts.vcxproj]
  (编译源文件“../../../../TrinityCoreCataClassic/src/server/scripts/Playerbots/Ai/Base/Actions/BattleGroundJoinAction.cpp”)
      E:\1.ClassicCataSlym\TrinityCoreCataClassic\src\server\game\Battlegrounds\ArenaTeam.h(111,19):
      参见“ArenaTeam”的声明
  
E:\1.ClassicCataSlym\TrinityCoreCataClassic\src\server\scripts\Playerbots\Ai\Base\Actions\BattleGroundJoinAction.cpp(252,49): error C2039: "BGArenaType": 不是 "BattlegroundMgr" 的成员 [E:\1.ClassicCataSlym\CataslymBuild\src\server\scripts\scripts.vcxproj]
  (编译源文件“../../../../TrinityCoreCataClassic/src/server/scripts/Playerbots/Ai/Base/Actions/BattleGroundJoinAction.cpp”)
      E:\1.ClassicCataSlym\TrinityCoreCataClassic\src\server\game\Battlegrounds\BattlegroundMgr.h(84,19):
      参见“BattlegroundMgr”的声明
  
E:\1.ClassicCataSlym\TrinityCoreCataClassic\src\server\scripts\Playerbots\Ai\Base\Actions\BattleGroundJoinAction.cpp(252,49): error C3861: “BGArenaType”: 找不到标识符 [E:\1.ClassicCataSlym\CataslymBuild\src\server\scripts\scripts.vcxproj]
  (编译源文件“../../../../TrinityCoreCataClassic/src/server/scripts/Playerbots/Ai/Base/Actions/BattleGroundJoinAction.cpp”)
  
E:\1.ClassicCataSlym\TrinityCoreCataClassic\src\server\scripts\Playerbots\Ai\Base\Actions\BattleGroundJoinAction.cpp(272,32): error C2660: “ArenaTeamMgr::GetArenaTeamByCaptain”: 函数不接受 2 个参数 [E:\1.ClassicCataSlym\CataslymBuild\src\server\scripts\scripts.vcxproj]
  (编译源文件“../../../../TrinityCoreCataClassic/src/server/scripts/Playerbots/Ai/Base/Actions/BattleGroundJoinAction.cpp”)
      E:\1.ClassicCataSlym\TrinityCoreCataClassic\src\server\game\Battlegrounds\ArenaTeamMgr.h(42,16):
      参见“ArenaTeamMgr::GetArenaTeamByCaptain”的声明
      E:\1.ClassicCataSlym\TrinityCoreCataClassic\src\server\scripts\Playerbots\Ai\Base\Actions\BattleGroundJoinAction.cpp(272,32):
      尝试匹配参数列表“(const ObjectGuid, ArenaType)”时
  
E:\1.ClassicCataSlym\TrinityCoreCataClassic\src\server\scripts\Playerbots\Ai\Base\Actions\BattleGroundJoinAction.cpp(451,54): error C2039: "BGArenaType": 不是 "BattlegroundMgr" 的成员 [E:\1.ClassicCataSlym\CataslymBuild\src\server\scripts\scripts.vcxproj]
  (编译源文件“../../../../TrinityCoreCataClassic/src/server/scripts/Playerbots/Ai/Base/Actions/BattleGroundJoinAction.cpp”)
      E:\1.ClassicCataSlym\TrinityCoreCataClassic\src\server\game\Battlegrounds\BattlegroundMgr.h(84,19):
      参见“BattlegroundMgr”的声明
  
E:\1.ClassicCataSlym\TrinityCoreCataClassic\src\server\scripts\Playerbots\Ai\Base\Actions\BattleGroundJoinAction.cpp(451,54): error C3861: “BGArenaType”: 找不到标识符 [E:\1.ClassicCataSlym\CataslymBuild\src\server\scripts\scripts.vcxproj]
  (编译源文件“../../../../TrinityCoreCataClassic/src/server/scripts/Playerbots/Ai/Base/Actions/BattleGroundJoinAction.cpp”)
  
E:\1.ClassicCataSlym\TrinityCoreCataClassic\src\server\scripts\Playerbots\Ai\Base\Actions\BattleGroundJoinAction.cpp(564,62): error C2280: “ByteBuffer &ByteBuffer::operator <<(bool)”: 尝试引用已删除的函数 [E:\1.ClassicCataSlym\CataslymBuild\src\server\scripts\scripts.vcxproj]
  (编译源文件“../../../../TrinityCoreCataClassic/src/server/scripts/Playerbots/Ai/Base/Actions/BattleGroundJoinAction.cpp”)
      E:\1.ClassicCataSlym\TrinityCoreCataClassic\src\server\shared\Packets\ByteBuffer.h(274,21):
      参见“ByteBuffer::operator <<”的声明
  
E:\1.ClassicCataSlym\TrinityCoreCataClassic\src\server\scripts\Playerbots\Ai\Base\Actions\BattleGroundJoinAction.cpp(564,65): warning C4804: '<<': 在操作中使用类型 'bool' 不安全 [E:\1.ClassicCataSlym\CataslymBuild\src\server\scripts\scripts.vcxproj]
  (编译源文件“../../../../TrinityCoreCataClassic/src/server/scripts/Playerbots/Ai/Base/Actions/BattleGroundJoinAction.cpp”)
  
E:\1.ClassicCataSlym\TrinityCoreCataClassic\src\server\scripts\Playerbots\Ai\Base\Actions\BattleGroundJoinAction.cpp(564,62): error C2088: 内置运算符 '<<' 无法应用于类型为 'ByteBuffer' 的操作数 [E:\1.ClassicCataSlym\CataslymBuild\src\server\scripts\scripts.vcxproj]
  (编译源文件“../../../../TrinityCoreCataClassic/src/server/scripts/Playerbots/Ai/Base/Actions/BattleGroundJoinAction.cpp”)
  
E:\1.ClassicCataSlym\TrinityCoreCataClassic\src\server\scripts\Playerbots\Ai\Base\Actions\BattleGroundJoinAction.cpp(593,49): error C2039: "BGArenaType": 不是 "BattlegroundMgr" 的成员 [E:\1.ClassicCataSlym\CataslymBuild\src\server\scripts\scripts.vcxproj]
  (编译源文件“../../../../TrinityCoreCataClassic/src/server/scripts/Playerbots/Ai/Base/Actions/BattleGroundJoinAction.cpp”)
      E:\1.ClassicCataSlym\TrinityCoreCataClassic\src\server\game\Battlegrounds\BattlegroundMgr.h(84,19):
      参见“BattlegroundMgr”的声明
  
E:\1.ClassicCataSlym\TrinityCoreCataClassic\src\server\scripts\Playerbots\Ai\Base\Actions\BattleGroundJoinAction.cpp(593,49): error C3861: “BGArenaType”: 找不到标识符 [E:\1.ClassicCataSlym\CataslymBuild\src\server\scripts\scripts.vcxproj]
  (编译源文件“../../../../TrinityCoreCataClassic/src/server/scripts/Playerbots/Ai/Base/Actions/BattleGroundJoinAction.cpp”)
  
E:\1.ClassicCataSlym\TrinityCoreCataClassic\src\server\scripts\Playerbots\Ai\Base\Actions\BattleGroundJoinAction.cpp(613,32): error C2660: “ArenaTeamMgr::GetArenaTeamByCaptain”: 函数不接受 2 个参数 [E:\1.ClassicCataSlym\CataslymBuild\src\server\scripts\scripts.vcxproj]
  (编译源文件“../../../../TrinityCoreCataClassic/src/server/scripts/Playerbots/Ai/Base/Actions/BattleGroundJoinAction.cpp”)
      E:\1.ClassicCataSlym\TrinityCoreCataClassic\src\server\game\Battlegrounds\ArenaTeamMgr.h(42,16):
      参见“ArenaTeamMgr::GetArenaTeamByCaptain”的声明
      E:\1.ClassicCataSlym\TrinityCoreCataClassic\src\server\scripts\Playerbots\Ai\Base\Actions\BattleGroundJoinAction.cpp(613,32):
      尝试匹配参数列表“(const ObjectGuid, ArenaType)”时
  
E:\1.ClassicCataSlym\TrinityCoreCataClassic\src\server\scripts\Playerbots\Ai\Base\Actions\BattleGroundJoinAction.cpp(684,54): error C2039: "BGArenaType": 不是 "BattlegroundMgr" 的成员 [E:\1.ClassicCataSlym\CataslymBuild\src\server\scripts\scripts.vcxproj]
  (编译源文件“../../../../TrinityCoreCataClassic/src/server/scripts/Playerbots/Ai/Base/Actions/BattleGroundJoinAction.cpp”)
      E:\1.ClassicCataSlym\TrinityCoreCataClassic\src\server\game\Battlegrounds\BattlegroundMgr.h(84,19):
      参见“BattlegroundMgr”的声明
  
E:\1.ClassicCataSlym\TrinityCoreCataClassic\src\server\scripts\Playerbots\Ai\Base\Actions\BattleGroundJoinAction.cpp(684,54): error C3861: “BGArenaType”: 找不到标识符 [E:\1.ClassicCataSlym\CataslymBuild\src\server\scripts\scripts.vcxproj]
  (编译源文件“../../../../TrinityCoreCataClassic/src/server/scripts/Playerbots/Ai/Base/Actions/BattleGroundJoinAction.cpp”)
  
E:\1.ClassicCataSlym\TrinityCoreCataClassic\src\server\scripts\Playerbots\Ai\Base\Actions\BattleGroundJoinAction.cpp(846,44): error C2451: 类型为“BattlegroundQueueTypeId”的条件表达式无效 [E:\1.ClassicCataSlym\CataslymBuild\src\server\scripts\scripts.vcxproj]
  (编译源文件“../../../../TrinityCoreCataClassic/src/server/scripts/Playerbots/Ai/Base/Actions/BattleGroundJoinAction.cpp”)
      E:\1.ClassicCataSlym\TrinityCoreCataClassic\src\server\scripts\Playerbots\Ai\Base\Actions\BattleGroundJoinAction.cpp(846,44):
      没有可用于执行该转换的用户定义的转换运算符，或者无法调用该运算符
  
E:\1.ClassicCataSlym\TrinityCoreCataClassic\src\server\scripts\Playerbots\Ai\Base\Actions\BattleGroundJoinAction.cpp(883,10): error C2678: 二进制“!”: 没有找到接受“BattlegroundQueueTypeId”类型的左操作数的运算符(或没有可接受的转换) [E:\1.ClassicCataSlym\CataslymBuild\src\server\scripts\scripts.vcxproj]
  (编译源文件“../../../../TrinityCoreCataClassic/src/server/scripts/Playerbots/Ai/Base/Actions/BattleGroundJoinAction.cpp”)
      E:\1.ClassicCataSlym\TrinityCoreCataClassic\src\server\scripts\Playerbots\Ai\Base\Actions\BattleGroundJoinAction.cpp(883,10):
      可以是“内置 C++ operator!(bool)”
          E:\1.ClassicCataSlym\TrinityCoreCataClassic\src\server\scripts\Playerbots\Ai\Base\Actions\BattleGroundJoinAction.cpp(883,10):
          “!”: 无法将参数 1 从“BattlegroundQueueTypeId”转换为“bool”
      E:\1.ClassicCataSlym\TrinityCoreCataClassic\src\server\scripts\Playerbots\Ai\Base\Actions\BattleGroundJoinAction.cpp(883,10):
      尝试匹配参数列表“(BattlegroundQueueTypeId)”时
  
E:\1.ClassicCataSlym\TrinityCoreCataClassic\src\server\scripts\Playerbots\Ai\Base\Actions\BattleGroundJoinAction.cpp(883,9): error C2088: 内置运算符 '!' 无法应用于类型为 'BattlegroundQueueTypeId' 的操作数 [E:\1.ClassicCataSlym\CataslymBuild\src\server\scripts\scripts.vcxproj]
  (编译源文件“../../../../TrinityCoreCataClassic/src/server/scripts/Playerbots/Ai/Base/Actions/BattleGroundJoinAction.cpp”)
  
E:\1.ClassicCataSlym\TrinityCoreCataClassic\src\server\scripts\Playerbots\Ai\Base\Actions\BattleGroundJoinAction.cpp(906,54): error C2039: "BGArenaType": 不是 "BattlegroundMgr" 的成员 [E:\1.ClassicCataSlym\CataslymBuild\src\server\scripts\scripts.vcxproj]
  (编译源文件“../../../../TrinityCoreCataClassic/src/server/scripts/Playerbots/Ai/Base/Actions/BattleGroundJoinAction.cpp”)
      E:\1.ClassicCataSlym\TrinityCoreCataClassic\src\server\game\Battlegrounds\BattlegroundMgr.h(84,19):
      参见“BattlegroundMgr”的声明
  
E:\1.ClassicCataSlym\TrinityCoreCataClassic\src\server\scripts\Playerbots\Ai\Base\Actions\BattleGroundJoinAction.cpp(906,54): error C3861: “BGArenaType”: 找不到标识符 [E:\1.ClassicCataSlym\CataslymBuild\src\server\scripts\scripts.vcxproj]
  (编译源文件“../../../../TrinityCoreCataClassic/src/server/scripts/Playerbots/Ai/Base/Actions/BattleGroundJoinAction.cpp”)
  
E:\1.ClassicCataSlym\TrinityCoreCataClassic\src\server\scripts\Playerbots\PlayerbotAIConfig.cpp(1311,44): error C2039: "PetTalentMask": 不是 "TalentTabEntry" 的成员 [E:\1.ClassicCataSlym\CataslymBuild\src\server\scripts\scripts.vcxproj]
  (编译源文件“../../../../TrinityCoreCataClassic/src/server/scripts/Playerbots/PlayerbotAIConfig.cpp”)
      E:\1.ClassicCataSlym\TrinityCoreCataClassic\src\server\game\DataStores\DB2Structure.h(3706,8):
      参见“TalentTabEntry”的声明
  
E:\1.ClassicCataSlym\TrinityCoreCataClassic\src\server\scripts\Playerbots\Ai\Base\Actions\BattleGroundTactics.cpp(166,39): error C2065: “GO_ALLIANCE_BANNER_GRAVEYARD_A”: 未声明的标识符 [E:\1.ClassicCataSlym\CataslymBuild\src\server\scripts\scripts.vcxproj]
  (编译源文件“../../../../TrinityCoreCataClassic/src/server/scripts/Playerbots/Ai/Base/Actions/BattleGroundTactics.cpp”)
  
E:\1.ClassicCataSlym\TrinityCoreCataClassic\src\server\scripts\Playerbots\Ai\Base\Actions\BattleGroundTactics.cpp(167,39): error C2065: “GO_ALLIANCE_BANNER_GRAVEYARD_A_CONT”: 未声明的标识符 [E:\1.ClassicCataSlym\CataslymBuild\src\server\scripts\scripts.vcxproj]
  (编译源文件“../../../../TrinityCoreCataClassic/src/server/scripts/Playerbots/Ai/Base/Actions/BattleGroundTactics.cpp”)
  
E:\1.ClassicCataSlym\TrinityCoreCataClassic\src\server\scripts\Playerbots\Ai\Base\Actions\BattleGroundTactics.cpp(168,39): error C2065: “GO_HORDE_BANNER_GRAVEYARD_A”: 未声明的标识符 [E:\1.ClassicCataSlym\CataslymBuild\src\server\scripts\scripts.vcxproj]
  (编译源文件“../../../../TrinityCoreCataClassic/src/server/scripts/Playerbots/Ai/Base/Actions/BattleGroundTactics.cpp”)
  
E:\1.ClassicCataSlym\TrinityCoreCataClassic\src\server\scripts\Playerbots\Ai\Base\Actions\BattleGroundTactics.cpp(169,39): error C2065: “GO_HORDE_BANNER_GRAVEYARD_A_CONT”: 未声明的标识符 [E:\1.ClassicCataSlym\CataslymBuild\src\server\scripts\scripts.vcxproj]
  (编译源文件“../../../../TrinityCoreCataClassic/src/server/scripts/Playerbots/Ai/Base/Actions/BattleGroundTactics.cpp”)
  
E:\1.ClassicCataSlym\TrinityCoreCataClassic\src\server\scripts\Playerbots\Ai\Base\Actions\BattleGroundTactics.cpp(170,39): error C2065: “GO_ALLIANCE_BANNER_GRAVEYARD_H”: 未声明的标识符 [E:\1.ClassicCataSlym\CataslymBuild\src\server\scripts\scripts.vcxproj]
  (编译源文件“../../../../TrinityCoreCataClassic/src/server/scripts/Playerbots/Ai/Base/Actions/BattleGroundTactics.cpp”)
  
E:\1.ClassicCataSlym\TrinityCoreCataClassic\src\server\scripts\Playerbots\Ai\Base\Actions\BattleGroundTactics.cpp(171,39): error C2065: “GO_ALLIANCE_BANNER_GRAVEYARD_H_CONT”: 未声明的标识符 [E:\1.ClassicCataSlym\CataslymBuild\src\server\scripts\scripts.vcxproj]
  (编译源文件“../../../../TrinityCoreCataClassic/src/server/scripts/Playerbots/Ai/Base/Actions/BattleGroundTactics.cpp”)
  
E:\1.ClassicCataSlym\TrinityCoreCataClassic\src\server\scripts\Playerbots\Ai\Base\Actions\BattleGroundTactics.cpp(172,39): error C2065: “GO_HORDE_BANNER_GRAVEYARD_H”: 未声明的标识符 [E:\1.ClassicCataSlym\CataslymBuild\src\server\scripts\scripts.vcxproj]
  (编译源文件“../../../../TrinityCoreCataClassic/src/server/scripts/Playerbots/Ai/Base/Actions/BattleGroundTactics.cpp”)
  
E:\1.ClassicCataSlym\TrinityCoreCataClassic\src\server\scripts\Playerbots\Ai\Base\Actions\BattleGroundTactics.cpp(173,39): error C2065: “GO_HORDE_BANNER_GRAVEYARD_H_CONT”: 未声明的标识符 [E:\1.ClassicCataSlym\CataslymBuild\src\server\scripts\scripts.vcxproj]
  (编译源文件“../../../../TrinityCoreCataClassic/src/server/scripts/Playerbots/Ai/Base/Actions/BattleGroundTactics.cpp”)
  
  CheckMountStateAction.cpp
  CheckValuesAction.cpp
E:\1.ClassicCataSlym\TrinityCoreCataClassic\src\server\scripts\Playerbots\Ai\Base\Actions\BattleGroundTactics.cpp(1281,5): error C2065: “BG_AB_NODE_STABLES”: 未声明的标识符 [E:\1.ClassicCataSlym\CataslymBuild\src\server\scripts\scripts.vcxproj]
  (编译源文件“../../../../TrinityCoreCataClassic/src/server/scripts/Playerbots/Ai/Base/Actions/BattleGroundTactics.cpp”)
  
E:\1.ClassicCataSlym\TrinityCoreCataClassic\src\server\scripts\Playerbots\Ai\Base\Actions\BattleGroundTactics.cpp(1282,5): error C2065: “BG_AB_NODE_BLACKSMITH”: 未声明的标识符 [E:\1.ClassicCataSlym\CataslymBuild\src\server\scripts\scripts.vcxproj]
  (编译源文件“../../../../TrinityCoreCataClassic/src/server/scripts/Playerbots/Ai/Base/Actions/BattleGroundTactics.cpp”)
  
E:\1.ClassicCataSlym\TrinityCoreCataClassic\src\server\scripts\Playerbots\Ai\Base\Actions\BattleGroundTactics.cpp(1283,5): error C2065: “BG_AB_NODE_FARM”: 未声明的标识符 [E:\1.ClassicCataSlym\CataslymBuild\src\server\scripts\scripts.vcxproj]
  (编译源文件“../../../../TrinityCoreCataClassic/src/server/scripts/Playerbots/Ai/Base/Actions/BattleGroundTactics.cpp”)
  
E:\1.ClassicCataSlym\TrinityCoreCataClassic\src\server\scripts\Playerbots\Ai\Base\Actions\BattleGroundTactics.cpp(1283,22): error C2065: “BG_AB_NODE_LUMBER_MILL”: 未声明的标识符 [E:\1.ClassicCataSlym\CataslymBuild\src\server\scripts\scripts.vcxproj]
  (编译源文件“../../../../TrinityCoreCataClassic/src/server/scripts/Playerbots/Ai/Base/Actions/BattleGroundTactics.cpp”)
  
E:\1.ClassicCataSlym\TrinityCoreCataClassic\src\server\scripts\Playerbots\Ai\Base\Actions\BattleGroundTactics.cpp(1284,5): error C2065: “BG_AB_NODE_GOLD_MINE”: 未声明的标识符 [E:\1.ClassicCataSlym\CataslymBuild\src\server\scripts\scripts.vcxproj]
  (编译源文件“../../../../TrinityCoreCataClassic/src/server/scripts/Playerbots/Ai/Base/Actions/BattleGroundTactics.cpp”)
  
E:\1.ClassicCataSlym\TrinityCoreCataClassic\src\server\scripts\Playerbots\Ai\Base\Actions\BattleGroundTactics.cpp(2180,44): error C2440: “初始化”: 无法从“PositionInfo”转换为“const Position &” [E:\1.ClassicCataSlym\CataslymBuild\src\server\scripts\scripts.vcxproj]
  (编译源文件“../../../../TrinityCoreCataClassic/src/server/scripts/Playerbots/Ai/Base/Actions/BattleGroundTactics.cpp”)
      E:\1.ClassicCataSlym\TrinityCoreCataClassic\src\server\scripts\Playerbots\Ai\Base\Actions\BattleGroundTactics.cpp(2180,44):
      原因如下: 无法从“PositionInfo”转换为“const Position”
      E:\1.ClassicCataSlym\TrinityCoreCataClassic\src\server\scripts\Playerbots\Ai\Base\Actions\BattleGroundTactics.cpp(2180,44):
      没有可用于执行该转换的用户定义的转换运算符，或者无法调用该运算符
  
E:\1.ClassicCataSlym\TrinityCoreCataClassic\src\server\scripts\Playerbots\Ai\Base\Actions\BattleGroundTactics.cpp(2371,13): error C2065: “BattlegroundAB”: 未声明的标识符 [E:\1.ClassicCataSlym\CataslymBuild\src\server\scripts\scripts.vcxproj]
  (编译源文件“../../../../TrinityCoreCataClassic/src/server/scripts/Playerbots/Ai/Base/Actions/BattleGroundTactics.cpp”)
  
E:\1.ClassicCataSlym\TrinityCoreCataClassic\src\server\scripts\Playerbots\Ai\Base\Actions\BattleGroundTactics.cpp(2371,29): error C2065: “ab”: 未声明的标识符 [E:\1.ClassicCataSlym\CataslymBuild\src\server\scripts\scripts.vcxproj]
  (编译源文件“../../../../TrinityCoreCataClassic/src/server/scripts/Playerbots/Ai/Base/Actions/BattleGroundTactics.cpp”)
  
E:\1.ClassicCataSlym\TrinityCoreCataClassic\src\server\scripts\Playerbots\Ai\Base\Actions\BattleGroundTactics.cpp(2371,46): error C2061: 语法错误: 标识符“BattlegroundAB” [E:\1.ClassicCataSlym\CataslymBuild\src\server\scripts\scripts.vcxproj]
  (编译源文件“../../../../TrinityCoreCataClassic/src/server/scripts/Playerbots/Ai/Base/Actions/BattleGroundTactics.cpp”)
  
E:\1.ClassicCataSlym\TrinityCoreCataClassic\src\server\scripts\Playerbots\Ai\Base\Actions\BattleGroundTactics.cpp(2410,34): error C3316: “uint32 []”: 大小未知的数组不能在基于范围的语句中使用 [E:\1.ClassicCataSlym\CataslymBuild\src\server\scripts\scripts.vcxproj]
  (编译源文件“../../../../TrinityCoreCataClassic/src/server/scripts/Playerbots/Ai/Base/Actions/BattleGroundTactics.cpp”)
  
E:\1.ClassicCataSlym\TrinityCoreCataClassic\src\server\scripts\Playerbots\Ai\Base\Actions\BattleGroundTactics.cpp(2410,32): error C2143: 语法错误: 缺少“;”(在“:”的前面) [E:\1.ClassicCataSlym\CataslymBuild\src\server\scripts\scripts.vcxproj]
  (编译源文件“../../../../TrinityCoreCataClassic/src/server/scripts/Playerbots/Ai/Base/Actions/BattleGroundTactics.cpp”)
  
E:\1.ClassicCataSlym\TrinityCoreCataClassic\src\server\scripts\Playerbots\Ai\Base\Actions\BattleGroundTactics.cpp(2410,53): error C2143: 语法错误: 缺少“;”(在“)”的前面) [E:\1.ClassicCataSlym\CataslymBuild\src\server\scripts\scripts.vcxproj]
  (编译源文件“../../../../TrinityCoreCataClassic/src/server/scripts/Playerbots/Ai/Base/Actions/BattleGroundTactics.cpp”)
  
E:\1.ClassicCataSlym\TrinityCoreCataClassic\src\server\scripts\Playerbots\Ai\Base\Actions\BattleGroundTactics.cpp(2412,31): error C2065: “ab”: 未声明的标识符 [E:\1.ClassicCataSlym\CataslymBuild\src\server\scripts\scripts.vcxproj]
  (编译源文件“../../../../TrinityCoreCataClassic/src/server/scripts/Playerbots/Ai/Base/Actions/BattleGroundTactics.cpp”)
  
E:\1.ClassicCataSlym\TrinityCoreCataClassic\src\server\scripts\Playerbots\Ai\Base\Actions\BattleGroundTactics.cpp(2455,38): error C3316: “uint32 []”: 大小未知的数组不能在基于范围的语句中使用 [E:\1.ClassicCataSlym\CataslymBuild\src\server\scripts\scripts.vcxproj]
  (编译源文件“../../../../TrinityCoreCataClassic/src/server/scripts/Playerbots/Ai/Base/Actions/BattleGroundTactics.cpp”)
  
E:\1.ClassicCataSlym\TrinityCoreCataClassic\src\server\scripts\Playerbots\Ai\Base\Actions\BattleGroundTactics.cpp(2455,36): error C2143: 语法错误: 缺少“;”(在“:”的前面) [E:\1.ClassicCataSlym\CataslymBuild\src\server\scripts\scripts.vcxproj]
  (编译源文件“../../../../TrinityCoreCataClassic/src/server/scripts/Playerbots/Ai/Base/Actions/BattleGroundTactics.cpp”)
  
E:\1.ClassicCataSlym\TrinityCoreCataClassic\src\server\scripts\Playerbots\Ai\Base\Actions\BattleGroundTactics.cpp(2455,57): error C2143: 语法错误: 缺少“;”(在“)”的前面) [E:\1.ClassicCataSlym\CataslymBuild\src\server\scripts\scripts.vcxproj]
  (编译源文件“../../../../TrinityCoreCataClassic/src/server/scripts/Playerbots/Ai/Base/Actions/BattleGroundTactics.cpp”)
  
E:\1.ClassicCataSlym\TrinityCoreCataClassic\src\server\scripts\Playerbots\Ai\Base\Actions\BattleGroundTactics.cpp(2457,35): error C2065: “ab”: 未声明的标识符 [E:\1.ClassicCataSlym\CataslymBuild\src\server\scripts\scripts.vcxproj]
  (编译源文件“../../../../TrinityCoreCataClassic/src/server/scripts/Playerbots/Ai/Base/Actions/BattleGroundTactics.cpp”)
  
E:\1.ClassicCataSlym\TrinityCoreCataClassic\src\server\scripts\Playerbots\Ai\Base\Actions\BattleGroundTactics.cpp(2490,42): error C3316: “uint32 []”: 大小未知的数组不能在基于范围的语句中使用 [E:\1.ClassicCataSlym\CataslymBuild\src\server\scripts\scripts.vcxproj]
  (编译源文件“../../../../TrinityCoreCataClassic/src/server/scripts/Playerbots/Ai/Base/Actions/BattleGroundTactics.cpp”)
  
E:\1.ClassicCataSlym\TrinityCoreCataClassic\src\server\scripts\Playerbots\Ai\Base\Actions\BattleGroundTactics.cpp(2490,40): error C2143: 语法错误: 缺少“;”(在“:”的前面) [E:\1.ClassicCataSlym\CataslymBuild\src\server\scripts\scripts.vcxproj]
  (编译源文件“../../../../TrinityCoreCataClassic/src/server/scripts/Playerbots/Ai/Base/Actions/BattleGroundTactics.cpp”)
  
E:\1.ClassicCataSlym\TrinityCoreCataClassic\src\server\scripts\Playerbots\Ai\Base\Actions\BattleGroundTactics.cpp(2490,61): error C2143: 语法错误: 缺少“;”(在“)”的前面) [E:\1.ClassicCataSlym\CataslymBuild\src\server\scripts\scripts.vcxproj]
  (编译源文件“../../../../TrinityCoreCataClassic/src/server/scripts/Playerbots/Ai/Base/Actions/BattleGroundTactics.cpp”)
  
E:\1.ClassicCataSlym\TrinityCoreCataClassic\src\server\scripts\Playerbots\Ai\Base\Actions\BattleGroundTactics.cpp(2492,39): error C2065: “ab”: 未声明的标识符 [E:\1.ClassicCataSlym\CataslymBuild\src\server\scripts\scripts.vcxproj]
  (编译源文件“../../../../TrinityCoreCataClassic/src/server/scripts/Playerbots/Ai/Base/Actions/BattleGroundTactics.cpp”)
  
E:\1.ClassicCataSlym\TrinityCoreCataClassic\src\server\scripts\Playerbots\Ai\Base\Actions\BattleGroundTactics.cpp(2553,13): error C2065: “BattlegroundEY”: 未声明的标识符 [E:\1.ClassicCataSlym\CataslymBuild\src\server\scripts\scripts.vcxproj]
  (编译源文件“../../../../TrinityCoreCataClassic/src/server/scripts/Playerbots/Ai/Base/Actions/BattleGroundTactics.cpp”)
  
E:\1.ClassicCataSlym\TrinityCoreCataClassic\src\server\scripts\Playerbots\Ai\Base\Actions\BattleGroundTactics.cpp(2553,29): error C2065: “eyeOfTheStormBG”: 未声明的标识符 [E:\1.ClassicCataSlym\CataslymBuild\src\server\scripts\scripts.vcxproj]
  (编译源文件“../../../../TrinityCoreCataClassic/src/server/scripts/Playerbots/Ai/Base/Actions/BattleGroundTactics.cpp”)
  
E:\1.ClassicCataSlym\TrinityCoreCataClassic\src\server\scripts\Playerbots\Ai\Base\Actions\BattleGroundTactics.cpp(2553,48): error C2065: “BattlegroundEY”: 未声明的标识符 [E:\1.ClassicCataSlym\CataslymBuild\src\server\scripts\scripts.vcxproj]
  (编译源文件“../../../../TrinityCoreCataClassic/src/server/scripts/Playerbots/Ai/Base/Actions/BattleGroundTactics.cpp”)
  
E:\1.ClassicCataSlym\TrinityCoreCataClassic\src\server\scripts\Playerbots\Ai\Base\Actions\BattleGroundTactics.cpp(2553,63): error C2059: 语法错误:“)” [E:\1.ClassicCataSlym\CataslymBuild\src\server\scripts\scripts.vcxproj]
  (编译源文件“../../../../TrinityCoreCataClassic/src/server/scripts/Playerbots/Ai/Base/Actions/BattleGroundTactics.cpp”)
  
E:\1.ClassicCataSlym\TrinityCoreCataClassic\src\server\scripts\Playerbots\Ai\Base\Actions\BattleGroundTactics.cpp(2562,22): error C2065: “eyeOfTheStormBG”: 未声明的标识符 [E:\1.ClassicCataSlym\CataslymBuild\src\server\scripts\scripts.vcxproj]
  (编译源文件“../../../../TrinityCoreCataClassic/src/server/scripts/Playerbots/Ai/Base/Actions/BattleGroundTactics.cpp”)
  
E:\1.ClassicCataSlym\TrinityCoreCataClassic\src\server\scripts\Playerbots\Ai\Base\Actions\BattleGroundTactics.cpp(2719,30): error C2660: “WorldObject::CanSeeOrDetect”: 函数不接受 4 个参数 [E:\1.ClassicCataSlym\CataslymBuild\src\server\scripts\scripts.vcxproj]
  (编译源文件“../../../../TrinityCoreCataClassic/src/server/scripts/Playerbots/Ai/Base/Actions/BattleGroundTactics.cpp”)
      E:\1.ClassicCataSlym\TrinityCoreCataClassic\src\server\game\Entities\Object\Object.h(764,14):
      参见“WorldObject::CanSeeOrDetect”的声明
      E:\1.ClassicCataSlym\TrinityCoreCataClassic\src\server\scripts\Playerbots\Ai\Base\Actions\BattleGroundTactics.cpp(2719,30):
      尝试匹配参数列表“(Unit *, bool, bool, bool)”时
  
E:\1.ClassicCataSlym\TrinityCoreCataClassic\src\server\scripts\Playerbots\Ai\Base\Actions\BattleGroundTactics.cpp(2958,21): error C2664: “bool BGTactics::selectObjective::<lambda_3>::operator ()(uint8,uint8 &) const”: 无法将参数 2 从“IoCCompat::IoCNodeState”转换为“uint8 &” [E:\1.ClassicCataSlym\CataslymBuild\src\server\scripts\scripts.vcxproj]
  (编译源文件“../../../../TrinityCoreCataClassic/src/server/scripts/Playerbots/Ai/Base/Actions/BattleGroundTactics.cpp”)
      E:\1.ClassicCataSlym\TrinityCoreCataClassic\src\server\scripts\Playerbots\Ai\Base\Actions\BattleGroundTactics.cpp(2926,13):
      参见“BGTactics::selectObjective::<lambda_3>::operator ()”的声明
      E:\1.ClassicCataSlym\TrinityCoreCataClassic\src\server\scripts\Playerbots\Ai\Base\Actions\BattleGroundTactics.cpp(2958,21):
      尝试匹配参数列表“(IoCCompatNodeType, IoCCompat::IoCNodeState)”时
  
E:\1.ClassicCataSlym\TrinityCoreCataClassic\src\server\scripts\Playerbots\Ai\Base\Actions\BattleGroundTactics.cpp(2975,70): error C2872: “GO_ALLIANCE_BANNER”: 不明确的符号 [E:\1.ClassicCataSlym\CataslymBuild\src\server\scripts\scripts.vcxproj]
  (编译源文件“../../../../TrinityCoreCataClassic/src/server/scripts/Playerbots/Ai/Base/Actions/BattleGroundTactics.cpp”)
      E:\1.ClassicCataSlym\TrinityCoreCataClassic\src\server\scripts\Playerbots\Compat\BattlegroundEntriesCompat.h(46,5):
      可能是“BG_IC_ObjectEntriesCompat GO_ALLIANCE_BANNER”
      E:\1.ClassicCataSlym\TrinityCoreCataClassic\src\server\scripts\Battlegrounds\IsleOfConquest\isle_of_conquest_state_compat.h(74,22):
      或  “const uint32 IoCCompat::GO_ALLIANCE_BANNER”
  
E:\1.ClassicCataSlym\TrinityCoreCataClassic\src\server\scripts\Playerbots\Ai\Base\Actions\BattleGroundTactics.cpp(3028,66): error C2872: “GO_REFINERY_BANNER”: 不明确的符号 [E:\1.ClassicCataSlym\CataslymBuild\src\server\scripts\scripts.vcxproj]
  (编译源文件“../../../../TrinityCoreCataClassic/src/server/scripts/Playerbots/Ai/Base/Actions/BattleGroundTactics.cpp”)
      E:\1.ClassicCataSlym\TrinityCoreCataClassic\src\server\scripts\Playerbots\Compat\BattlegroundEntriesCompat.h(52,5):
      可能是“BG_IC_ObjectEntriesCompat GO_REFINERY_BANNER”
      E:\1.ClassicCataSlym\TrinityCoreCataClassic\src\server\scripts\Battlegrounds\IsleOfConquest\isle_of_conquest_state_compat.h(79,22):
      或  “const uint32 IoCCompat::GO_REFINERY_BANNER”
  
E:\1.ClassicCataSlym\TrinityCoreCataClassic\src\server\scripts\Playerbots\Ai\Base\Actions\BattleGroundTactics.cpp(3043,74): error C2872: “GO_DOCKS_BANNER”: 不明确的符号 [E:\1.ClassicCataSlym\CataslymBuild\src\server\scripts\scripts.vcxproj]
  (编译源文件“../../../../TrinityCoreCataClassic/src/server/scripts/Playerbots/Ai/Base/Actions/BattleGroundTactics.cpp”)
      E:\1.ClassicCataSlym\TrinityCoreCataClassic\src\server\scripts\Playerbots\Compat\BattlegroundEntriesCompat.h(49,5):
      可能是“BG_IC_ObjectEntriesCompat GO_DOCKS_BANNER”
      E:\1.ClassicCataSlym\TrinityCoreCataClassic\src\server\scripts\Battlegrounds\IsleOfConquest\isle_of_conquest_state_compat.h(81,22):
      或  “const uint32 IoCCompat::GO_DOCKS_BANNER”
  
E:\1.ClassicCataSlym\TrinityCoreCataClassic\src\server\scripts\Playerbots\Ai\Base\Actions\BattleGroundTactics.cpp(3060,74): error C2872: “GO_HANGAR_BANNER”: 不明确的符号 [E:\1.ClassicCataSlym\CataslymBuild\src\server\scripts\scripts.vcxproj]
  (编译源文件“../../../../TrinityCoreCataClassic/src/server/scripts/Playerbots/Ai/Base/Actions/BattleGroundTactics.cpp”)
      E:\1.ClassicCataSlym\TrinityCoreCataClassic\src\server\scripts\Playerbots\Compat\BattlegroundEntriesCompat.h(50,5):
      可能是“BG_IC_ObjectEntriesCompat GO_HANGAR_BANNER”
      E:\1.ClassicCataSlym\TrinityCoreCataClassic\src\server\scripts\Battlegrounds\IsleOfConquest\isle_of_conquest_state_compat.h(82,22):
      或  “const uint32 IoCCompat::GO_HANGAR_BANNER”
  
E:\1.ClassicCataSlym\TrinityCoreCataClassic\src\server\scripts\Playerbots\Ai\Base\Actions\BattleGroundTactics.cpp(3077,74): error C2872: “GO_WORKSHOP_BANNER”: 不明确的符号 [E:\1.ClassicCataSlym\CataslymBuild\src\server\scripts\scripts.vcxproj]
  (编译源文件“../../../../TrinityCoreCataClassic/src/server/scripts/Playerbots/Ai/Base/Actions/BattleGroundTactics.cpp”)
      E:\1.ClassicCataSlym\TrinityCoreCataClassic\src\server\scripts\Playerbots\Compat\BattlegroundEntriesCompat.h(48,5):
      可能是“BG_IC_ObjectEntriesCompat GO_WORKSHOP_BANNER”
      E:\1.ClassicCataSlym\TrinityCoreCataClassic\src\server\scripts\Battlegrounds\IsleOfConquest\isle_of_conquest_state_compat.h(83,22):
      或  “const uint32 IoCCompat::GO_WORKSHOP_BANNER”
  
E:\1.ClassicCataSlym\TrinityCoreCataClassic\src\server\scripts\Playerbots\Ai\Base\Actions\BattleGroundTactics.cpp(3136,21): error C2664: “bool BGTactics::selectObjective::<lambda_3>::operator ()(uint8,uint8 &) const”: 无法将参数 2 从“IoCCompat::IoCNodeState”转换为“uint8 &” [E:\1.ClassicCataSlym\CataslymBuild\src\server\scripts\scripts.vcxproj]
  (编译源文件“../../../../TrinityCoreCataClassic/src/server/scripts/Playerbots/Ai/Base/Actions/BattleGroundTactics.cpp”)
      E:\1.ClassicCataSlym\TrinityCoreCataClassic\src\server\scripts\Playerbots\Ai\Base\Actions\BattleGroundTactics.cpp(2926,13):
      参见“BGTactics::selectObjective::<lambda_3>::operator ()”的声明
      E:\1.ClassicCataSlym\TrinityCoreCataClassic\src\server\scripts\Playerbots\Ai\Base\Actions\BattleGroundTactics.cpp(3136,21):
      尝试匹配参数列表“(IoCCompatNodeType, IoCCompat::IoCNodeState)”时
  
E:\1.ClassicCataSlym\TrinityCoreCataClassic\src\server\scripts\Playerbots\Ai\Base\Actions\BattleGroundTactics.cpp(3153,70): error C2872: “GO_HORDE_BANNER”: 不明确的符号 [E:\1.ClassicCataSlym\CataslymBuild\src\server\scripts\scripts.vcxproj]
  (编译源文件“../../../../TrinityCoreCataClassic/src/server/scripts/Playerbots/Ai/Base/Actions/BattleGroundTactics.cpp”)
      E:\1.ClassicCataSlym\TrinityCoreCataClassic\src\server\scripts\Playerbots\Compat\BattlegroundEntriesCompat.h(47,5):
      可能是“BG_IC_ObjectEntriesCompat GO_HORDE_BANNER”
      E:\1.ClassicCataSlym\TrinityCoreCataClassic\src\server\scripts\Battlegrounds\IsleOfConquest\isle_of_conquest_state_compat.h(75,22):
      或  “const uint32 IoCCompat::GO_HORDE_BANNER”
  
E:\1.ClassicCataSlym\TrinityCoreCataClassic\src\server\scripts\Playerbots\Ai\Base\Actions\BattleGroundTactics.cpp(3206,66): error C2872: “GO_QUARRY_BANNER”: 不明确的符号 [E:\1.ClassicCataSlym\CataslymBuild\src\server\scripts\scripts.vcxproj]
  (编译源文件“../../../../TrinityCoreCataClassic/src/server/scripts/Playerbots/Ai/Base/Actions/BattleGroundTactics.cpp”)
      E:\1.ClassicCataSlym\TrinityCoreCataClassic\src\server\scripts\Playerbots\Compat\BattlegroundEntriesCompat.h(51,5):
      可能是“BG_IC_ObjectEntriesCompat GO_QUARRY_BANNER”
      E:\1.ClassicCataSlym\TrinityCoreCataClassic\src\server\scripts\Battlegrounds\IsleOfConquest\isle_of_conquest_state_compat.h(80,22):
      或  “const uint32 IoCCompat::GO_QUARRY_BANNER”
  
E:\1.ClassicCataSlym\TrinityCoreCataClassic\src\server\scripts\Playerbots\Ai\Base\Actions\BattleGroundTactics.cpp(3221,74): error C2872: “GO_DOCKS_BANNER”: 不明确的符号 [E:\1.ClassicCataSlym\CataslymBuild\src\server\scripts\scripts.vcxproj]
  (编译源文件“../../../../TrinityCoreCataClassic/src/server/scripts/Playerbots/Ai/Base/Actions/BattleGroundTactics.cpp”)
      E:\1.ClassicCataSlym\TrinityCoreCataClassic\src\server\scripts\Playerbots\Compat\BattlegroundEntriesCompat.h(49,5):
      可能是“BG_IC_ObjectEntriesCompat GO_DOCKS_BANNER”
      E:\1.ClassicCataSlym\TrinityCoreCataClassic\src\server\scripts\Battlegrounds\IsleOfConquest\isle_of_conquest_state_compat.h(81,22):
      或  “const uint32 IoCCompat::GO_DOCKS_BANNER”
  
E:\1.ClassicCataSlym\TrinityCoreCataClassic\src\server\scripts\Playerbots\Ai\Base\Actions\BattleGroundTactics.cpp(3238,74): error C2872: “GO_HANGAR_BANNER”: 不明确的符号 [E:\1.ClassicCataSlym\CataslymBuild\src\server\scripts\scripts.vcxproj]
  (编译源文件“../../../../TrinityCoreCataClassic/src/server/scripts/Playerbots/Ai/Base/Actions/BattleGroundTactics.cpp”)
      E:\1.ClassicCataSlym\TrinityCoreCataClassic\src\server\scripts\Playerbots\Compat\BattlegroundEntriesCompat.h(50,5):
      可能是“BG_IC_ObjectEntriesCompat GO_HANGAR_BANNER”
      E:\1.ClassicCataSlym\TrinityCoreCataClassic\src\server\scripts\Battlegrounds\IsleOfConquest\isle_of_conquest_state_compat.h(82,22):
      或  “const uint32 IoCCompat::GO_HANGAR_BANNER”
  
E:\1.ClassicCataSlym\TrinityCoreCataClassic\src\server\scripts\Playerbots\Ai\Base\Actions\BattleGroundTactics.cpp(3255,74): error C2872: “GO_WORKSHOP_BANNER”: 不明确的符号 [E:\1.ClassicCataSlym\CataslymBuild\src\server\scripts\scripts.vcxproj]
  (编译源文件“../../../../TrinityCoreCataClassic/src/server/scripts/Playerbots/Ai/Base/Actions/BattleGroundTactics.cpp”)
      E:\1.ClassicCataSlym\TrinityCoreCataClassic\src\server\scripts\Playerbots\Compat\BattlegroundEntriesCompat.h(48,5):
      可能是“BG_IC_ObjectEntriesCompat GO_WORKSHOP_BANNER”
      E:\1.ClassicCataSlym\TrinityCoreCataClassic\src\server\scripts\Battlegrounds\IsleOfConquest\isle_of_conquest_state_compat.h(83,22):
      或  “const uint32 IoCCompat::GO_WORKSHOP_BANNER”
  
E:\1.ClassicCataSlym\TrinityCoreCataClassic\src\server\scripts\Playerbots\Ai\Base\Actions\BattleGroundTactics.cpp(3720,5): error C2065: “BattlegroundEY”: 未声明的标识符 [E:\1.ClassicCataSlym\CataslymBuild\src\server\scripts\scripts.vcxproj]
  (编译源文件“../../../../TrinityCoreCataClassic/src/server/scripts/Playerbots/Ai/Base/Actions/BattleGroundTactics.cpp”)
  
E:\1.ClassicCataSlym\TrinityCoreCataClassic\src\server\scripts\Playerbots\Ai\Base\Actions\BattleGroundTactics.cpp(3720,21): error C2065: “eyeBg”: 未声明的标识符 [E:\1.ClassicCataSlym\CataslymBuild\src\server\scripts\scripts.vcxproj]
  (编译源文件“../../../../TrinityCoreCataClassic/src/server/scripts/Playerbots/Ai/Base/Actions/BattleGroundTactics.cpp”)
  
E:\1.ClassicCataSlym\TrinityCoreCataClassic\src\server\scripts\Playerbots\Ai\Base\Actions\BattleGroundTactics.cpp(3724,9): error C2065: “eyeBg”: 未声明的标识符 [E:\1.ClassicCataSlym\CataslymBuild\src\server\scripts\scripts.vcxproj]
  (编译源文件“../../../../TrinityCoreCataClassic/src/server/scripts/Playerbots/Ai/Base/Actions/BattleGroundTactics.cpp”)
  
E:\1.ClassicCataSlym\TrinityCoreCataClassic\src\server\scripts\Playerbots\Ai\Base\Actions\BattleGroundTactics.cpp(3724,29): error C2061: 语法错误: 标识符“BattlegroundEY” [E:\1.ClassicCataSlym\CataslymBuild\src\server\scripts\scripts.vcxproj]
  (编译源文件“../../../../TrinityCoreCataClassic/src/server/scripts/Playerbots/Ai/Base/Actions/BattleGroundTactics.cpp”)
  
E:\1.ClassicCataSlym\TrinityCoreCataClassic\src\server\scripts\Playerbots\Ai\Base\Actions\BattleGroundTactics.cpp(3725,13): error C2065: “eyeBg”: 未声明的标识符 [E:\1.ClassicCataSlym\CataslymBuild\src\server\scripts\scripts.vcxproj]
  (编译源文件“../../../../TrinityCoreCataClassic/src/server/scripts/Playerbots/Ai/Base/Actions/BattleGroundTactics.cpp”)
  
E:\1.ClassicCataSlym\TrinityCoreCataClassic\src\server\scripts\Playerbots\Ai\Base\Actions\BattleGroundTactics.cpp(3726,28): error C2065: “eyeBg”: 未声明的标识符 [E:\1.ClassicCataSlym\CataslymBuild\src\server\scripts\scripts.vcxproj]
  (编译源文件“../../../../TrinityCoreCataClassic/src/server/scripts/Playerbots/Ai/Base/Actions/BattleGroundTactics.cpp”)
  
E:\1.ClassicCataSlym\TrinityCoreCataClassic\src\server\scripts\Playerbots\Ai\Base\Actions\BattleGroundTactics.cpp(3805,37): error C2065: “eyeBg”: 未声明的标识符 [E:\1.ClassicCataSlym\CataslymBuild\src\server\scripts\scripts.vcxproj]
  (编译源文件“../../../../TrinityCoreCataClassic/src/server/scripts/Playerbots/Ai/Base/Actions/BattleGroundTactics.cpp”)
  
E:\1.ClassicCataSlym\TrinityCoreCataClassic\src\server\scripts\Playerbots\Ai\Base\Actions\BattleGroundTactics.cpp(3905,37): error C2065: “eyeBg”: 未声明的标识符 [E:\1.ClassicCataSlym\CataslymBuild\src\server\scripts\scripts.vcxproj]
  (编译源文件“../../../../TrinityCoreCataClassic/src/server/scripts/Playerbots/Ai/Base/Actions/BattleGroundTactics.cpp”)
  
E:\1.ClassicCataSlym\TrinityCoreCataClassic\src\server\scripts\Playerbots\Ai\Base\Actions\BattleGroundTactics.cpp(3972,49): error C2039: "GetObjectSize": 不是 "Player" 的成员 [E:\1.ClassicCataSlym\CataslymBuild\src\server\scripts\scripts.vcxproj]
  (编译源文件“../../../../TrinityCoreCataClassic/src/server/scripts/Playerbots/Ai/Base/Actions/BattleGroundTactics.cpp”)
      E:\1.ClassicCataSlym\TrinityCoreCataClassic\src\server\game\Entities\Player\Player.h(1147,19):
      参见“Player”的声明
  
E:\1.ClassicCataSlym\TrinityCoreCataClassic\src\server\scripts\Playerbots\Ai\Base\Actions\BattleGroundTactics.cpp(3972,71): error C2039: "GetObjectSize": 不是 "GameObject" 的成员 [E:\1.ClassicCataSlym\CataslymBuild\src\server\scripts\scripts.vcxproj]
  (编译源文件“../../../../TrinityCoreCataClassic/src/server/scripts/Playerbots/Ai/Base/Actions/BattleGroundTactics.cpp”)
      E:\1.ClassicCataSlym\TrinityCoreCataClassic\src\server\game\Entities\GameObject\GameObject.h(171,19):
      参见“GameObject”的声明
  
E:\1.ClassicCataSlym\TrinityCoreCataClassic\src\server\scripts\Playerbots\Ai\Base\Actions\BattleGroundTactics.cpp(3972,33): error C2737: “moveDist”: 必须初始化 const 对象 [E:\1.ClassicCataSlym\CataslymBuild\src\server\scripts\scripts.vcxproj]
  (编译源文件“../../../../TrinityCoreCataClassic/src/server/scripts/Playerbots/Ai/Base/Actions/BattleGroundTactics.cpp”)
  
E:\1.ClassicCataSlym\TrinityCoreCataClassic\src\server\scripts\Playerbots\Ai\Base\Actions\BattleGroundTactics.cpp(4126,5): error C2065: “BattlegroundWS”: 未声明的标识符 [E:\1.ClassicCataSlym\CataslymBuild\src\server\scripts\scripts.vcxproj]
  (编译源文件“../../../../TrinityCoreCataClassic/src/server/scripts/Playerbots/Ai/Base/Actions/BattleGroundTactics.cpp”)
  
E:\1.ClassicCataSlym\TrinityCoreCataClassic\src\server\scripts\Playerbots\Ai\Base\Actions\BattleGroundTactics.cpp(4126,21): error C2065: “bg”: 未声明的标识符 [E:\1.ClassicCataSlym\CataslymBuild\src\server\scripts\scripts.vcxproj]
  (编译源文件“../../../../TrinityCoreCataClassic/src/server/scripts/Playerbots/Ai/Base/Actions/BattleGroundTactics.cpp”)
  
E:\1.ClassicCataSlym\TrinityCoreCataClassic\src\server\scripts\Playerbots\Ai\Base\Actions\BattleGroundTactics.cpp(4126,27): error C2065: “BattlegroundWS”: 未声明的标识符 [E:\1.ClassicCataSlym\CataslymBuild\src\server\scripts\scripts.vcxproj]
  (编译源文件“../../../../TrinityCoreCataClassic/src/server/scripts/Playerbots/Ai/Base/Actions/BattleGroundTactics.cpp”)
  
E:\1.ClassicCataSlym\TrinityCoreCataClassic\src\server\scripts\Playerbots\Ai\Base\Actions\BattleGroundTactics.cpp(4126,42): error C2059: 语法错误:“)” [E:\1.ClassicCataSlym\CataslymBuild\src\server\scripts\scripts.vcxproj]
  (编译源文件“../../../../TrinityCoreCataClassic/src/server/scripts/Playerbots/Ai/Base/Actions/BattleGroundTactics.cpp”)
  
E:\1.ClassicCataSlym\TrinityCoreCataClassic\src\server\scripts\Playerbots\Ai\Base\Actions\BattleGroundTactics.cpp(4127,10): error C2065: “bg”: 未声明的标识符 [E:\1.ClassicCataSlym\CataslymBuild\src\server\scripts\scripts.vcxproj]
  (编译源文件“../../../../TrinityCoreCataClassic/src/server/scripts/Playerbots/Ai/Base/Actions/BattleGroundTactics.cpp”)
  
E:\1.ClassicCataSlym\TrinityCoreCataClassic\src\server\scripts\Playerbots\Ai\Base\Actions\BattleGroundTactics.cpp(4130,13): error C2065: “bg”: 未声明的标识符 [E:\1.ClassicCataSlym\CataslymBuild\src\server\scripts\scripts.vcxproj]
  (编译源文件“../../../../TrinityCoreCataClassic/src/server/scripts/Playerbots/Ai/Base/Actions/BattleGroundTactics.cpp”)
  
E:\1.ClassicCataSlym\TrinityCoreCataClassic\src\server\scripts\Playerbots\Ai\Base\Actions\BattleGroundTactics.cpp(4130,35): error C2065: “bg”: 未声明的标识符 [E:\1.ClassicCataSlym\CataslymBuild\src\server\scripts\scripts.vcxproj]
  (编译源文件“../../../../TrinityCoreCataClassic/src/server/scripts/Playerbots/Ai/Base/Actions/BattleGroundTactics.cpp”)
  
E:\1.ClassicCataSlym\TrinityCoreCataClassic\src\server\scripts\Playerbots\Ai\Base\Actions\BattleGroundTactics.cpp(4135,5): error C2065: “BattlegroundWS”: 未声明的标识符 [E:\1.ClassicCataSlym\CataslymBuild\src\server\scripts\scripts.vcxproj]
  (编译源文件“../../../../TrinityCoreCataClassic/src/server/scripts/Playerbots/Ai/Base/Actions/BattleGroundTactics.cpp”)
  
E:\1.ClassicCataSlym\TrinityCoreCataClassic\src\server\scripts\Playerbots\Ai\Base\Actions\BattleGroundTactics.cpp(4135,21): error C2065: “bg”: 未声明的标识符 [E:\1.ClassicCataSlym\CataslymBuild\src\server\scripts\scripts.vcxproj]
  (编译源文件“../../../../TrinityCoreCataClassic/src/server/scripts/Playerbots/Ai/Base/Actions/BattleGroundTactics.cpp”)
  
E:\1.ClassicCataSlym\TrinityCoreCataClassic\src\server\scripts\Playerbots\Ai\Base\Actions\BattleGroundTactics.cpp(4135,27): error C2065: “BattlegroundWS”: 未声明的标识符 [E:\1.ClassicCataSlym\CataslymBuild\src\server\scripts\scripts.vcxproj]
  (编译源文件“../../../../TrinityCoreCataClassic/src/server/scripts/Playerbots/Ai/Base/Actions/BattleGroundTactics.cpp”)
  
E:\1.ClassicCataSlym\TrinityCoreCataClassic\src\server\scripts\Playerbots\Ai\Base\Actions\BattleGroundTactics.cpp(4135,42): error C2059: 语法错误:“)” [E:\1.ClassicCataSlym\CataslymBuild\src\server\scripts\scripts.vcxproj]
  (编译源文件“../../../../TrinityCoreCataClassic/src/server/scripts/Playerbots/Ai/Base/Actions/BattleGroundTactics.cpp”)
  
E:\1.ClassicCataSlym\TrinityCoreCataClassic\src\server\scripts\Playerbots\Ai\Base\Actions\BattleGroundTactics.cpp(4136,10): error C2065: “bg”: 未声明的标识符 [E:\1.ClassicCataSlym\CataslymBuild\src\server\scripts\scripts.vcxproj]
  (编译源文件“../../../../TrinityCoreCataClassic/src/server/scripts/Playerbots/Ai/Base/Actions/BattleGroundTactics.cpp”)
  
E:\1.ClassicCataSlym\TrinityCoreCataClassic\src\server\scripts\Playerbots\Ai\Base\Actions\BattleGroundTactics.cpp(4139,13): error C2065: “bg”: 未声明的标识符 [E:\1.ClassicCataSlym\CataslymBuild\src\server\scripts\scripts.vcxproj]
  (编译源文件“../../../../TrinityCoreCataClassic/src/server/scripts/Playerbots/Ai/Base/Actions/BattleGroundTactics.cpp”)
  
E:\1.ClassicCataSlym\TrinityCoreCataClassic\src\server\scripts\Playerbots\Ai\Base\Actions\BattleGroundTactics.cpp(4297,46): error C2065: “BG_IC_GO_DOODAD_PORTCULLISACTIVE02”: 未声明的标识符 [E:\1.ClassicCataSlym\CataslymBuild\src\server\scripts\scripts.vcxproj]
  (编译源文件“../../../../TrinityCoreCataClassic/src/server/scripts/Playerbots/Ai/Base/Actions/BattleGroundTactics.cpp”)
  
E:\1.ClassicCataSlym\TrinityCoreCataClassic\src\server\scripts\Playerbots\Ai\Base\Actions\BattleGroundTactics.cpp(4312,46): error C2065: “BG_IC_GO_HORDE_KEEP_PORTCULLIS”: 未声明的标识符 [E:\1.ClassicCataSlym\CataslymBuild\src\server\scripts\scripts.vcxproj]
  (编译源文件“../../../../TrinityCoreCataClassic/src/server/scripts/Playerbots/Ai/Base/Actions/BattleGroundTactics.cpp”)
  
E:\1.ClassicCataSlym\TrinityCoreCataClassic\src\server\scripts\Playerbots\Ai\Base\Actions\BattleGroundTactics.cpp(4333,68): error C2065: “GO_TELEPORTER_4”: 未声明的标识符 [E:\1.ClassicCataSlym\CataslymBuild\src\server\scripts\scripts.vcxproj]
  (编译源文件“../../../../TrinityCoreCataClassic/src/server/scripts/Playerbots/Ai/Base/Actions/BattleGroundTactics.cpp”)
  
E:\1.ClassicCataSlym\TrinityCoreCataClassic\src\server\scripts\Playerbots\Ai\Base\Actions\BattleGroundTactics.cpp(4346,65): error C2065: “GO_TELEPORTER_2”: 未声明的标识符 [E:\1.ClassicCataSlym\CataslymBuild\src\server\scripts\scripts.vcxproj]
  (编译源文件“../../../../TrinityCoreCataClassic/src/server/scripts/Playerbots/Ai/Base/Actions/BattleGroundTactics.cpp”)
  
E:\1.ClassicCataSlym\TrinityCoreCataClassic\src\server\scripts\Playerbots\Ai\Base\Actions\BattleGroundTactics.cpp(4659,9): error C2660: “ItemTemplate::GetName”: 函数不接受 0 个参数 [E:\1.ClassicCataSlym\CataslymBuild\src\server\scripts\scripts.vcxproj]
  (编译源文件“../../../../TrinityCoreCataClassic/src/server/scripts/Playerbots/Ai/Base/Actions/BattleGroundTactics.cpp”)
      E:\1.ClassicCataSlym\TrinityCoreCataClassic\src\server\game\Entities\Item\ItemTemplate.h(854,17):
      参见“ItemTemplate::GetName”的声明
      E:\1.ClassicCataSlym\TrinityCoreCataClassic\src\server\scripts\Playerbots\Ai\Base\Actions\BattleGroundTactics.cpp(4659,9):
      尝试匹配参数列表“()”时
  
  ChooseRpgTargetAction.cpp
  ChooseTargetActions.cpp
  ChooseTravelTargetAction.cpp
  CombatActions.cpp
  CustomStrategyEditAction.cpp
  DebugAction.cpp
  DelayAction.cpp
  DestroyItemAction.cpp
  DropQuestAction.cpp
  EmoteAction.cpp
  EquipAction.cpp
  EquipGlyphsAction.cpp
  FishingAction.cpp
  FlagAction.cpp
  FollowActions.cpp
E:\1.ClassicCataSlym\TrinityCoreCataClassic\src\server\scripts\Playerbots\Ai\Base\Actions\CheckMountStateAction.cpp(291,10): error C2660: “Player::HandleFall”: 函数不接受 1 个参数 [E:\1.ClassicCataSlym\CataslymBuild\src\server\scripts\scripts.vcxproj]
  (编译源文件“../../../../TrinityCoreCataClassic/src/server/scripts/Playerbots/Ai/Base/Actions/CheckMountStateAction.cpp”)
      E:\1.ClassicCataSlym\TrinityCoreCataClassic\src\server\game\Entities\Player\Player.h(2560,14):
      参见“Player::HandleFall”的声明
      E:\1.ClassicCataSlym\TrinityCoreCataClassic\src\server\scripts\Playerbots\Ai\Base\Actions\CheckMountStateAction.cpp(291,10):
      尝试匹配参数列表“(MovementInfo)”时
  
  GenericSpellActions.cpp
E:\1.ClassicCataSlym\TrinityCoreCataClassic\src\server\scripts\Playerbots\Ai\Base\Actions\DebugAction.cpp(41,33): error C2039: "FindBaseMap": 不是 "MapManager" 的成员 [E:\1.ClassicCataSlym\CataslymBuild\src\server\scripts\scripts.vcxproj]
  (编译源文件“../../../../TrinityCoreCataClassic/src/server/scripts/Playerbots/Ai/Base/Actions/DebugAction.cpp”)
      E:\1.ClassicCataSlym\TrinityCoreCataClassic\src\server\game\Maps\MapManager.h(41,19):
      参见“MapManager”的声明
  
E:\1.ClassicCataSlym\TrinityCoreCataClassic\src\server\scripts\Playerbots\Ai\Base\Actions\DebugAction.cpp(469,28): error C2039: "WriteAsPacked": 不是 "ObjectGuid" 的成员 [E:\1.ClassicCataSlym\CataslymBuild\src\server\scripts\scripts.vcxproj]
  (编译源文件“../../../../TrinityCoreCataClassic/src/server/scripts/Playerbots/Ai/Base/Actions/DebugAction.cpp”)
      E:\1.ClassicCataSlym\TrinityCoreCataClassic\src\server\game\Entities\Object\ObjectGuid.h(286,19):
      参见“ObjectGuid”的声明
  
E:\1.ClassicCataSlym\TrinityCoreCataClassic\src\server\scripts\Playerbots\Ai\Base\Actions\DebugAction.cpp(470,28): error C2039: "WriteAsPacked": 不是 "ObjectGuid" 的成员 [E:\1.ClassicCataSlym\CataslymBuild\src\server\scripts\scripts.vcxproj]
  (编译源文件“../../../../TrinityCoreCataClassic/src/server/scripts/Playerbots/Ai/Base/Actions/DebugAction.cpp”)
      E:\1.ClassicCataSlym\TrinityCoreCataClassic\src\server\game\Entities\Object\ObjectGuid.h(286,19):
      参见“ObjectGuid”的声明
  
E:\1.ClassicCataSlym\TrinityCoreCataClassic\src\server\scripts\Playerbots\Ai\Base\Actions\DebugAction.cpp(481,28): error C2039: "WriteAsPacked": 不是 "ObjectGuid" 的成员 [E:\1.ClassicCataSlym\CataslymBuild\src\server\scripts\scripts.vcxproj]
  (编译源文件“../../../../TrinityCoreCataClassic/src/server/scripts/Playerbots/Ai/Base/Actions/DebugAction.cpp”)
      E:\1.ClassicCataSlym\TrinityCoreCataClassic\src\server\game\Entities\Object\ObjectGuid.h(286,19):
      参见“ObjectGuid”的声明
  
E:\1.ClassicCataSlym\TrinityCoreCataClassic\src\server\scripts\Playerbots\Ai\Base\Actions\DebugAction.cpp(482,28): error C2039: "WriteAsPacked": 不是 "ObjectGuid" 的成员 [E:\1.ClassicCataSlym\CataslymBuild\src\server\scripts\scripts.vcxproj]
  (编译源文件“../../../../TrinityCoreCataClassic/src/server/scripts/Playerbots/Ai/Base/Actions/DebugAction.cpp”)
      E:\1.ClassicCataSlym\TrinityCoreCataClassic\src\server\game\Entities\Object\ObjectGuid.h(286,19):
      参见“ObjectGuid”的声明
  
E:\1.ClassicCataSlym\TrinityCoreCataClassic\src\server\scripts\Playerbots\Ai\Base\Actions\DebugAction.cpp(1019,26): error C2065: “CAST_FLAG_NO_GCD”: 未声明的标识符 [E:\1.ClassicCataSlym\CataslymBuild\src\server\scripts\scripts.vcxproj]
  (编译源文件“../../../../TrinityCoreCataClassic/src/server/scripts/Playerbots/Ai/Base/Actions/DebugAction.cpp”)
  
  GiveItemAction.cpp
  GoAction.cpp
  GossipHelloAction.cpp
E:\1.ClassicCataSlym\TrinityCoreCataClassic\src\server\scripts\Playerbots\Ai\Base\Actions\ChooseTravelTargetAction.cpp(958,49): error C2039: "CreatureOrGOCount": 不是 "QuestStatusData" 的成员 [E:\1.ClassicCataSlym\CataslymBuild\src\server\scripts\scripts.vcxproj]
  (编译源文件“../../../../TrinityCoreCataClassic/src/server/scripts/Playerbots/Ai/Base/Actions/ChooseTravelTargetAction.cpp”)
      E:\1.ClassicCataSlym\TrinityCoreCataClassic\src\server\game\Quests\QuestDef.h(856,8):
      参见“QuestStatusData”的声明
  
E:\1.ClassicCataSlym\TrinityCoreCataClassic\src\server\scripts\Playerbots\Ai\Base\Actions\ChooseTravelTargetAction.cpp(991,47): error C2039: "lootid": 不是 "CreatureTemplate" 的成员 [E:\1.ClassicCataSlym\CataslymBuild\src\server\scripts\scripts.vcxproj]
  (编译源文件“../../../../TrinityCoreCataClassic/src/server/scripts/Playerbots/Ai/Base/Actions/ChooseTravelTargetAction.cpp”)
      E:\1.ClassicCataSlym\TrinityCoreCataClassic\src\server\game\Entities\Creature\CreatureData.h(485,20):
      参见“CreatureTemplate”的声明
  
  GreetAction.cpp
  GuildAcceptAction.cpp
  GuildBankAction.cpp
  GuildCreateActions.cpp
E:\1.ClassicCataSlym\TrinityCoreCataClassic\src\server\scripts\Playerbots\Ai\Base\Actions\EmoteAction.cpp(719,29): error C2039: "textid": 不是 "EmotesTextEntry" 的成员 [E:\1.ClassicCataSlym\CataslymBuild\src\server\scripts\scripts.vcxproj]
  (编译源文件“../../../../TrinityCoreCataClassic/src/server/scripts/Playerbots/Ai/Base/Actions/EmoteAction.cpp”)
      E:\1.ClassicCataSlym\TrinityCoreCataClassic\src\server\game\DataStores\DB2Structure.h(1255,8):
      参见“EmotesTextEntry”的声明
  
E:\1.ClassicCataSlym\TrinityCoreCataClassic\src\server\scripts\Playerbots\Ai\Base\Actions\EmoteAction.cpp(722,29): error C2039: "textid": 不是 "EmotesTextEntry" 的成员 [E:\1.ClassicCataSlym\CataslymBuild\src\server\scripts\scripts.vcxproj]
  (编译源文件“../../../../TrinityCoreCataClassic/src/server/scripts/Playerbots/Ai/Base/Actions/EmoteAction.cpp”)
      E:\1.ClassicCataSlym\TrinityCoreCataClassic\src\server\game\DataStores\DB2Structure.h(1255,8):
      参见“EmotesTextEntry”的声明
  
E:\1.ClassicCataSlym\TrinityCoreCataClassic\src\server\scripts\Playerbots\Ai\Base\Actions\EmoteAction.cpp(725,29): error C2039: "textid": 不是 "EmotesTextEntry" 的成员 [E:\1.ClassicCataSlym\CataslymBuild\src\server\scripts\scripts.vcxproj]
  (编译源文件“../../../../TrinityCoreCataClassic/src/server/scripts/Playerbots/Ai/Base/Actions/EmoteAction.cpp”)
      E:\1.ClassicCataSlym\TrinityCoreCataClassic\src\server\game\DataStores\DB2Structure.h(1255,8):
      参见“EmotesTextEntry”的声明
  
E:\1.ClassicCataSlym\TrinityCoreCataClassic\src\server\scripts\Playerbots\Ai\Base\Actions\EmoteAction.cpp(728,29): error C2039: "textid": 不是 "EmotesTextEntry" 的成员 [E:\1.ClassicCataSlym\CataslymBuild\src\server\scripts\scripts.vcxproj]
  (编译源文件“../../../../TrinityCoreCataClassic/src/server/scripts/Playerbots/Ai/Base/Actions/EmoteAction.cpp”)
      E:\1.ClassicCataSlym\TrinityCoreCataClassic\src\server\game\DataStores\DB2Structure.h(1255,8):
      参见“EmotesTextEntry”的声明
  
E:\1.ClassicCataSlym\TrinityCoreCataClassic\src\server\scripts\Playerbots\Ai\Base\Actions\DropQuestAction.cpp(54,9): error C2039: "GetTitle": 不是 "Quest" 的成员 [E:\1.ClassicCataSlym\CataslymBuild\src\server\scripts\scripts.vcxproj]
  (编译源文件“../../../../TrinityCoreCataClassic/src/server/scripts/Playerbots/Ai/Base/Actions/DropQuestAction.cpp”)
      E:\1.ClassicCataSlym\TrinityCoreCataClassic\src\server\game\Quests\QuestDef.h(541,19):
      参见“Quest”的声明
  
E:\1.ClassicCataSlym\TrinityCoreCataClassic\src\server\scripts\Playerbots\Ai\Base\Actions\DropQuestAction.cpp(54,9): error C7595: “fmt::v12::fstring<const std::string &>::fstring”: 对即时函数的调用不是常量表达式 [E:\1.ClassicCataSlym\CataslymBuild\src\server\scripts\scripts.vcxproj]
  (编译源文件“../../../../TrinityCoreCataClassic/src/server/scripts/Playerbots/Ai/Base/Actions/DropQuestAction.cpp”)
      E:\1.ClassicCataSlym\TrinityCoreCataClassic\dep\fmt\include\fmt\base.h(2465,48):
      对未定义的函数或为未声明为“constexpr”的函数的调用导致了故障
      E:\1.ClassicCataSlym\TrinityCoreCataClassic\dep\fmt\include\fmt\base.h(2465,48):
      请参见“fmt::v12::report_error”的用法
      E:\1.ClassicCataSlym\TrinityCoreCataClassic\src\server\scripts\Playerbots\Ai\Base\Actions\DropQuestAction.cpp(54,9):
      计算的调用堆栈(最旧的调用优先)是
          E:\1.ClassicCataSlym\TrinityCoreCataClassic\src\server\scripts\Playerbots\Ai\Base\Actions\DropQuestAction.cpp(54,9):
          在计算函数 "fmt::v12::fstring<const std::string &>::fstring<Trinity::FormatStringView,0>(const S &)”时
          with
          [
              S=Trinity::FormatStringView
          ]
          E:\1.ClassicCataSlym\TrinityCoreCataClassic\dep\fmt\include\fmt\base.h(2767,40):
          在计算函数 "void fmt::v12::detail::parse_format_string<char,fmt::v12::detail::format_string_checker<char,1,0,false>>(fmt::v12::basic_string_view<char>,Handler &&)”时
          with
          [
              Handler=fmt::v12::detail::format_string_checker<char,1,0,false>
          ]
          E:\1.ClassicCataSlym\TrinityCoreCataClassic\dep\fmt\include\fmt\base.h(1660,42):
          在计算函数 "const Char *fmt::v12::detail::parse_replacement_field<Char,Handler&>(const Char *,const Char *,fmt::v12::detail::format_string_checker<Char,1,0,false>&)”时
          with
          [
              Char=char,
              Handler=fmt::v12::detail::format_string_checker<char,1,0,false>
          ]
          E:\1.ClassicCataSlym\TrinityCoreCataClassic\dep\fmt\include\fmt\base.h(1617,51):
          在计算函数 "int fmt::v12::detail::format_string_checker<char,1,0,false>::on_arg_id(void)”时
          E:\1.ClassicCataSlym\TrinityCoreCataClassic\dep\fmt\include\fmt\base.h(1727,70):
          在计算函数 "int fmt::v12::detail::compile_parse_context<Char>::next_arg_id(void)”时
          with
          [
              Char=char
          ]
          E:\1.ClassicCataSlym\TrinityCoreCataClassic\dep\fmt\include\fmt\base.h(1266,31):
          在计算函数 "int fmt::v12::parse_context<char>::next_arg_id(void)”时
          E:\1.ClassicCataSlym\TrinityCoreCataClassic\dep\fmt\include\fmt\base.h(893,20):
          在计算函数 "void fmt::v12::parse_context<char>::do_check_arg_id(int)”时
          E:\1.ClassicCataSlym\TrinityCoreCataClassic\dep\fmt\include\fmt\base.h(2465,48):
          在计算函数 "void fmt::v12::report_error(const char *)”时
  
E:\1.ClassicCataSlym\TrinityCoreCataClassic\src\server\scripts\Playerbots\Ai\Base\Actions\DropQuestAction.cpp(273,41): error C2039: "CreatureOrGOCount": 不是 "QuestStatusData" 的成员 [E:\1.ClassicCataSlym\CataslymBuild\src\server\scripts\scripts.vcxproj]
  (编译源文件“../../../../TrinityCoreCataClassic/src/server/scripts/Playerbots/Ai/Base/Actions/DropQuestAction.cpp”)
      E:\1.ClassicCataSlym\TrinityCoreCataClassic\src\server\game\Quests\QuestDef.h(856,8):
      参见“QuestStatusData”的声明
  
E:\1.ClassicCataSlym\TrinityCoreCataClassic\src\server\scripts\Playerbots\Ai\Base\Actions\EquipAction.cpp(79,14): error C2039: "SetAmmo": 不是 "Player" 的成员 [E:\1.ClassicCataSlym\CataslymBuild\src\server\scripts\scripts.vcxproj]
  (编译源文件“../../../../TrinityCoreCataClassic/src/server/scripts/Playerbots/Ai/Base/Actions/EquipAction.cpp”)
      E:\1.ClassicCataSlym\TrinityCoreCataClassic\src\server\game\Entities\Player\Player.h(1147,19):
      参见“Player”的声明
  
E:\1.ClassicCataSlym\TrinityCoreCataClassic\src\server\scripts\Playerbots\Ai\Base\Actions\EquipGlyphsAction.cpp(90,54): error C2039: "getClassMask": 不是 "Player" 的成员 [E:\1.ClassicCataSlym\CataslymBuild\src\server\scripts\scripts.vcxproj]
  (编译源文件“../../../../TrinityCoreCataClassic/src/server/scripts/Playerbots/Ai/Base/Actions/EquipGlyphsAction.cpp”)
      E:\1.ClassicCataSlym\TrinityCoreCataClassic\src\server\game\Entities\Player\Player.h(1147,19):
      参见“Player”的声明
  
E:\1.ClassicCataSlym\TrinityCoreCataClassic\src\server\scripts\Playerbots\Ai\Base\Actions\EquipGlyphsAction.cpp(129,36): error C2039: "GetGlyphSlot": 不是 "Player" 的成员 [E:\1.ClassicCataSlym\CataslymBuild\src\server\scripts\scripts.vcxproj]
  (编译源文件“../../../../TrinityCoreCataClassic/src/server/scripts/Playerbots/Ai/Base/Actions/EquipGlyphsAction.cpp”)
      E:\1.ClassicCataSlym\TrinityCoreCataClassic\src\server\game\Entities\Player\Player.h(1147,19):
      参见“Player”的声明
  
E:\1.ClassicCataSlym\TrinityCoreCataClassic\src\server\scripts\Playerbots\Ai\Base\Actions\EquipGlyphsAction.cpp(138,31): error C2039: "GetGlyph": 不是 "Player" 的成员 [E:\1.ClassicCataSlym\CataslymBuild\src\server\scripts\scripts.vcxproj]
  (编译源文件“../../../../TrinityCoreCataClassic/src/server/scripts/Playerbots/Ai/Base/Actions/EquipGlyphsAction.cpp”)
      E:\1.ClassicCataSlym\TrinityCoreCataClassic\src\server\game\Entities\Player\Player.h(1147,19):
      参见“Player”的声明
  
  GuildManagementActions.cpp
  HelpAction.cpp
  HireAction.cpp
  ImbueAction.cpp
E:\1.ClassicCataSlym\TrinityCoreCataClassic\src\server\scripts\Playerbots\Ai\Base\Actions\GuildManagementActions.h(19,21): warning C4309: “默认参数”: 截断常量值 [E:\1.ClassicCataSlym\CataslymBuild\src\server\scripts\scripts.vcxproj]
  (编译源文件“../../../../TrinityCoreCataClassic/src/server/scripts/Playerbots/Ai/Base/Actions/GuildManagementActions.cpp”)
  
E:\1.ClassicCataSlym\TrinityCoreCataClassic\src\server\scripts\Playerbots\Ai\Base\Actions\GuildManagementActions.h(39,22): warning C4309: “默认参数”: 截断常量值 [E:\1.ClassicCataSlym\CataslymBuild\src\server\scripts\scripts.vcxproj]
  (编译源文件“../../../../TrinityCoreCataClassic/src/server/scripts/Playerbots/Ai/Base/Actions/GuildManagementActions.cpp”)
  
E:\1.ClassicCataSlym\TrinityCoreCataClassic\src\server\scripts\Playerbots\Ai\Base\Actions\GuildManagementActions.h(53,23): warning C4309: “默认参数”: 截断常量值 [E:\1.ClassicCataSlym\CataslymBuild\src\server\scripts\scripts.vcxproj]
  (编译源文件“../../../../TrinityCoreCataClassic/src/server/scripts/Playerbots/Ai/Base/Actions/GuildManagementActions.cpp”)
  
E:\1.ClassicCataSlym\TrinityCoreCataClassic\src\server\scripts\Playerbots\Ai\Base\Actions\GuildManagementActions.h(67,22): warning C4309: “默认参数”: 截断常量值 [E:\1.ClassicCataSlym\CataslymBuild\src\server\scripts\scripts.vcxproj]
  (编译源文件“../../../../TrinityCoreCataClassic/src/server/scripts/Playerbots/Ai/Base/Actions/GuildManagementActions.cpp”)
  
E:\1.ClassicCataSlym\TrinityCoreCataClassic\src\server\scripts\Playerbots\Ai\Base\Actions\GuildManagementActions.h(81,22): warning C4309: “默认参数”: 截断常量值 [E:\1.ClassicCataSlym\CataslymBuild\src\server\scripts\scripts.vcxproj]
  (编译源文件“../../../../TrinityCoreCataClassic/src/server/scripts/Playerbots/Ai/Base/Actions/GuildManagementActions.cpp”)
  
E:\1.ClassicCataSlym\TrinityCoreCataClassic\src\server\scripts\Playerbots\Ai\Base\Actions\FollowActions.cpp(54,39): error C2039: "GetTransportForPos": 不是 "Map" 的成员 [E:\1.ClassicCataSlym\CataslymBuild\src\server\scripts\scripts.vcxproj]
  (编译源文件“../../../../TrinityCoreCataClassic/src/server/scripts/Playerbots/Ai/Base/Actions/FollowActions.cpp”)
      E:\1.ClassicCataSlym\TrinityCoreCataClassic\src\server\game\Maps\Map.h(225,19):
      参见“Map”的声明
  
E:\1.ClassicCataSlym\TrinityCoreCataClassic\src\server\scripts\Playerbots\Ai\Base\Actions\FollowActions.cpp(86,20): error C2039: "GetTransportForPos": 不是 "Map" 的成员 [E:\1.ClassicCataSlym\CataslymBuild\src\server\scripts\scripts.vcxproj]
  (编译源文件“../../../../TrinityCoreCataClassic/src/server/scripts/Playerbots/Ai/Base/Actions/FollowActions.cpp”)
      E:\1.ClassicCataSlym\TrinityCoreCataClassic\src\server\game\Maps\Map.h(225,19):
      参见“Map”的声明
  
E:\1.ClassicCataSlym\TrinityCoreCataClassic\src\server\scripts\Playerbots\Ai\Base\Actions\FollowActions.cpp(146,28): error C2660: “Transport::AddPassenger”: 函数不接受 1 个参数 [E:\1.ClassicCataSlym\CataslymBuild\src\server\scripts\scripts.vcxproj]
  (编译源文件“../../../../TrinityCoreCataClassic/src/server/scripts/Playerbots/Ai/Base/Actions/FollowActions.cpp”)
      E:\1.ClassicCataSlym\TrinityCoreCataClassic\src\server\game\Entities\Transport\Transport.h(46,14):
      参见“Transport::AddPassenger”的声明
      E:\1.ClassicCataSlym\TrinityCoreCataClassic\src\server\scripts\Playerbots\Ai\Base\Actions\FollowActions.cpp(146,28):
      尝试匹配参数列表“(Player *)”时
  
E:\1.ClassicCataSlym\TrinityCoreCataClassic\src\server\scripts\Playerbots\Ai\Base\Actions\FollowActions.cpp(147,22): error C2039: "StopMovingOnCurrentPos": 不是 "Player" 的成员 [E:\1.ClassicCataSlym\CataslymBuild\src\server\scripts\scripts.vcxproj]
  (编译源文件“../../../../TrinityCoreCataClassic/src/server/scripts/Playerbots/Ai/Base/Actions/FollowActions.cpp”)
      E:\1.ClassicCataSlym\TrinityCoreCataClassic\src\server\game\Entities\Player\Player.h(1147,19):
      参见“Player”的声明
  
  InventoryAction.cpp
E:\1.ClassicCataSlym\TrinityCoreCataClassic\src\server\scripts\Playerbots\Ai\Base\Actions\GuildBankAction.cpp(72,17): error C2039: "MemberHasTabRights": 不是 "Guild" 的成员 [E:\1.ClassicCataSlym\CataslymBuild\src\server\scripts\scripts.vcxproj]
  (编译源文件“../../../../TrinityCoreCataClassic/src/server/scripts/Playerbots/Ai/Base/Actions/GuildBankAction.cpp”)
      E:\1.ClassicCataSlym\TrinityCoreCataClassic\src\server\game\Guilds\Guild.h(333,19):
      参见“Guild”的声明
  
E:\1.ClassicCataSlym\TrinityCoreCataClassic\src\server\scripts\Playerbots\Ai\Base\Actions\GenericSpellActions.cpp(117,20): error C2065: “CR_HIT_TAKEN_MELEE”: 未声明的标识符 [E:\1.ClassicCataSlym\CataslymBuild\src\server\scripts\scripts.vcxproj]
  (编译源文件“../../../../TrinityCoreCataClassic/src/server/scripts/Playerbots/Ai/Base/Actions/GenericSpellActions.cpp”)
  
E:\1.ClassicCataSlym\TrinityCoreCataClassic\src\server\scripts\Playerbots\Ai\Base\Actions\GenericSpellActions.cpp(118,20): error C2065: “CR_HIT_TAKEN_RANGED”: 未声明的标识符 [E:\1.ClassicCataSlym\CataslymBuild\src\server\scripts\scripts.vcxproj]
  (编译源文件“../../../../TrinityCoreCataClassic/src/server/scripts/Playerbots/Ai/Base/Actions/GenericSpellActions.cpp”)
  
E:\1.ClassicCataSlym\TrinityCoreCataClassic\src\server\scripts\Playerbots\Ai\Base\Actions\GenericSpellActions.cpp(119,20): error C2065: “CR_HIT_TAKEN_SPELL”: 未声明的标识符 [E:\1.ClassicCataSlym\CataslymBuild\src\server\scripts\scripts.vcxproj]
  (编译源文件“../../../../TrinityCoreCataClassic/src/server/scripts/Playerbots/Ai/Base/Actions/GenericSpellActions.cpp”)
  
E:\1.ClassicCataSlym\TrinityCoreCataClassic\src\server\scripts\Playerbots\Ai\Base\Actions\GenericSpellActions.cpp(120,20): error C2065: “CR_CRIT_TAKEN_MELEE”: 未声明的标识符 [E:\1.ClassicCataSlym\CataslymBuild\src\server\scripts\scripts.vcxproj]
  (编译源文件“../../../../TrinityCoreCataClassic/src/server/scripts/Playerbots/Ai/Base/Actions/GenericSpellActions.cpp”)
  
E:\1.ClassicCataSlym\TrinityCoreCataClassic\src\server\scripts\Playerbots\Ai\Base\Actions\GenericSpellActions.cpp(121,20): error C2065: “CR_CRIT_TAKEN_RANGED”: 未声明的标识符 [E:\1.ClassicCataSlym\CataslymBuild\src\server\scripts\scripts.vcxproj]
  (编译源文件“../../../../TrinityCoreCataClassic/src/server/scripts/Playerbots/Ai/Base/Actions/GenericSpellActions.cpp”)
  
E:\1.ClassicCataSlym\TrinityCoreCataClassic\src\server\scripts\Playerbots\Ai\Base\Actions\GenericSpellActions.cpp(122,20): error C2065: “CR_CRIT_TAKEN_SPELL”: 未声明的标识符 [E:\1.ClassicCataSlym\CataslymBuild\src\server\scripts\scripts.vcxproj]
  (编译源文件“../../../../TrinityCoreCataClassic/src/server/scripts/Playerbots/Ai/Base/Actions/GenericSpellActions.cpp”)
  
  InventoryChangeFailureAction.cpp
  InviteToGroupAction.cpp
E:\1.ClassicCataSlym\TrinityCoreCataClassic\src\server\scripts\Playerbots\Ai\Base\Actions\GuildManagementActions.h(19,21): warning C4309: “默认参数”: 截断常量值 [E:\1.ClassicCataSlym\CataslymBuild\src\server\scripts\scripts.vcxproj]
  (编译源文件“../../../../TrinityCoreCataClassic/src/server/scripts/Playerbots/Ai/Base/Actions/HelpAction.cpp”)
  
E:\1.ClassicCataSlym\TrinityCoreCataClassic\src\server\scripts\Playerbots\Ai\Base\Actions\GuildManagementActions.h(39,22): warning C4309: “默认参数”: 截断常量值 [E:\1.ClassicCataSlym\CataslymBuild\src\server\scripts\scripts.vcxproj]
  (编译源文件“../../../../TrinityCoreCataClassic/src/server/scripts/Playerbots/Ai/Base/Actions/HelpAction.cpp”)
  
E:\1.ClassicCataSlym\TrinityCoreCataClassic\src\server\scripts\Playerbots\Ai\Base\Actions\GuildManagementActions.h(53,23): warning C4309: “默认参数”: 截断常量值 [E:\1.ClassicCataSlym\CataslymBuild\src\server\scripts\scripts.vcxproj]
  (编译源文件“../../../../TrinityCoreCataClassic/src/server/scripts/Playerbots/Ai/Base/Actions/HelpAction.cpp”)
  
E:\1.ClassicCataSlym\TrinityCoreCataClassic\src\server\scripts\Playerbots\Ai\Base\Actions\GuildManagementActions.h(67,22): warning C4309: “默认参数”: 截断常量值 [E:\1.ClassicCataSlym\CataslymBuild\src\server\scripts\scripts.vcxproj]
  (编译源文件“../../../../TrinityCoreCataClassic/src/server/scripts/Playerbots/Ai/Base/Actions/HelpAction.cpp”)
  
E:\1.ClassicCataSlym\TrinityCoreCataClassic\src\server\scripts\Playerbots\Ai\Base\Actions\GuildManagementActions.h(81,22): warning C4309: “默认参数”: 截断常量值 [E:\1.ClassicCataSlym\CataslymBuild\src\server\scripts\scripts.vcxproj]
  (编译源文件“../../../../TrinityCoreCataClassic/src/server/scripts/Playerbots/Ai/Base/Actions/HelpAction.cpp”)
  
E:\1.ClassicCataSlym\TrinityCoreCataClassic\src\server\scripts\Playerbots\Ai\Base\Actions\GoAction.cpp(202,18): error C2660: “Map::IsInWater”: 函数不接受 6 个参数 [E:\1.ClassicCataSlym\CataslymBuild\src\server\scripts\scripts.vcxproj]
  (编译源文件“../../../../TrinityCoreCataClassic/src/server/scripts/Playerbots/Ai/Base/Actions/GoAction.cpp”)
      E:\1.ClassicCataSlym\TrinityCoreCataClassic\src\server\game\Maps\Map.h(332,14):
      参见“Map::IsInWater”的声明
      E:\1.ClassicCataSlym\TrinityCoreCataClassic\src\server\scripts\Playerbots\Ai\Base\Actions\GoAction.cpp(202,18):
      尝试匹配参数列表“(PhaseShift, float, float, float, nullptr, float)”时
  
E:\1.ClassicCataSlym\TrinityCoreCataClassic\src\server\scripts\Playerbots\Ai\Base\Actions\GossipHelloAction.cpp(137,83): error C2039: "GossipMenuId": 不是 "CreatureTemplate" 的成员 [E:\1.ClassicCataSlym\CataslymBuild\src\server\scripts\scripts.vcxproj]
  (编译源文件“../../../../TrinityCoreCataClassic/src/server/scripts/Playerbots/Ai/Base/Actions/GossipHelloAction.cpp”)
      E:\1.ClassicCataSlym\TrinityCoreCataClassic\src\server\game\Entities\Creature\CreatureData.h(485,20):
      参见“CreatureTemplate”的声明
  
E:\1.ClassicCataSlym\TrinityCoreCataClassic\src\server\scripts\Playerbots\Ai\Base\Actions\GossipHelloAction.cpp(140,9): error C3536: “pMenuItemBounds”: 初始化之前无法使用 [E:\1.ClassicCataSlym\CataslymBuild\src\server\scripts\scripts.vcxproj]
  (编译源文件“../../../../TrinityCoreCataClassic/src/server/scripts/Playerbots/Ai/Base/Actions/GossipHelloAction.cpp”)
  
  LeaveGroupAction.cpp
  LfgActions.cpp
  ListQuestsActions.cpp
  ListSpellsAction.cpp
  LogLevelAction.cpp
  LootAction.cpp
  LootRollAction.cpp
  LootStrategyAction.cpp
  MailAction.cpp
E:\1.ClassicCataSlym\TrinityCoreCataClassic\src\server\scripts\Playerbots\Ai\Base\Actions\GuildManagementActions.cpp(113,38): error C2039: "GetMemberRankId": 不是 "Guild" 的成员 [E:\1.ClassicCataSlym\CataslymBuild\src\server\scripts\scripts.vcxproj]
  (编译源文件“../../../../TrinityCoreCataClassic/src/server/scripts/Playerbots/Ai/Base/Actions/GuildManagementActions.cpp”)
      E:\1.ClassicCataSlym\TrinityCoreCataClassic\src\server\game\Guilds\Guild.h(333,19):
      参见“Guild”的声明
  
E:\1.ClassicCataSlym\TrinityCoreCataClassic\src\server\scripts\Playerbots\Ai\Base\Actions\GuildManagementActions.cpp(127,28): error C2248: “Guild::GetMemberRankRights”: 无法访问 private 成员(在“Guild”类中声明) [E:\1.ClassicCataSlym\CataslymBuild\src\server\scripts\scripts.vcxproj]
  (编译源文件“../../../../TrinityCoreCataClassic/src/server/scripts/Playerbots/Ai/Base/Actions/GuildManagementActions.cpp”)
      E:\1.ClassicCataSlym\TrinityCoreCataClassic\src\server\game\Guilds\Guild.h(949,16):
      参见“Guild::GetMemberRankRights”的声明
      E:\1.ClassicCataSlym\TrinityCoreCataClassic\src\server\game\Guilds\Guild.h(333,19):
      参见“Guild”的声明
  
E:\1.ClassicCataSlym\TrinityCoreCataClassic\src\server\scripts\Playerbots\Ai\Base\Actions\GuildManagementActions.cpp(148,28): error C2248: “Guild::GetMemberRankRights”: 无法访问 private 成员(在“Guild”类中声明) [E:\1.ClassicCataSlym\CataslymBuild\src\server\scripts\scripts.vcxproj]
  (编译源文件“../../../../TrinityCoreCataClassic/src/server/scripts/Playerbots/Ai/Base/Actions/GuildManagementActions.cpp”)
      E:\1.ClassicCataSlym\TrinityCoreCataClassic\src\server\game\Guilds\Guild.h(949,16):
      参见“Guild::GetMemberRankRights”的声明
      E:\1.ClassicCataSlym\TrinityCoreCataClassic\src\server\game\Guilds\Guild.h(333,19):
      参见“Guild”的声明
  
E:\1.ClassicCataSlym\TrinityCoreCataClassic\src\server\scripts\Playerbots\Ai\Base\Actions\GuildManagementActions.cpp(168,28): error C2248: “Guild::GetMemberRankRights”: 无法访问 private 成员(在“Guild”类中声明) [E:\1.ClassicCataSlym\CataslymBuild\src\server\scripts\scripts.vcxproj]
  (编译源文件“../../../../TrinityCoreCataClassic/src/server/scripts/Playerbots/Ai/Base/Actions/GuildManagementActions.cpp”)
      E:\1.ClassicCataSlym\TrinityCoreCataClassic\src\server\game\Guilds\Guild.h(949,16):
      参见“Guild::GetMemberRankRights”的声明
      E:\1.ClassicCataSlym\TrinityCoreCataClassic\src\server\game\Guilds\Guild.h(333,19):
      参见“Guild”的声明
  
E:\1.ClassicCataSlym\TrinityCoreCataClassic\src\server\scripts\Playerbots\Ai\Base\Actions\GuildManagementActions.cpp(188,28): error C2248: “Guild::GetMemberRankRights”: 无法访问 private 成员(在“Guild”类中声明) [E:\1.ClassicCataSlym\CataslymBuild\src\server\scripts\scripts.vcxproj]
  (编译源文件“../../../../TrinityCoreCataClassic/src/server/scripts/Playerbots/Ai/Base/Actions/GuildManagementActions.cpp”)
      E:\1.ClassicCataSlym\TrinityCoreCataClassic\src\server\game\Guilds\Guild.h(949,16):
      参见“Guild::GetMemberRankRights”的声明
      E:\1.ClassicCataSlym\TrinityCoreCataClassic\src\server\game\Guilds\Guild.h(333,19):
      参见“Guild”的声明
  
E:\1.ClassicCataSlym\TrinityCoreCataClassic\src\server\scripts\Playerbots\Ai\Base\Actions\GuildManagementActions.cpp(224,24): error C2248: “Guild::GetMemberRankRights”: 无法访问 private 成员(在“Guild”类中声明) [E:\1.ClassicCataSlym\CataslymBuild\src\server\scripts\scripts.vcxproj]
  (编译源文件“../../../../TrinityCoreCataClassic/src/server/scripts/Playerbots/Ai/Base/Actions/GuildManagementActions.cpp”)
      E:\1.ClassicCataSlym\TrinityCoreCataClassic\src\server\game\Guilds\Guild.h(949,16):
      参见“Guild::GetMemberRankRights”的声明
      E:\1.ClassicCataSlym\TrinityCoreCataClassic\src\server\game\Guilds\Guild.h(333,19):
      参见“Guild”的声明
  
E:\1.ClassicCataSlym\TrinityCoreCataClassic\src\server\scripts\Playerbots\Ai\Base\Actions\GuildManagementActions.cpp(235,30): error C2248: “Guild::GetMemberRankRights”: 无法访问 private 成员(在“Guild”类中声明) [E:\1.ClassicCataSlym\CataslymBuild\src\server\scripts\scripts.vcxproj]
  (编译源文件“../../../../TrinityCoreCataClassic/src/server/scripts/Playerbots/Ai/Base/Actions/GuildManagementActions.cpp”)
      E:\1.ClassicCataSlym\TrinityCoreCataClassic\src\server\game\Guilds\Guild.h(949,16):
      参见“Guild::GetMemberRankRights”的声明
      E:\1.ClassicCataSlym\TrinityCoreCataClassic\src\server\game\Guilds\Guild.h(333,19):
      参见“Guild”的声明
  
E:\1.ClassicCataSlym\TrinityCoreCataClassic\src\server\scripts\Playerbots\Ai\Base\Actions\GuildManagementActions.cpp(255,30): error C2248: “Guild::GetMemberRankRights”: 无法访问 private 成员(在“Guild”类中声明) [E:\1.ClassicCataSlym\CataslymBuild\src\server\scripts\scripts.vcxproj]
  (编译源文件“../../../../TrinityCoreCataClassic/src/server/scripts/Playerbots/Ai/Base/Actions/GuildManagementActions.cpp”)
      E:\1.ClassicCataSlym\TrinityCoreCataClassic\src\server\game\Guilds\Guild.h(949,16):
      参见“Guild::GetMemberRankRights”的声明
      E:\1.ClassicCataSlym\TrinityCoreCataClassic\src\server\game\Guilds\Guild.h(333,19):
      参见“Guild”的声明
  
E:\1.ClassicCataSlym\TrinityCoreCataClassic\src\server\scripts\Playerbots\Ai\Base\Actions\GuildManagementActions.cpp(371,19): error C2248: “Guild::GetMemberRankRights”: 无法访问 private 成员(在“Guild”类中声明) [E:\1.ClassicCataSlym\CataslymBuild\src\server\scripts\scripts.vcxproj]
  (编译源文件“../../../../TrinityCoreCataClassic/src/server/scripts/Playerbots/Ai/Base/Actions/GuildManagementActions.cpp”)
      E:\1.ClassicCataSlym\TrinityCoreCataClassic\src\server\game\Guilds\Guild.h(949,16):
      参见“Guild::GetMemberRankRights”的声明
      E:\1.ClassicCataSlym\TrinityCoreCataClassic\src\server\game\Guilds\Guild.h(333,19):
      参见“Guild”的声明
  
E:\1.ClassicCataSlym\TrinityCoreCataClassic\src\server\scripts\Playerbots\Ai\Base\Actions\ImbueAction.cpp(22,14): error C2039: "getStandState": 不是 "Player" 的成员 [E:\1.ClassicCataSlym\CataslymBuild\src\server\scripts\scripts.vcxproj]
  (编译源文件“../../../../TrinityCoreCataClassic/src/server/scripts/Playerbots/Ai/Base/Actions/ImbueAction.cpp”)
      E:\1.ClassicCataSlym\TrinityCoreCataClassic\src\server\game\Entities\Player\Player.h(1147,19):
      参见“Player”的声明
  
E:\1.ClassicCataSlym\TrinityCoreCataClassic\src\server\scripts\Playerbots\Ai\Base\Actions\ImbueAction.cpp(116,14): error C2039: "getStandState": 不是 "Player" 的成员 [E:\1.ClassicCataSlym\CataslymBuild\src\server\scripts\scripts.vcxproj]
  (编译源文件“../../../../TrinityCoreCataClassic/src/server/scripts/Playerbots/Ai/Base/Actions/ImbueAction.cpp”)
      E:\1.ClassicCataSlym\TrinityCoreCataClassic\src\server\game\Entities\Player\Player.h(1147,19):
      参见“Player”的声明
  
E:\1.ClassicCataSlym\TrinityCoreCataClassic\src\server\scripts\Playerbots\Ai\Base\Actions\ImbueAction.cpp(161,14): error C2039: "getStandState": 不是 "Player" 的成员 [E:\1.ClassicCataSlym\CataslymBuild\src\server\scripts\scripts.vcxproj]
  (编译源文件“../../../../TrinityCoreCataClassic/src/server/scripts/Playerbots/Ai/Base/Actions/ImbueAction.cpp”)
      E:\1.ClassicCataSlym\TrinityCoreCataClassic\src\server\game\Entities\Player\Player.h(1147,19):
      参见“Player”的声明
  
  MoveToRpgTargetAction.cpp
  MoveToTravelTargetAction.cpp
E:\1.ClassicCataSlym\TrinityCoreCataClassic\src\server\game\Loot\Loot.h(64,12): error C3431: “RollVote”: 不能将 未区分范围的枚举 重新声明为 区分范围的枚举 [E:\1.ClassicCataSlym\CataslymBuild\src\server\scripts\scripts.vcxproj]
  (编译源文件“../../../../TrinityCoreCataClassic/src/server/scripts/Playerbots/Ai/Base/Actions/LootRollAction.cpp”)
      E:\1.ClassicCataSlym\TrinityCoreCataClassic\src\server\scripts\Playerbots\Ai\Base\Actions\LootRollAction.h(16,6):
      请参阅“RollVote”的先前声明
  
  MovementActions.cpp
  NonCombatActions.cpp
  OpenItemAction.cpp
E:\1.ClassicCataSlym\TrinityCoreCataClassic\src\server\scripts\Playerbots\Ai\Base\Actions\LfgActions.cpp(29,39): error C2039: "GetProposalMembers": 不是 "lfg::LFGMgr" 的成员 [E:\1.ClassicCataSlym\CataslymBuild\src\server\scripts\scripts.vcxproj]
  (编译源文件“../../../../TrinityCoreCataClassic/src/server/scripts/Playerbots/Ai/Base/Actions/LfgActions.cpp”)
      E:\1.ClassicCataSlym\TrinityCoreCataClassic\src\server\game\DungeonFinding\LFGMgr.h(312,19):
      参见“lfg::LFGMgr”的声明
  
  OutfitAction.cpp
  PassLeadershipToMasterAction.cpp
  PetitionSignAction.cpp
E:\1.ClassicCataSlym\TrinityCoreCataClassic\src\server\scripts\Playerbots\Ai\Base\Actions\LootRollAction.cpp(39,72): error C2676: 二进制“!=”:“const _Ty2”不定义该运算符或到预定义运算符可接收的类型的转换 [E:\1.ClassicCataSlym\CataslymBuild\src\server\scripts\scripts.vcxproj]
E:\1.ClassicCataSlym\TrinityCoreCataClassic\src\server\scripts\Playerbots\Ai\Base\Actions\LootRollAction.cpp(39,72): error C2676:         with [E:\1.ClassicCataSlym\CataslymBuild\src\server\scripts\scripts.vcxproj]
E:\1.ClassicCataSlym\TrinityCoreCataClassic\src\server\scripts\Playerbots\Ai\Base\Actions\LootRollAction.cpp(39,72): error C2676:         [ [E:\1.ClassicCataSlym\CataslymBuild\src\server\scripts\scripts.vcxproj]
E:\1.ClassicCataSlym\TrinityCoreCataClassic\src\server\scripts\Playerbots\Ai\Base\Actions\LootRollAction.cpp(39,72): error C2676:             _Ty2=PlayerRollVote [E:\1.ClassicCataSlym\CataslymBuild\src\server\scripts\scripts.vcxproj]
E:\1.ClassicCataSlym\TrinityCoreCataClassic\src\server\scripts\Playerbots\Ai\Base\Actions\LootRollAction.cpp(39,72): error C2676:         ] [E:\1.ClassicCataSlym\CataslymBuild\src\server\scripts\scripts.vcxproj]
  (编译源文件“../../../../TrinityCoreCataClassic/src/server/scripts/Playerbots/Ai/Base/Actions/LootRollAction.cpp”)
  
E:\1.ClassicCataSlym\TrinityCoreCataClassic\src\server\scripts\Playerbots\Ai\Base\Actions\LootRollAction.cpp(235,12): error C2039: "CountRollVote": 不是 "Group" 的成员 [E:\1.ClassicCataSlym\CataslymBuild\src\server\scripts\scripts.vcxproj]
  (编译源文件“../../../../TrinityCoreCataClassic/src/server/scripts/Playerbots/Ai/Base/Actions/LootRollAction.cpp”)
      E:\1.ClassicCataSlym\TrinityCoreCataClassic\src\server\game\Groups\Group.h(204,19):
      参见“Group”的声明
  
E:\1.ClassicCataSlym\TrinityCoreCataClassic\src\server\scripts\Playerbots\Ai\Base\Actions\LootAction.cpp(141,14): error C2664: “void Player::SendLoot(Loot &,bool)”: 无法将参数 1 从“ObjectGuid”转换为“Loot &” [E:\1.ClassicCataSlym\CataslymBuild\src\server\scripts\scripts.vcxproj]
  (编译源文件“../../../../TrinityCoreCataClassic/src/server/scripts/Playerbots/Ai/Base/Actions/LootAction.cpp”)
      E:\1.ClassicCataSlym\TrinityCoreCataClassic\src\server\scripts\Playerbots\Ai\Base\Actions\LootAction.cpp(141,33):
      非常量引用只能绑定到左值
      E:\1.ClassicCataSlym\TrinityCoreCataClassic\src\server\game\Entities\Player\Player.h(2465,14):
      参见“Player::SendLoot”的声明
      E:\1.ClassicCataSlym\TrinityCoreCataClassic\src\server\scripts\Playerbots\Ai\Base\Actions\LootAction.cpp(141,14):
      尝试匹配参数列表“(ObjectGuid, LootType)”时
  
E:\1.ClassicCataSlym\TrinityCoreCataClassic\src\server\scripts\Playerbots\Ai\Base\Actions\LootAction.cpp(143,33): error C2039: "loot": 不是 "Creature" 的成员 [E:\1.ClassicCataSlym\CataslymBuild\src\server\scripts\scripts.vcxproj]
  (编译源文件“../../../../TrinityCoreCataClassic/src/server/scripts/Playerbots/Ai/Base/Actions/LootAction.cpp”)
      E:\1.ClassicCataSlym\TrinityCoreCataClassic\src\server\game\Entities\Creature\Creature.h(81,19):
      参见“Creature”的声明
  
E:\1.ClassicCataSlym\TrinityCoreCataClassic\src\server\scripts\Playerbots\Ai\Base\Actions\LootAction.cpp(160,27): error C2661: “LootItem::AllowedForPlayer”: 没有重载函数接受 1 个参数 [E:\1.ClassicCataSlym\CataslymBuild\src\server\scripts\scripts.vcxproj]
  (编译源文件“../../../../TrinityCoreCataClassic/src/server/scripts/Playerbots/Ai/Base/Actions/LootAction.cpp”)
      E:\1.ClassicCataSlym\TrinityCoreCataClassic\src\server\scripts\Playerbots\Ai\Base\Actions\LootAction.cpp(160,27):
      尝试匹配参数列表“(Player *)”时
  
E:\1.ClassicCataSlym\TrinityCoreCataClassic\src\server\scripts\Playerbots\Ai\Base\Actions\LootAction.cpp(180,62): error C2039: "GetPlayerQuestItems": 不是 "Loot" 的成员 [E:\1.ClassicCataSlym\CataslymBuild\src\server\scripts\scripts.vcxproj]
  (编译源文件“../../../../TrinityCoreCataClassic/src/server/scripts/Playerbots/Ai/Base/Actions/LootAction.cpp”)
      E:\1.ClassicCataSlym\TrinityCoreCataClassic\src\server\game\Loot\Loot.h(293,20):
      参见“Loot”的声明
  
E:\1.ClassicCataSlym\TrinityCoreCataClassic\src\server\scripts\Playerbots\Ai\Base\Actions\LootAction.cpp(180,54): error C2530: “playerQuestItems”: 必须初始化引用 [E:\1.ClassicCataSlym\CataslymBuild\src\server\scripts\scripts.vcxproj]
  (编译源文件“../../../../TrinityCoreCataClassic/src/server/scripts/Playerbots/Ai/Base/Actions/LootAction.cpp”)
  
E:\1.ClassicCataSlym\TrinityCoreCataClassic\src\server\scripts\Playerbots\Ai\Base\Actions\LootAction.cpp(189,27): error C2039: "index": 不是 "NotNormalLootItem" 的成员 [E:\1.ClassicCataSlym\CataslymBuild\src\server\scripts\scripts.vcxproj]
  (编译源文件“../../../../TrinityCoreCataClassic/src/server/scripts/Playerbots/Ai/Base/Actions/LootAction.cpp”)
      E:\1.ClassicCataSlym\TrinityCoreCataClassic\src\server\game\Loot\Loot.h(224,8):
      参见“NotNormalLootItem”的声明
  
E:\1.ClassicCataSlym\TrinityCoreCataClassic\src\server\scripts\Playerbots\Ai\Base\Actions\LootAction.cpp(189,42): error C2039: "quest_items": 不是 "Loot" 的成员 [E:\1.ClassicCataSlym\CataslymBuild\src\server\scripts\scripts.vcxproj]
  (编译源文件“../../../../TrinityCoreCataClassic/src/server/scripts/Playerbots/Ai/Base/Actions/LootAction.cpp”)
      E:\1.ClassicCataSlym\TrinityCoreCataClassic\src\server\game\Loot\Loot.h(293,20):
      参见“Loot”的声明
  
E:\1.ClassicCataSlym\TrinityCoreCataClassic\src\server\scripts\Playerbots\Ai\Base\Actions\LootAction.cpp(192,45): error C2039: "quest_items": 不是 "Loot" 的成员 [E:\1.ClassicCataSlym\CataslymBuild\src\server\scripts\scripts.vcxproj]
  (编译源文件“../../../../TrinityCoreCataClassic/src/server/scripts/Playerbots/Ai/Base/Actions/LootAction.cpp”)
      E:\1.ClassicCataSlym\TrinityCoreCataClassic\src\server\game\Loot\Loot.h(293,20):
      参见“Loot”的声明
  
E:\1.ClassicCataSlym\TrinityCoreCataClassic\src\server\scripts\Playerbots\Ai\Base\Actions\LootAction.cpp(192,63): error C2039: "index": 不是 "NotNormalLootItem" 的成员 [E:\1.ClassicCataSlym\CataslymBuild\src\server\scripts\scripts.vcxproj]
  (编译源文件“../../../../TrinityCoreCataClassic/src/server/scripts/Playerbots/Ai/Base/Actions/LootAction.cpp”)
      E:\1.ClassicCataSlym\TrinityCoreCataClassic\src\server\game\Loot\Loot.h(224,8):
      参见“NotNormalLootItem”的声明
  
E:\1.ClassicCataSlym\TrinityCoreCataClassic\src\server\scripts\Playerbots\Ai\Base\Actions\LootAction.cpp(192,68): error C7732: ']' 应为表达式 [E:\1.ClassicCataSlym\CataslymBuild\src\server\scripts\scripts.vcxproj]
  (编译源文件“../../../../TrinityCoreCataClassic/src/server/scripts/Playerbots/Ai/Base/Actions/LootAction.cpp”)
  
E:\1.ClassicCataSlym\TrinityCoreCataClassic\src\server\scripts\Playerbots\Ai\Base\Actions\LootAction.cpp(192,37): error C2530: “qLootItem”: 必须初始化引用 [E:\1.ClassicCataSlym\CataslymBuild\src\server\scripts\scripts.vcxproj]
  (编译源文件“../../../../TrinityCoreCataClassic/src/server/scripts/Playerbots/Ai/Base/Actions/LootAction.cpp”)
  
E:\1.ClassicCataSlym\TrinityCoreCataClassic\src\server\scripts\Playerbots\Ai\Base\Actions\LootAction.cpp(196,32): error C2661: “LootItem::AllowedForPlayer”: 没有重载函数接受 1 个参数 [E:\1.ClassicCataSlym\CataslymBuild\src\server\scripts\scripts.vcxproj]
  (编译源文件“../../../../TrinityCoreCataClassic/src/server/scripts/Playerbots/Ai/Base/Actions/LootAction.cpp”)
      E:\1.ClassicCataSlym\TrinityCoreCataClassic\src\server\scripts\Playerbots\Ai\Base\Actions\LootAction.cpp(196,32):
      尝试匹配参数列表“(Player *)”时
  
E:\1.ClassicCataSlym\TrinityCoreCataClassic\src\server\scripts\Playerbots\Ai\Base\Actions\LootAction.cpp(213,28): error C2664: “void WorldSession::DoLootRelease(Loot *)”: 无法将参数 1 从“ObjectGuid”转换为“Loot *” [E:\1.ClassicCataSlym\CataslymBuild\src\server\scripts\scripts.vcxproj]
  (编译源文件“../../../../TrinityCoreCataClassic/src/server/scripts/Playerbots/Ai/Base/Actions/LootAction.cpp”)
      E:\1.ClassicCataSlym\TrinityCoreCataClassic\src\server\scripts\Playerbots\Ai\Base\Actions\LootAction.cpp(213,52):
      没有可用于执行该转换的用户定义的转换运算符，或者无法调用该运算符
      E:\1.ClassicCataSlym\TrinityCoreCataClassic\src\server\game\Server\WorldSession.h(1109,14):
      参见“WorldSession::DoLootRelease”的声明
      E:\1.ClassicCataSlym\TrinityCoreCataClassic\src\server\scripts\Playerbots\Ai\Base\Actions\LootAction.cpp(213,28):
      尝试匹配参数列表“(ObjectGuid)”时
  
E:\1.ClassicCataSlym\TrinityCoreCataClassic\src\server\scripts\Playerbots\Ai\Base\Actions\LootAction.cpp(234,57): error C2039: "GetRequiredLootSkill": 不是 "CreatureTemplate" 的成员 [E:\1.ClassicCataSlym\CataslymBuild\src\server\scripts\scripts.vcxproj]
  (编译源文件“../../../../TrinityCoreCataClassic/src/server/scripts/Playerbots/Ai/Base/Actions/LootAction.cpp”)
      E:\1.ClassicCataSlym\TrinityCoreCataClassic\src\server\game\Entities\Creature\CreatureData.h(485,20):
      参见“CreatureTemplate”的声明
  
E:\1.ClassicCataSlym\TrinityCoreCataClassic\src\server\scripts\Playerbots\Ai\Base\Actions\LootAction.cpp(322,51): error C2039: "GetSpellInfoStoreSize": 不是 "SpellMgr" 的成员 [E:\1.ClassicCataSlym\CataslymBuild\src\server\scripts\scripts.vcxproj]
  (编译源文件“../../../../TrinityCoreCataClassic/src/server/scripts/Playerbots/Ai/Base/Actions/LootAction.cpp”)
      E:\1.ClassicCataSlym\TrinityCoreCataClassic\src\server\game\Spells\SpellMgr.h(644,19):
      参见“SpellMgr”的声明
  
E:\1.ClassicCataSlym\TrinityCoreCataClassic\src\server\scripts\Playerbots\Ai\Base\Actions\LootAction.cpp(522,27): error C2039: "loot": 不是 "Creature" 的成员 [E:\1.ClassicCataSlym\CataslymBuild\src\server\scripts\scripts.vcxproj]
  (编译源文件“../../../../TrinityCoreCataClassic/src/server/scripts/Playerbots/Ai/Base/Actions/LootAction.cpp”)
      E:\1.ClassicCataSlym\TrinityCoreCataClassic\src\server\game\Entities\Creature\Creature.h(81,19):
      参见“Creature”的声明
  
E:\1.ClassicCataSlym\TrinityCoreCataClassic\src\server\scripts\Playerbots\Ai\Base\Actions\LootAction.cpp(525,21): error C2039: "loot": 不是 "GameObject" 的成员 [E:\1.ClassicCataSlym\CataslymBuild\src\server\scripts\scripts.vcxproj]
  (编译源文件“../../../../TrinityCoreCataClassic/src/server/scripts/Playerbots/Ai/Base/Actions/LootAction.cpp”)
      E:\1.ClassicCataSlym\TrinityCoreCataClassic\src\server\game\Entities\GameObject\GameObject.h(171,19):
      参见“GameObject”的声明
  
E:\1.ClassicCataSlym\TrinityCoreCataClassic\src\server\scripts\Playerbots\Ai\Base\Actions\LootAction.cpp(528,23): error C2039: "loot": 不是 "Item" 的成员 [E:\1.ClassicCataSlym\CataslymBuild\src\server\scripts\scripts.vcxproj]
  (编译源文件“../../../../TrinityCoreCataClassic/src/server/scripts/Playerbots/Ai/Base/Actions/LootAction.cpp”)
      E:\1.ClassicCataSlym\TrinityCoreCataClassic\src\server\game\Entities\Item\Item.h(114,19):
      参见“Item”的声明
  
E:\1.ClassicCataSlym\TrinityCoreCataClassic\src\server\scripts\Playerbots\Ai\Base\Actions\LootAction.cpp(565,23): error C2661: “LootItem::AllowedForPlayer”: 没有重载函数接受 1 个参数 [E:\1.ClassicCataSlym\CataslymBuild\src\server\scripts\scripts.vcxproj]
  (编译源文件“../../../../TrinityCoreCataClassic/src/server/scripts/Playerbots/Ai/Base/Actions/LootAction.cpp”)
      E:\1.ClassicCataSlym\TrinityCoreCataClassic\src\server\scripts\Playerbots\Ai\Base\Actions\LootAction.cpp(565,23):
      尝试匹配参数列表“(Player *)”时
  
E:\1.ClassicCataSlym\TrinityCoreCataClassic\src\server\scripts\Playerbots\Ai\Base\Actions\LootAction.cpp(570,36): error C2039: "itemIndex": 不是 "LootItem" 的成员 [E:\1.ClassicCataSlym\CataslymBuild\src\server\scripts\scripts.vcxproj]
  (编译源文件“../../../../TrinityCoreCataClassic/src/server/scripts/Playerbots/Ai/Base/Actions/LootAction.cpp”)
      E:\1.ClassicCataSlym\TrinityCoreCataClassic\src\server\game\Loot\Loot.h(176,20):
      参见“LootItem”的声明
  
E:\1.ClassicCataSlym\TrinityCoreCataClassic\src\server\scripts\Playerbots\Ai\Base\Actions\LootAction.cpp(641,31): error C2039: "loot": 不是 "Creature" 的成员 [E:\1.ClassicCataSlym\CataslymBuild\src\server\scripts\scripts.vcxproj]
  (编译源文件“../../../../TrinityCoreCataClassic/src/server/scripts/Playerbots/Ai/Base/Actions/LootAction.cpp”)
      E:\1.ClassicCataSlym\TrinityCoreCataClassic\src\server\game\Entities\Creature\Creature.h(81,19):
      参见“Creature”的声明
  
E:\1.ClassicCataSlym\TrinityCoreCataClassic\src\server\scripts\Playerbots\Ai\Base\Actions\LootAction.cpp(643,25): error C2039: "loot": 不是 "GameObject" 的成员 [E:\1.ClassicCataSlym\CataslymBuild\src\server\scripts\scripts.vcxproj]
  (编译源文件“../../../../TrinityCoreCataClassic/src/server/scripts/Playerbots/Ai/Base/Actions/LootAction.cpp”)
      E:\1.ClassicCataSlym\TrinityCoreCataClassic\src\server\game\Entities\GameObject\GameObject.h(171,19):
      参见“GameObject”的声明
  
E:\1.ClassicCataSlym\TrinityCoreCataClassic\src\server\scripts\Playerbots\Ai\Base\Actions\LootAction.cpp(651,58): error C2039: "GetPlayerQuestItems": 不是 "Loot" 的成员 [E:\1.ClassicCataSlym\CataslymBuild\src\server\scripts\scripts.vcxproj]
  (编译源文件“../../../../TrinityCoreCataClassic/src/server/scripts/Playerbots/Ai/Base/Actions/LootAction.cpp”)
      E:\1.ClassicCataSlym\TrinityCoreCataClassic\src\server\game\Loot\Loot.h(293,20):
      参见“Loot”的声明
  
E:\1.ClassicCataSlym\TrinityCoreCataClassic\src\server\scripts\Playerbots\Ai\Base\Actions\LootAction.cpp(651,50): error C2530: “playerQuestItems”: 必须初始化引用 [E:\1.ClassicCataSlym\CataslymBuild\src\server\scripts\scripts.vcxproj]
  (编译源文件“../../../../TrinityCoreCataClassic/src/server/scripts/Playerbots/Ai/Base/Actions/LootAction.cpp”)
  
E:\1.ClassicCataSlym\TrinityCoreCataClassic\src\server\scripts\Playerbots\Ai\Base\Actions\LootAction.cpp(660,23): error C2039: "index": 不是 "NotNormalLootItem" 的成员 [E:\1.ClassicCataSlym\CataslymBuild\src\server\scripts\scripts.vcxproj]
  (编译源文件“../../../../TrinityCoreCataClassic/src/server/scripts/Playerbots/Ai/Base/Actions/LootAction.cpp”)
      E:\1.ClassicCataSlym\TrinityCoreCataClassic\src\server\game\Loot\Loot.h(224,8):
      参见“NotNormalLootItem”的声明
  
E:\1.ClassicCataSlym\TrinityCoreCataClassic\src\server\scripts\Playerbots\Ai\Base\Actions\LootAction.cpp(660,38): error C2039: "quest_items": 不是 "Loot" 的成员 [E:\1.ClassicCataSlym\CataslymBuild\src\server\scripts\scripts.vcxproj]
  (编译源文件“../../../../TrinityCoreCataClassic/src/server/scripts/Playerbots/Ai/Base/Actions/LootAction.cpp”)
      E:\1.ClassicCataSlym\TrinityCoreCataClassic\src\server\game\Loot\Loot.h(293,20):
      参见“Loot”的声明
  
E:\1.ClassicCataSlym\TrinityCoreCataClassic\src\server\scripts\Playerbots\Ai\Base\Actions\LootAction.cpp(663,41): error C2039: "quest_items": 不是 "Loot" 的成员 [E:\1.ClassicCataSlym\CataslymBuild\src\server\scripts\scripts.vcxproj]
  (编译源文件“../../../../TrinityCoreCataClassic/src/server/scripts/Playerbots/Ai/Base/Actions/LootAction.cpp”)
      E:\1.ClassicCataSlym\TrinityCoreCataClassic\src\server\game\Loot\Loot.h(293,20):
      参见“Loot”的声明
  
E:\1.ClassicCataSlym\TrinityCoreCataClassic\src\server\scripts\Playerbots\Ai\Base\Actions\LootAction.cpp(663,59): error C2039: "index": 不是 "NotNormalLootItem" 的成员 [E:\1.ClassicCataSlym\CataslymBuild\src\server\scripts\scripts.vcxproj]
  (编译源文件“../../../../TrinityCoreCataClassic/src/server/scripts/Playerbots/Ai/Base/Actions/LootAction.cpp”)
      E:\1.ClassicCataSlym\TrinityCoreCataClassic\src\server\game\Loot\Loot.h(224,8):
      参见“NotNormalLootItem”的声明
  
E:\1.ClassicCataSlym\TrinityCoreCataClassic\src\server\scripts\Playerbots\Ai\Base\Actions\LootAction.cpp(663,64): error C7732: ']' 应为表达式 [E:\1.ClassicCataSlym\CataslymBuild\src\server\scripts\scripts.vcxproj]
  (编译源文件“../../../../TrinityCoreCataClassic/src/server/scripts/Playerbots/Ai/Base/Actions/LootAction.cpp”)
  
E:\1.ClassicCataSlym\TrinityCoreCataClassic\src\server\scripts\Playerbots\Ai\Base\Actions\LootAction.cpp(663,33): error C2530: “qLootItem”: 必须初始化引用 [E:\1.ClassicCataSlym\CataslymBuild\src\server\scripts\scripts.vcxproj]
  (编译源文件“../../../../TrinityCoreCataClassic/src/server/scripts/Playerbots/Ai/Base/Actions/LootAction.cpp”)
  
E:\1.ClassicCataSlym\TrinityCoreCataClassic\src\server\scripts\Playerbots\Ai\Base\Actions\LootAction.cpp(667,28): error C2661: “LootItem::AllowedForPlayer”: 没有重载函数接受 1 个参数 [E:\1.ClassicCataSlym\CataslymBuild\src\server\scripts\scripts.vcxproj]
  (编译源文件“../../../../TrinityCoreCataClassic/src/server/scripts/Playerbots/Ai/Base/Actions/LootAction.cpp”)
      E:\1.ClassicCataSlym\TrinityCoreCataClassic\src\server\scripts\Playerbots\Ai\Base\Actions\LootAction.cpp(667,28):
      尝试匹配参数列表“(Player *)”时
  
E:\1.ClassicCataSlym\TrinityCoreCataClassic\src\server\scripts\Playerbots\Ai\Base\Actions\OpenItemAction.cpp(48,53): error C2660: “ItemTemplate::GetName”: 函数不接受 0 个参数 [E:\1.ClassicCataSlym\CataslymBuild\src\server\scripts\scripts.vcxproj]
  (编译源文件“../../../../TrinityCoreCataClassic/src/server/scripts/Playerbots/Ai/Base/Actions/OpenItemAction.cpp”)
      E:\1.ClassicCataSlym\TrinityCoreCataClassic\src\server\game\Entities\Item\ItemTemplate.h(854,17):
      参见“ItemTemplate::GetName”的声明
      E:\1.ClassicCataSlym\TrinityCoreCataClassic\src\server\scripts\Playerbots\Ai\Base\Actions\OpenItemAction.cpp(48,53):
      尝试匹配参数列表“()”时
  
E:\1.ClassicCataSlym\TrinityCoreCataClassic\src\server\scripts\Playerbots\Ai\Base\Actions\OpenItemAction.cpp(48,29): error C2088: 内置运算符 '<<' 无法应用于类型为 'std::basic_ostream<char,std::char_traits<char>>' 的操作数 [E:\1.ClassicCataSlym\CataslymBuild\src\server\scripts\scripts.vcxproj]
  (编译源文件“../../../../TrinityCoreCataClassic/src/server/scripts/Playerbots/Ai/Base/Actions/OpenItemAction.cpp”)
  
  PetsAction.cpp
  PositionAction.cpp
  PullActions.cpp
  PvpCombatActions.cpp
E:\1.ClassicCataSlym\TrinityCoreCataClassic\src\server\scripts\Playerbots\Ai\Base\Actions\MovementActions.cpp(80,8): error C2664: “void MotionMaster::MoveJump(uint32,const Position &,std::variant<std::monostate,float,Milliseconds>,std::optional<float>,std::optional<float>,const MovementFacingTarget &,bool,bool,std::optional<float>,const JumpArrivalCastArgs *,const Movement::SpellEffectExtraData *,Scripting::v2::ActionResultSetter<MovementStopReason> &&)”: 无法将参数 2 从“float”转换为“const Position &” [E:\1.ClassicCataSlym\CataslymBuild\src\server\scripts\scripts.vcxproj]
  (编译源文件“../../../../TrinityCoreCataClassic/src/server/scripts/Playerbots/Ai/Base/Actions/MovementActions.cpp”)
      E:\1.ClassicCataSlym\TrinityCoreCataClassic\src\server\scripts\Playerbots\Ai\Base\Actions\MovementActions.cpp(80,20):
      原因如下: 无法从“float”转换为“const Position”
      E:\1.ClassicCataSlym\TrinityCoreCataClassic\src\server\scripts\Playerbots\Ai\Base\Actions\MovementActions.cpp(80,20):
      “Position::Position”: 没有重载函数可以转换所有参数类型
          E:\1.ClassicCataSlym\TrinityCoreCataClassic\src\server\game\Entities\Object\Position.h(187,1):
          可能是“Position::Position(Position &&)”
              E:\1.ClassicCataSlym\TrinityCoreCataClassic\src\server\scripts\Playerbots\Ai\Base\Actions\MovementActions.cpp(80,20):
              “Position::Position(Position &&)”: 无法将参数 1 从“float”转换为“Position &&”
                  E:\1.ClassicCataSlym\TrinityCoreCataClassic\src\server\scripts\Playerbots\Ai\Base\Actions\MovementActions.cpp(80,20):
                  原因如下: 无法从“float”转换为“Position”
                  E:\1.ClassicCataSlym\TrinityCoreCataClassic\src\server\scripts\Playerbots\Ai\Base\Actions\MovementActions.cpp(80,20):
                  转换要求第二个用户定义的转换运算符或构造函数
          E:\1.ClassicCataSlym\TrinityCoreCataClassic\src\server\game\Entities\Object\Position.h(187,1):
          或    “Position::Position(const Position &)”
              E:\1.ClassicCataSlym\TrinityCoreCataClassic\src\server\scripts\Playerbots\Ai\Base\Actions\MovementActions.cpp(80,20):
              “Position::Position(const Position &)”: 无法将参数 1 从“float”转换为“const Position &”
                  E:\1.ClassicCataSlym\TrinityCoreCataClassic\src\server\scripts\Playerbots\Ai\Base\Actions\MovementActions.cpp(80,20):
                  原因如下: 无法从“float”转换为“const Position”
                  E:\1.ClassicCataSlym\TrinityCoreCataClassic\src\server\scripts\Playerbots\Ai\Base\Actions\MovementActions.cpp(80,20):
                  转换要求第二个用户定义的转换运算符或构造函数
          E:\1.ClassicCataSlym\TrinityCoreCataClassic\src\server\scripts\Playerbots\Ai\Base\Actions\MovementActions.cpp(80,20):
          尝试匹配参数列表“(float)”时
      E:\1.ClassicCataSlym\TrinityCoreCataClassic\src\server\game\Movement\MotionMaster.h(196,14):
      参见“MotionMaster::MoveJump”的声明
      E:\1.ClassicCataSlym\TrinityCoreCataClassic\src\server\scripts\Playerbots\Ai\Base\Actions\MovementActions.cpp(80,8):
      尝试匹配参数列表“(float, float, float, float, float, int)”时
  
E:\1.ClassicCataSlym\TrinityCoreCataClassic\src\server\scripts\Playerbots\Ai\Base\Actions\MovementActions.cpp(821,51): error C2039: "GetObjectSize": 不是 "Unit" 的成员 [E:\1.ClassicCataSlym\CataslymBuild\src\server\scripts\scripts.vcxproj]
  (编译源文件“../../../../TrinityCoreCataClassic/src/server/scripts/Playerbots/Ai/Base/Actions/MovementActions.cpp”)
      E:\1.ClassicCataSlym\TrinityCoreCataClassic\src\server\game\Entities\Unit\Unit.h(647,19):
      参见“Unit”的声明
  
E:\1.ClassicCataSlym\TrinityCoreCataClassic\src\server\scripts\Playerbots\Ai\Base\Actions\MovementActions.cpp(821,33): error C2672: “std::min”: 未找到匹配的重载函数 [E:\1.ClassicCataSlym\CataslymBuild\src\server\scripts\scripts.vcxproj]
  (编译源文件“../../../../TrinityCoreCataClassic/src/server/scripts/Playerbots/Ai/Base/Actions/MovementActions.cpp”)
      C:\Program Files\Microsoft Visual Studio\18\Insiders\VC\Tools\MSVC\14.51.36231\include\utility(112,26):
      可能是“_Ty std::min(std::initializer_list<_Elem>)”
          E:\1.ClassicCataSlym\TrinityCoreCataClassic\src\server\scripts\Playerbots\Ai\Base\Actions\MovementActions.cpp(821,33):
          “_Ty std::min(std::initializer_list<_Elem>)”: 无法从“float”推导出“std::initializer_list<_Elem>”的 模板 参数
      C:\Program Files\Microsoft Visual Studio\18\Insiders\VC\Tools\MSVC\14.51.36231\include\utility(109,26):
      或    “_Ty std::min(std::initializer_list<_Elem>,_Pr)”
          E:\1.ClassicCataSlym\TrinityCoreCataClassic\src\server\scripts\Playerbots\Ai\Base\Actions\MovementActions.cpp(821,33):
          “_Ty std::min(std::initializer_list<_Elem>,_Pr)”: 应输入 2 个参数，却提供了 1 个
      C:\Program Files\Microsoft Visual Studio\18\Insiders\VC\Tools\MSVC\14.51.36231\include\utility(101,6):
      或    “const _Ty &std::min(const _Ty &,const _Ty &) noexcept(<expr>)”
          E:\1.ClassicCataSlym\TrinityCoreCataClassic\src\server\scripts\Playerbots\Ai\Base\Actions\MovementActions.cpp(821,33):
          “const _Ty &std::min(const _Ty &,const _Ty &) noexcept(<expr>)”: 应输入 2 个参数，却提供了 1 个
      C:\Program Files\Microsoft Visual Studio\18\Insiders\VC\Tools\MSVC\14.51.36231\include\utility(91,33):
      或    “const _Ty &std::min(const _Ty &,const _Ty &,_Pr) noexcept(<expr>)”
          E:\1.ClassicCataSlym\TrinityCoreCataClassic\src\server\scripts\Playerbots\Ai\Base\Actions\MovementActions.cpp(821,33):
          “const _Ty &std::min(const _Ty &,const _Ty &,_Pr) noexcept(<expr>)”: 应输入 3 个参数，却提供了 1 个
  
E:\1.ClassicCataSlym\TrinityCoreCataClassic\src\server\scripts\Playerbots\Ai\Base\Actions\MovementActions.cpp(944,79): error C2039: "isFrozen": 不是 "Player" 的成员 [E:\1.ClassicCataSlym\CataslymBuild\src\server\scripts\scripts.vcxproj]
  (编译源文件“../../../../TrinityCoreCataClassic/src/server/scripts/Playerbots/Ai/Base/Actions/MovementActions.cpp”)
      E:\1.ClassicCataSlym\TrinityCoreCataClassic\src\server\game\Entities\Player\Player.h(1147,19):
      参见“Player”的声明
  
E:\1.ClassicCataSlym\TrinityCoreCataClassic\src\server\scripts\Playerbots\Ai\Base\Actions\MovementActions.cpp(943,16): error C2737: “isCurrentlyRestricted”: 必须初始化 const 对象 [E:\1.ClassicCataSlym\CataslymBuild\src\server\scripts\scripts.vcxproj]
  (编译源文件“../../../../TrinityCoreCataClassic/src/server/scripts/Playerbots/Ai/Base/Actions/MovementActions.cpp”)
  
E:\1.ClassicCataSlym\TrinityCoreCataClassic\src\server\scripts\Playerbots\Ai\Base\Actions\MovementActions.cpp(1240,53): error C2039: "mapid": 不是 "TaxiPathNodeEntry" 的成员 [E:\1.ClassicCataSlym\CataslymBuild\src\server\scripts\scripts.vcxproj]
  (编译源文件“../../../../TrinityCoreCataClassic/src/server/scripts/Playerbots/Ai/Base/Actions/MovementActions.cpp”)
      E:\1.ClassicCataSlym\TrinityCoreCataClassic\src\server\game\DataStores\DB2Structure.h(3781,8):
      参见“TaxiPathNodeEntry”的声明
  
E:\1.ClassicCataSlym\TrinityCoreCataClassic\src\server\scripts\Playerbots\Ai\Base\Actions\MovementActions.cpp(1240,68): error C2039: "x": 不是 "TaxiPathNodeEntry" 的成员 [E:\1.ClassicCataSlym\CataslymBuild\src\server\scripts\scripts.vcxproj]
  (编译源文件“../../../../TrinityCoreCataClassic/src/server/scripts/Playerbots/Ai/Base/Actions/MovementActions.cpp”)
      E:\1.ClassicCataSlym\TrinityCoreCataClassic\src\server\game\DataStores\DB2Structure.h(3781,8):
      参见“TaxiPathNodeEntry”的声明
  
E:\1.ClassicCataSlym\TrinityCoreCataClassic\src\server\scripts\Playerbots\Ai\Base\Actions\MovementActions.cpp(1240,79): error C2039: "y": 不是 "TaxiPathNodeEntry" 的成员 [E:\1.ClassicCataSlym\CataslymBuild\src\server\scripts\scripts.vcxproj]
  (编译源文件“../../../../TrinityCoreCataClassic/src/server/scripts/Playerbots/Ai/Base/Actions/MovementActions.cpp”)
      E:\1.ClassicCataSlym\TrinityCoreCataClassic\src\server\game\DataStores\DB2Structure.h(3781,8):
      参见“TaxiPathNodeEntry”的声明
  
E:\1.ClassicCataSlym\TrinityCoreCataClassic\src\server\scripts\Playerbots\Ai\Base\Actions\MovementActions.cpp(1240,90): error C2039: "z": 不是 "TaxiPathNodeEntry" 的成员 [E:\1.ClassicCataSlym\CataslymBuild\src\server\scripts\scripts.vcxproj]
  (编译源文件“../../../../TrinityCoreCataClassic/src/server/scripts/Playerbots/Ai/Base/Actions/MovementActions.cpp”)
      E:\1.ClassicCataSlym\TrinityCoreCataClassic\src\server\game\DataStores\DB2Structure.h(3781,8):
      参见“TaxiPathNodeEntry”的声明
  
E:\1.ClassicCataSlym\TrinityCoreCataClassic\src\server\scripts\Playerbots\Ai\Base\Actions\MovementActions.cpp(1239,29): warning C4390: “;”: 找到空的受控语句；这是否是有意的? [E:\1.ClassicCataSlym\CataslymBuild\src\server\scripts\scripts.vcxproj]
  (编译源文件“../../../../TrinityCoreCataClassic/src/server/scripts/Playerbots/Ai/Base/Actions/MovementActions.cpp”)
  
E:\1.ClassicCataSlym\TrinityCoreCataClassic\src\server\scripts\Playerbots\Ai\Base\Actions\MovementActions.cpp(2086,38): error C2440: “初始化”: 无法从“SpellRange”转换为“float” [E:\1.ClassicCataSlym\CataslymBuild\src\server\scripts\scripts.vcxproj]
  (编译源文件“../../../../TrinityCoreCataClassic/src/server/scripts/Playerbots/Ai/Base/Actions/MovementActions.cpp”)
      E:\1.ClassicCataSlym\TrinityCoreCataClassic\src\server\scripts\Playerbots\Ai\Base\Actions\MovementActions.cpp(2086,38):
      没有可用于执行该转换的用户定义的转换运算符，或者无法调用该运算符
  
E:\1.ClassicCataSlym\TrinityCoreCataClassic\src\server\scripts\Playerbots\Ai\Base\Actions\MovementActions.cpp(2124,43): error C2039: "isFrozen": 不是 "Unit" 的成员 [E:\1.ClassicCataSlym\CataslymBuild\src\server\scripts\scripts.vcxproj]
  (编译源文件“../../../../TrinityCoreCataClassic/src/server/scripts/Playerbots/Ai/Base/Actions/MovementActions.cpp”)
      E:\1.ClassicCataSlym\TrinityCoreCataClassic\src\server\game\Entities\Unit\Unit.h(647,19):
      参见“Unit”的声明
  
E:\1.ClassicCataSlym\TrinityCoreCataClassic\src\server\scripts\Playerbots\Ai\Base\Actions\MovementActions.cpp(2596,15): error C2039: "RelocatePolarOffset": 不是 "Position" 的成员 [E:\1.ClassicCataSlym\CataslymBuild\src\server\scripts\scripts.vcxproj]
  (编译源文件“../../../../TrinityCoreCataClassic/src/server/scripts/Playerbots/Ai/Base/Actions/MovementActions.cpp”)
      E:\1.ClassicCataSlym\TrinityCoreCataClassic\src\server\game\Entities\Object\Position.h(29,20):
      参见“Position”的声明
  
E:\1.ClassicCataSlym\TrinityCoreCataClassic\src\server\scripts\Playerbots\Ai\Base\Actions\MovementActions.cpp(2597,16): error C2039: "RelocatePolarOffset": 不是 "Position" 的成员 [E:\1.ClassicCataSlym\CataslymBuild\src\server\scripts\scripts.vcxproj]
  (编译源文件“../../../../TrinityCoreCataClassic/src/server/scripts/Playerbots/Ai/Base/Actions/MovementActions.cpp”)
      E:\1.ClassicCataSlym\TrinityCoreCataClassic\src\server\game\Entities\Object\Position.h(29,20):
      参见“Position”的声明
  
E:\1.ClassicCataSlym\TrinityCoreCataClassic\src\server\scripts\Playerbots\Ai\Base\Actions\MovementActions.cpp(2750,14): error C2039: "isFrozen": 不是 "Player" 的成员 [E:\1.ClassicCataSlym\CataslymBuild\src\server\scripts\scripts.vcxproj]
  (编译源文件“../../../../TrinityCoreCataClassic/src/server/scripts/Playerbots/Ai/Base/Actions/MovementActions.cpp”)
      E:\1.ClassicCataSlym\TrinityCoreCataClassic\src\server\game\Entities\Player\Player.h(1147,19):
      参见“Player”的声明
  
E:\1.ClassicCataSlym\TrinityCoreCataClassic\src\server\scripts\Playerbots\Ai\Base\Actions\MovementActions.cpp(2862,18): error C2660: “Map::IsInWater”: 函数不接受 6 个参数 [E:\1.ClassicCataSlym\CataslymBuild\src\server\scripts\scripts.vcxproj]
  (编译源文件“../../../../TrinityCoreCataClassic/src/server/scripts/Playerbots/Ai/Base/Actions/MovementActions.cpp”)
      E:\1.ClassicCataSlym\TrinityCoreCataClassic\src\server\game\Maps\Map.h(332,14):
      参见“Map::IsInWater”的声明
      E:\1.ClassicCataSlym\TrinityCoreCataClassic\src\server\scripts\Playerbots\Ai\Base\Actions\MovementActions.cpp(2862,18):
      尝试匹配参数列表“(PhaseShift, float, float, float, nullptr, float)”时
  
  PvpMindControl.cpp
  QueryItemUsageAction.cpp
  QueryQuestAction.cpp
  QuestAction.cpp
  QuestConfirmAcceptAction.cpp
  RandomBotUpdateAction.cpp
E:\1.ClassicCataSlym\TrinityCoreCataClassic\src\server\scripts\Playerbots\Ai\Base\Actions\QueryQuestAction.cpp(151,44): error C2039: "CreatureOrGOCount": 不是 "QuestStatusData" 的成员 [E:\1.ClassicCataSlym\CataslymBuild\src\server\scripts\scripts.vcxproj]
  (编译源文件“../../../../TrinityCoreCataClassic/src/server/scripts/Playerbots/Ai/Base/Actions/QueryQuestAction.cpp”)
      E:\1.ClassicCataSlym\TrinityCoreCataClassic\src\server\game\Quests\QuestDef.h(856,8):
      参见“QuestStatusData”的声明
  
  RangeAction.cpp
  ReachTargetActions.cpp
E:\1.ClassicCataSlym\TrinityCoreCataClassic\src\server\scripts\Playerbots\Ai\Base\Actions\PetitionSignAction.cpp(36,36): error C2039: "PetitionType": 不是 "Petition" 的成员 [E:\1.ClassicCataSlym\CataslymBuild\src\server\scripts\scripts.vcxproj]
  (编译源文件“../../../../TrinityCoreCataClassic/src/server/scripts/Playerbots/Ai/Base/Actions/PetitionSignAction.cpp”)
      E:\1.ClassicCataSlym\TrinityCoreCataClassic\src\server\game\Petitions\PetitionMgr.h(53,8):
      参见“Petition”的声明
  
  ReadyCheckAction.cpp
  ReleaseSpiritAction.cpp
E:\1.ClassicCataSlym\TrinityCoreCataClassic\src\server\scripts\Playerbots\Ai\Base\Actions\PetsAction.cpp(274,25): error C2039: "StopMovingOnCurrentPos": 不是 "Creature" 的成员 [E:\1.ClassicCataSlym\CataslymBuild\src\server\scripts\scripts.vcxproj]
  (编译源文件“../../../../TrinityCoreCataClassic/src/server/scripts/Playerbots/Ai/Base/Actions/PetsAction.cpp”)
      E:\1.ClassicCataSlym\TrinityCoreCataClassic\src\server\game\Entities\Creature\Creature.h(81,19):
      参见“Creature”的声明
  
E:\1.ClassicCataSlym\TrinityCoreCataClassic\src\server\scripts\Playerbots\Ai\Base\Actions\PetsAction.cpp(301,28): error C2039: "SetForcedSpell": 不是 "CharmInfo" 的成员 [E:\1.ClassicCataSlym\CataslymBuild\src\server\scripts\scripts.vcxproj]
  (编译源文件“../../../../TrinityCoreCataClassic/src/server/scripts/Playerbots/Ai/Base/Actions/PetsAction.cpp”)
      E:\1.ClassicCataSlym\TrinityCoreCataClassic\src\server\game\Entities\Unit\CharmInfo.h(87,20):
      参见“CharmInfo”的声明
  
E:\1.ClassicCataSlym\TrinityCoreCataClassic\src\server\scripts\Playerbots\Ai\Base\Actions\PetsAction.cpp(304,28): error C2039: "SetForcedTargetGUID": 不是 "CharmInfo" 的成员 [E:\1.ClassicCataSlym\CataslymBuild\src\server\scripts\scripts.vcxproj]
  (编译源文件“../../../../TrinityCoreCataClassic/src/server/scripts/Playerbots/Ai/Base/Actions/PetsAction.cpp”)
      E:\1.ClassicCataSlym\TrinityCoreCataClassic\src\server\game\Entities\Unit\CharmInfo.h(87,20):
      参见“CharmInfo”的声明
  
  RememberTaxiAction.cpp
  RemoveAuraAction.cpp
  RepairAllAction.cpp
E:\1.ClassicCataSlym\TrinityCoreCataClassic\src\server\scripts\Playerbots\Ai\Base\Actions\PvpCombatActions.cpp(24,58): error C2039: "isFrozen": 不是 "Player" 的成员 [E:\1.ClassicCataSlym\CataslymBuild\src\server\scripts\scripts.vcxproj]
  (编译源文件“../../../../TrinityCoreCataClassic/src/server/scripts/Playerbots/Ai/Base/Actions/PvpCombatActions.cpp”)
      E:\1.ClassicCataSlym\TrinityCoreCataClassic\src\server\game\Entities\Player\Player.h(1147,19):
      参见“Player”的声明
  
E:\1.ClassicCataSlym\TrinityCoreCataClassic\src\server\scripts\Playerbots\Ai\Base\Actions\PvpCombatActions.cpp(151,25): error C2039: "isFrozen": 不是 "Unit" 的成员 [E:\1.ClassicCataSlym\CataslymBuild\src\server\scripts\scripts.vcxproj]
  (编译源文件“../../../../TrinityCoreCataClassic/src/server/scripts/Playerbots/Ai/Base/Actions/PvpCombatActions.cpp”)
      E:\1.ClassicCataSlym\TrinityCoreCataClassic\src\server\game\Entities\Unit\Unit.h(647,19):
      参见“Unit”的声明
  
  ResetAiAction.cpp
  ResetInstancesAction.cpp
  RevealGatheringItemAction.cpp
  ReviveFromCorpseAction.cpp
E:\1.ClassicCataSlym\TrinityCoreCataClassic\src\server\scripts\Playerbots\Ai\Base\Actions\PvpMindControl.cpp(66,14): error C2039: "AnyPlayerInObjectRangeCheck": 不是 "Trinity" 的成员 [E:\1.ClassicCataSlym\CataslymBuild\src\server\scripts\scripts.vcxproj]
  (编译源文件“../../../../TrinityCoreCataClassic/src/server/scripts/Playerbots/Ai/Base/Actions/PvpMindControl.cpp”)
      E:\1.ClassicCataSlym\TrinityCoreCataClassic\src\server\game\Spells\Auras\SpellAuraEffects.h(368,11):
      参见“Trinity”的声明
  
E:\1.ClassicCataSlym\TrinityCoreCataClassic\src\server\scripts\Playerbots\Ai\Base\Actions\PvpMindControl.cpp(66,14): error C2065: “AnyPlayerInObjectRangeCheck”: 未声明的标识符 [E:\1.ClassicCataSlym\CataslymBuild\src\server\scripts\scripts.vcxproj]
  (编译源文件“../../../../TrinityCoreCataClassic/src/server/scripts/Playerbots/Ai/Base/Actions/PvpMindControl.cpp”)
  
E:\1.ClassicCataSlym\TrinityCoreCataClassic\src\server\scripts\Playerbots\Ai\Base\Actions\PvpMindControl.cpp(66,42): error C2146: 语法错误: 缺少“;”(在标识符“check”的前面) [E:\1.ClassicCataSlym\CataslymBuild\src\server\scripts\scripts.vcxproj]
  (编译源文件“../../../../TrinityCoreCataClassic/src/server/scripts/Playerbots/Ai/Base/Actions/PvpMindControl.cpp”)
  
E:\1.ClassicCataSlym\TrinityCoreCataClassic\src\server\scripts\Playerbots\Ai\Base\Actions\PvpMindControl.cpp(66,42): error C3861: “check”: 找不到标识符 [E:\1.ClassicCataSlym\CataslymBuild\src\server\scripts\scripts.vcxproj]
  (编译源文件“../../../../TrinityCoreCataClassic/src/server/scripts/Playerbots/Ai/Base/Actions/PvpMindControl.cpp”)
  
E:\1.ClassicCataSlym\TrinityCoreCataClassic\src\server\scripts\Playerbots\Ai\Base\Actions\PvpMindControl.cpp(67,42): error C2039: "AnyPlayerInObjectRangeCheck": 不是 "Trinity" 的成员 [E:\1.ClassicCataSlym\CataslymBuild\src\server\scripts\scripts.vcxproj]
  (编译源文件“../../../../TrinityCoreCataClassic/src/server/scripts/Playerbots/Ai/Base/Actions/PvpMindControl.cpp”)
      E:\1.ClassicCataSlym\TrinityCoreCataClassic\src\server\game\Spells\Auras\SpellAuraEffects.h(368,11):
      参见“Trinity”的声明
  
E:\1.ClassicCataSlym\TrinityCoreCataClassic\src\server\scripts\Playerbots\Ai\Base\Actions\PvpMindControl.cpp(67,42): error C2065: “AnyPlayerInObjectRangeCheck”: 未声明的标识符 [E:\1.ClassicCataSlym\CataslymBuild\src\server\scripts\scripts.vcxproj]
  (编译源文件“../../../../TrinityCoreCataClassic/src/server/scripts/Playerbots/Ai/Base/Actions/PvpMindControl.cpp”)
  
E:\1.ClassicCataSlym\TrinityCoreCataClassic\src\server\scripts\Playerbots\Ai\Base\Actions\PvpMindControl.cpp(67,14): error C2923: "Trinity::PlayerListSearcher": "AnyPlayerInObjectRangeCheck" 不是参数 "Check" 的有效 模板 类型参数 [E:\1.ClassicCataSlym\CataslymBuild\src\server\scripts\scripts.vcxproj]
  (编译源文件“../../../../TrinityCoreCataClassic/src/server/scripts/Playerbots/Ai/Base/Actions/PvpMindControl.cpp”)
      E:\1.ClassicCataSlym\TrinityCoreCataClassic\src\server\scripts\Playerbots\Ai\Base\Actions\PvpMindControl.cpp(67,42):
      参见“AnyPlayerInObjectRangeCheck”的声明
  
E:\1.ClassicCataSlym\TrinityCoreCataClassic\src\server\scripts\Playerbots\Ai\Base\Actions\PvpMindControl.cpp(67,93): error C2065: “check”: 未声明的标识符 [E:\1.ClassicCataSlym\CataslymBuild\src\server\scripts\scripts.vcxproj]
  (编译源文件“../../../../TrinityCoreCataClassic/src/server/scripts/Playerbots/Ai/Base/Actions/PvpMindControl.cpp”)
  
E:\1.ClassicCataSlym\TrinityCoreCataClassic\src\server\scripts\Playerbots\Ai\Base\Actions\PvpMindControl.cpp(67,79): error C2641: 无法推导“Trinity::PlayerListSearcher”的模板参数 [E:\1.ClassicCataSlym\CataslymBuild\src\server\scripts\scripts.vcxproj]
  (编译源文件“../../../../TrinityCoreCataClassic/src/server/scripts/Playerbots/Ai/Base/Actions/PvpMindControl.cpp”)
  
  RewardAction.cpp
E:\1.ClassicCataSlym\TrinityCoreCataClassic\src\server\scripts\Playerbots\Ai\Base\Actions\QueryItemUsageAction.cpp(50,66): error C2039: "Name1": 不是 "ItemTemplate" 的成员 [E:\1.ClassicCataSlym\CataslymBuild\src\server\scripts\scripts.vcxproj]
  (编译源文件“../../../../TrinityCoreCataClassic/src/server/scripts/Playerbots/Ai/Base/Actions/QueryItemUsageAction.cpp”)
      E:\1.ClassicCataSlym\TrinityCoreCataClassic\src\server\game\Entities\Item\ItemTemplate.h(812,20):
      参见“ItemTemplate”的声明
  
E:\1.ClassicCataSlym\TrinityCoreCataClassic\src\server\scripts\Playerbots\Ai\Base\Actions\QueryItemUsageAction.cpp(131,66): error C2039: "Name1": 不是 "ItemTemplate" 的成员 [E:\1.ClassicCataSlym\CataslymBuild\src\server\scripts\scripts.vcxproj]
  (编译源文件“../../../../TrinityCoreCataClassic/src/server/scripts/Playerbots/Ai/Base/Actions/QueryItemUsageAction.cpp”)
      E:\1.ClassicCataSlym\TrinityCoreCataClassic\src\server\game\Entities\Item\ItemTemplate.h(812,20):
      参见“ItemTemplate”的声明
  
  RtiAction.cpp
E:\1.ClassicCataSlym\TrinityCoreCataClassic\src\server\scripts\Playerbots\Ai\Base\Actions\QuestAction.cpp(126,29): error C2660: “Player::KilledMonster”: 函数不接受 2 个参数 [E:\1.ClassicCataSlym\CataslymBuild\src\server\scripts\scripts.vcxproj]
  (编译源文件“../../../../TrinityCoreCataClassic/src/server/scripts/Playerbots/Ai/Base/Actions/QuestAction.cpp”)
      E:\1.ClassicCataSlym\TrinityCoreCataClassic\src\server\game\Entities\Player\Player.h(1715,14):
      参见“Player::KilledMonster”的声明
      E:\1.ClassicCataSlym\TrinityCoreCataClassic\src\server\scripts\Playerbots\Ai\Base\Actions\QuestAction.cpp(126,29):
      尝试匹配参数列表“(const CreatureTemplate *, const ObjectGuid)”时
  
E:\1.ClassicCataSlym\TrinityCoreCataClassic\src\server\scripts\Playerbots\Ai\Base\Actions\QuestAction.cpp(167,9): error C2039: "GetTitle": 不是 "Quest" 的成员 [E:\1.ClassicCataSlym\CataslymBuild\src\server\scripts\scripts.vcxproj]
  (编译源文件“../../../../TrinityCoreCataClassic/src/server/scripts/Playerbots/Ai/Base/Actions/QuestAction.cpp”)
      E:\1.ClassicCataSlym\TrinityCoreCataClassic\src\server\game\Quests\QuestDef.h(541,19):
      参见“Quest”的声明
  
E:\1.ClassicCataSlym\TrinityCoreCataClassic\src\server\scripts\Playerbots\Ai\Base\Actions\QuestAction.cpp(167,9): error C7595: “fmt::v12::fstring<const std::string &>::fstring”: 对即时函数的调用不是常量表达式 [E:\1.ClassicCataSlym\CataslymBuild\src\server\scripts\scripts.vcxproj]
  (编译源文件“../../../../TrinityCoreCataClassic/src/server/scripts/Playerbots/Ai/Base/Actions/QuestAction.cpp”)
      E:\1.ClassicCataSlym\TrinityCoreCataClassic\dep\fmt\include\fmt\base.h(2465,48):
      对未定义的函数或为未声明为“constexpr”的函数的调用导致了故障
      E:\1.ClassicCataSlym\TrinityCoreCataClassic\dep\fmt\include\fmt\base.h(2465,48):
      请参见“fmt::v12::report_error”的用法
      E:\1.ClassicCataSlym\TrinityCoreCataClassic\src\server\scripts\Playerbots\Ai\Base\Actions\QuestAction.cpp(167,9):
      计算的调用堆栈(最旧的调用优先)是
          E:\1.ClassicCataSlym\TrinityCoreCataClassic\src\server\scripts\Playerbots\Ai\Base\Actions\QuestAction.cpp(167,9):
          在计算函数 "fmt::v12::fstring<const std::string &>::fstring<Trinity::FormatStringView,0>(const S &)”时
          with
          [
              S=Trinity::FormatStringView
          ]
          E:\1.ClassicCataSlym\TrinityCoreCataClassic\dep\fmt\include\fmt\base.h(2767,40):
          在计算函数 "void fmt::v12::detail::parse_format_string<char,fmt::v12::detail::format_string_checker<char,1,0,false>>(fmt::v12::basic_string_view<char>,Handler &&)”时
          with
          [
              Handler=fmt::v12::detail::format_string_checker<char,1,0,false>
          ]
          E:\1.ClassicCataSlym\TrinityCoreCataClassic\dep\fmt\include\fmt\base.h(1660,42):
          在计算函数 "const Char *fmt::v12::detail::parse_replacement_field<Char,Handler&>(const Char *,const Char *,fmt::v12::detail::format_string_checker<Char,1,0,false>&)”时
          with
          [
              Char=char,
              Handler=fmt::v12::detail::format_string_checker<char,1,0,false>
          ]
          E:\1.ClassicCataSlym\TrinityCoreCataClassic\dep\fmt\include\fmt\base.h(1617,51):
          在计算函数 "int fmt::v12::detail::format_string_checker<char,1,0,false>::on_arg_id(void)”时
          E:\1.ClassicCataSlym\TrinityCoreCataClassic\dep\fmt\include\fmt\base.h(1727,70):
          在计算函数 "int fmt::v12::detail::compile_parse_context<Char>::next_arg_id(void)”时
          with
          [
              Char=char
          ]
          E:\1.ClassicCataSlym\TrinityCoreCataClassic\dep\fmt\include\fmt\base.h(1266,31):
          在计算函数 "int fmt::v12::parse_context<char>::next_arg_id(void)”时
          E:\1.ClassicCataSlym\TrinityCoreCataClassic\dep\fmt\include\fmt\base.h(893,20):
          在计算函数 "void fmt::v12::parse_context<char>::do_check_arg_id(int)”时
          E:\1.ClassicCataSlym\TrinityCoreCataClassic\dep\fmt\include\fmt\base.h(2465,48):
          在计算函数 "void fmt::v12::report_error(const char *)”时
  
  RtscAction.cpp
  SaveManaAction.cpp
  SayAction.cpp
  SecurityCheckAction.cpp
  SeeSpellAction.cpp
  SellAction.cpp
  SendMailAction.cpp
  SetCraftAction.cpp
E:\1.ClassicCataSlym\TrinityCoreCataClassic\src\server\scripts\Playerbots\Ai\Base\Actions\RewardAction.cpp(73,60): error C2039: "GetTitle": 不是 "Quest" 的成员 [E:\1.ClassicCataSlym\CataslymBuild\src\server\scripts\scripts.vcxproj]
  (编译源文件“../../../../TrinityCoreCataClassic/src/server/scripts/Playerbots/Ai/Base/Actions/RewardAction.cpp”)
      E:\1.ClassicCataSlym\TrinityCoreCataClassic\src\server\game\Quests\QuestDef.h(541,19):
      参见“Quest”的声明
  
E:\1.ClassicCataSlym\TrinityCoreCataClassic\src\server\scripts\Playerbots\Ai\Base\Actions\RewardAction.cpp(74,63): error C2039: "Name1": 不是 "ItemTemplate" 的成员 [E:\1.ClassicCataSlym\CataslymBuild\src\server\scripts\scripts.vcxproj]
  (编译源文件“../../../../TrinityCoreCataClassic/src/server/scripts/Playerbots/Ai/Base/Actions/RewardAction.cpp”)
      E:\1.ClassicCataSlym\TrinityCoreCataClassic\src\server\game\Entities\Item\ItemTemplate.h(812,20):
      参见“ItemTemplate”的声明
  
  SetFocusHealTargetsAction.cpp
  SetHomeAction.cpp
  ShareQuestAction.cpp
  SkipSpellsListAction.cpp
  StatsAction.cpp
  StayActions.cpp
  SuggestWhatToDoAction.cpp
  TalkToQuestGiverAction.cpp
E:\1.ClassicCataSlym\TrinityCoreCataClassic\src\server\scripts\Playerbots\Ai\Base\Actions\SellAction.cpp(61,23): error C2039: "Class": 不是 "ItemTemplate" 的成员 [E:\1.ClassicCataSlym\CataslymBuild\src\server\scripts\scripts.vcxproj]
  (编译源文件“../../../../TrinityCoreCataClassic/src/server/scripts/Playerbots/Ai/Base/Actions/SellAction.cpp”)
      E:\1.ClassicCataSlym\TrinityCoreCataClassic\src\server\game\Entities\Item\ItemTemplate.h(812,20):
      参见“ItemTemplate”的声明
  
E:\1.ClassicCataSlym\TrinityCoreCataClassic\src\server\scripts\Playerbots\Ai\Base\Actions\SellAction.cpp(61,59): error C2039: "Class": 不是 "ItemTemplate" 的成员 [E:\1.ClassicCataSlym\CataslymBuild\src\server\scripts\scripts.vcxproj]
  (编译源文件“../../../../TrinityCoreCataClassic/src/server/scripts/Playerbots/Ai/Base/Actions/SellAction.cpp”)
      E:\1.ClassicCataSlym\TrinityCoreCataClassic\src\server\game\Entities\Item\ItemTemplate.h(812,20):
      参见“ItemTemplate”的声明
  
E:\1.ClassicCataSlym\TrinityCoreCataClassic\src\server\scripts\Playerbots\Ai\Base\Actions\SellAction.cpp(66,20): error C2039: "Class": 不是 "ItemTemplate" 的成员 [E:\1.ClassicCataSlym\CataslymBuild\src\server\scripts\scripts.vcxproj]
  (编译源文件“../../../../TrinityCoreCataClassic/src/server/scripts/Playerbots/Ai/Base/Actions/SellAction.cpp”)
      E:\1.ClassicCataSlym\TrinityCoreCataClassic\src\server\game\Entities\Item\ItemTemplate.h(812,20):
      参见“ItemTemplate”的声明
  
  TameAction.cpp
  TaxiAction.cpp
  TeleportAction.cpp
  TellCastFailedAction.cpp
  TellEmblemsAction.cpp
  TellGlyphsAction.cpp
E:\1.ClassicCataSlym\TrinityCoreCataClassic\src\server\scripts\Playerbots\Ai\Base\Actions\ShareQuestAction.cpp(84,25): error C2039: "GetDivider": 不是 "Player" 的成员 [E:\1.ClassicCataSlym\CataslymBuild\src\server\scripts\scripts.vcxproj]
  (编译源文件“../../../../TrinityCoreCataClassic/src/server/scripts/Playerbots/Ai/Base/Actions/ShareQuestAction.cpp”)
      E:\1.ClassicCataSlym\TrinityCoreCataClassic\src\server\game\Entities\Player\Player.h(1147,19):
      参见“Player”的声明
  
  TellItemCountAction.cpp
  TellLosAction.cpp
  TellMasterAction.cpp
E:\1.ClassicCataSlym\TrinityCoreCataClassic\src\server\scripts\Playerbots\Ai\Base\Actions\TalkToQuestGiverAction.cpp(102,9): error C2039: "GetTitle": 不是 "Quest" 的成员 [E:\1.ClassicCataSlym\CataslymBuild\src\server\scripts\scripts.vcxproj]
  (编译源文件“../../../../TrinityCoreCataClassic/src/server/scripts/Playerbots/Ai/Base/Actions/TalkToQuestGiverAction.cpp”)
      E:\1.ClassicCataSlym\TrinityCoreCataClassic\src\server\game\Quests\QuestDef.h(541,19):
      参见“Quest”的声明
  
E:\1.ClassicCataSlym\TrinityCoreCataClassic\src\server\scripts\Playerbots\Ai\Base\Actions\TalkToQuestGiverAction.cpp(102,9): error C7595: “fmt::v12::fstring<const std::string &>::fstring”: 对即时函数的调用不是常量表达式 [E:\1.ClassicCataSlym\CataslymBuild\src\server\scripts\scripts.vcxproj]
  (编译源文件“../../../../TrinityCoreCataClassic/src/server/scripts/Playerbots/Ai/Base/Actions/TalkToQuestGiverAction.cpp”)
      E:\1.ClassicCataSlym\TrinityCoreCataClassic\dep\fmt\include\fmt\base.h(2465,48):
      对未定义的函数或为未声明为“constexpr”的函数的调用导致了故障
      E:\1.ClassicCataSlym\TrinityCoreCataClassic\dep\fmt\include\fmt\base.h(2465,48):
      请参见“fmt::v12::report_error”的用法
      E:\1.ClassicCataSlym\TrinityCoreCataClassic\src\server\scripts\Playerbots\Ai\Base\Actions\TalkToQuestGiverAction.cpp(102,9):
      计算的调用堆栈(最旧的调用优先)是
          E:\1.ClassicCataSlym\TrinityCoreCataClassic\src\server\scripts\Playerbots\Ai\Base\Actions\TalkToQuestGiverAction.cpp(102,9):
          在计算函数 "fmt::v12::fstring<const std::string &>::fstring<Trinity::FormatStringView,0>(const S &)”时
          with
          [
              S=Trinity::FormatStringView
          ]
          E:\1.ClassicCataSlym\TrinityCoreCataClassic\dep\fmt\include\fmt\base.h(2767,40):
          在计算函数 "void fmt::v12::detail::parse_format_string<char,fmt::v12::detail::format_string_checker<char,1,0,false>>(fmt::v12::basic_string_view<char>,Handler &&)”时
          with
          [
              Handler=fmt::v12::detail::format_string_checker<char,1,0,false>
          ]
          E:\1.ClassicCataSlym\TrinityCoreCataClassic\dep\fmt\include\fmt\base.h(1660,42):
          在计算函数 "const Char *fmt::v12::detail::parse_replacement_field<Char,Handler&>(const Char *,const Char *,fmt::v12::detail::format_string_checker<Char,1,0,false>&)”时
          with
          [
              Char=char,
              Handler=fmt::v12::detail::format_string_checker<char,1,0,false>
          ]
          E:\1.ClassicCataSlym\TrinityCoreCataClassic\dep\fmt\include\fmt\base.h(1617,51):
          在计算函数 "int fmt::v12::detail::format_string_checker<char,1,0,false>::on_arg_id(void)”时
          E:\1.ClassicCataSlym\TrinityCoreCataClassic\dep\fmt\include\fmt\base.h(1727,70):
          在计算函数 "int fmt::v12::detail::compile_parse_context<Char>::next_arg_id(void)”时
          with
          [
              Char=char
          ]
          E:\1.ClassicCataSlym\TrinityCoreCataClassic\dep\fmt\include\fmt\base.h(1266,31):
          在计算函数 "int fmt::v12::parse_context<char>::next_arg_id(void)”时
          E:\1.ClassicCataSlym\TrinityCoreCataClassic\dep\fmt\include\fmt\base.h(893,20):
          在计算函数 "void fmt::v12::parse_context<char>::do_check_arg_id(int)”时
          E:\1.ClassicCataSlym\TrinityCoreCataClassic\dep\fmt\include\fmt\base.h(2465,48):
          在计算函数 "void fmt::v12::report_error(const char *)”时
  
  TellPvpStatsAction.cpp
  TellReputationAction.cpp
  TellTargetAction.cpp
E:\1.ClassicCataSlym\TrinityCoreCataClassic\src\server\scripts\Playerbots\Ai\Base\Actions\TameAction.cpp(29,34): error C2660: “CreatureTemplate::IsExotic”: 函数不接受 0 个参数 [E:\1.ClassicCataSlym\CataslymBuild\src\server\scripts\scripts.vcxproj]
  (编译源文件“../../../../TrinityCoreCataClassic/src/server/scripts/Playerbots/Ai/Base/Actions/TameAction.cpp”)
      E:\1.ClassicCataSlym\TrinityCoreCataClassic\src\server\game\Entities\Creature\CreatureData.h(545,10):
      参见“CreatureTemplate::IsExotic”的声明
      E:\1.ClassicCataSlym\TrinityCoreCataClassic\src\server\scripts\Playerbots\Ai\Base\Actions\TameAction.cpp(29,34):
      尝试匹配参数列表“()”时
  
E:\1.ClassicCataSlym\TrinityCoreCataClassic\src\server\scripts\Playerbots\Ai\Base\Actions\TameAction.cpp(66,27): error C2660: “CreatureTemplate::IsTameable”: 函数不接受 1 个参数 [E:\1.ClassicCataSlym\CataslymBuild\src\server\scripts\scripts.vcxproj]
  (编译源文件“../../../../TrinityCoreCataClassic/src/server/scripts/Playerbots/Ai/Base/Actions/TameAction.cpp”)
      E:\1.ClassicCataSlym\TrinityCoreCataClassic\src\server\game\Entities\Creature\CreatureData.h(550,10):
      参见“CreatureTemplate::IsTameable”的声明
      E:\1.ClassicCataSlym\TrinityCoreCataClassic\src\server\scripts\Playerbots\Ai\Base\Actions\TameAction.cpp(66,27):
      尝试匹配参数列表“(bool)”时
  
E:\1.ClassicCataSlym\TrinityCoreCataClassic\src\server\scripts\Playerbots\Ai\Base\Actions\TameAction.cpp(79,26): error C2660: “CreatureTemplate::IsExotic”: 函数不接受 0 个参数 [E:\1.ClassicCataSlym\CataslymBuild\src\server\scripts\scripts.vcxproj]
  (编译源文件“../../../../TrinityCoreCataClassic/src/server/scripts/Playerbots/Ai/Base/Actions/TameAction.cpp”)
      E:\1.ClassicCataSlym\TrinityCoreCataClassic\src\server\game\Entities\Creature\CreatureData.h(545,10):
      参见“CreatureTemplate::IsExotic”的声明
      E:\1.ClassicCataSlym\TrinityCoreCataClassic\src\server\scripts\Playerbots\Ai\Base\Actions\TameAction.cpp(79,26):
      尝试匹配参数列表“()”时
  
E:\1.ClassicCataSlym\TrinityCoreCataClassic\src\server\scripts\Playerbots\Ai\Base\Actions\TameAction.cpp(217,27): error C2660: “CreatureTemplate::IsTameable”: 函数不接受 1 个参数 [E:\1.ClassicCataSlym\CataslymBuild\src\server\scripts\scripts.vcxproj]
  (编译源文件“../../../../TrinityCoreCataClassic/src/server/scripts/Playerbots/Ai/Base/Actions/TameAction.cpp”)
      E:\1.ClassicCataSlym\TrinityCoreCataClassic\src\server\game\Entities\Creature\CreatureData.h(550,10):
      参见“CreatureTemplate::IsTameable”的声明
      E:\1.ClassicCataSlym\TrinityCoreCataClassic\src\server\scripts\Playerbots\Ai\Base\Actions\TameAction.cpp(217,27):
      尝试匹配参数列表“(bool)”时
  
E:\1.ClassicCataSlym\TrinityCoreCataClassic\src\server\scripts\Playerbots\Ai\Base\Actions\TameAction.cpp(231,27): error C2660: “CreatureTemplate::IsTameable”: 函数不接受 1 个参数 [E:\1.ClassicCataSlym\CataslymBuild\src\server\scripts\scripts.vcxproj]
  (编译源文件“../../../../TrinityCoreCataClassic/src/server/scripts/Playerbots/Ai/Base/Actions/TameAction.cpp”)
      E:\1.ClassicCataSlym\TrinityCoreCataClassic\src\server\game\Entities\Creature\CreatureData.h(550,10):
      参见“CreatureTemplate::IsTameable”的声明
      E:\1.ClassicCataSlym\TrinityCoreCataClassic\src\server\scripts\Playerbots\Ai\Base\Actions\TameAction.cpp(231,27):
      尝试匹配参数列表“(bool)”时
  
E:\1.ClassicCataSlym\TrinityCoreCataClassic\src\server\scripts\Playerbots\Ai\Base\Actions\TameAction.cpp(258,24): error C2660: “CreatureTemplate::IsTameable”: 函数不接受 1 个参数 [E:\1.ClassicCataSlym\CataslymBuild\src\server\scripts\scripts.vcxproj]
  (编译源文件“../../../../TrinityCoreCataClassic/src/server/scripts/Playerbots/Ai/Base/Actions/TameAction.cpp”)
      E:\1.ClassicCataSlym\TrinityCoreCataClassic\src\server\game\Entities\Creature\CreatureData.h(550,10):
      参见“CreatureTemplate::IsTameable”的声明
      E:\1.ClassicCataSlym\TrinityCoreCataClassic\src\server\scripts\Playerbots\Ai\Base\Actions\TameAction.cpp(258,24):
      尝试匹配参数列表“(bool)”时
  
E:\1.ClassicCataSlym\TrinityCoreCataClassic\src\server\scripts\Playerbots\Ai\Base\Actions\TameAction.cpp(277,24): error C2660: “CreatureTemplate::IsTameable”: 函数不接受 1 个参数 [E:\1.ClassicCataSlym\CataslymBuild\src\server\scripts\scripts.vcxproj]
  (编译源文件“../../../../TrinityCoreCataClassic/src/server/scripts/Playerbots/Ai/Base/Actions/TameAction.cpp”)
      E:\1.ClassicCataSlym\TrinityCoreCataClassic\src\server\game\Entities\Creature\CreatureData.h(550,10):
      参见“CreatureTemplate::IsTameable”的声明
      E:\1.ClassicCataSlym\TrinityCoreCataClassic\src\server\scripts\Playerbots\Ai\Base\Actions\TameAction.cpp(277,24):
      尝试匹配参数列表“(bool)”时
  
E:\1.ClassicCataSlym\TrinityCoreCataClassic\src\server\scripts\Playerbots\Ai\Base\Actions\TameAction.cpp(321,23): error C2660: “CreatureTemplate::IsTameable”: 函数不接受 1 个参数 [E:\1.ClassicCataSlym\CataslymBuild\src\server\scripts\scripts.vcxproj]
  (编译源文件“../../../../TrinityCoreCataClassic/src/server/scripts/Playerbots/Ai/Base/Actions/TameAction.cpp”)
      E:\1.ClassicCataSlym\TrinityCoreCataClassic\src\server\game\Entities\Creature\CreatureData.h(550,10):
      参见“CreatureTemplate::IsTameable”的声明
      E:\1.ClassicCataSlym\TrinityCoreCataClassic\src\server\scripts\Playerbots\Ai\Base\Actions\TameAction.cpp(321,23):
      尝试匹配参数列表“(bool)”时
  
E:\1.ClassicCataSlym\TrinityCoreCataClassic\src\server\scripts\Playerbots\Ai\Base\Actions\TameAction.cpp(347,23): error C2660: “CreatureTemplate::IsTameable”: 函数不接受 1 个参数 [E:\1.ClassicCataSlym\CataslymBuild\src\server\scripts\scripts.vcxproj]
  (编译源文件“../../../../TrinityCoreCataClassic/src/server/scripts/Playerbots/Ai/Base/Actions/TameAction.cpp”)
      E:\1.ClassicCataSlym\TrinityCoreCataClassic\src\server\game\Entities\Creature\CreatureData.h(550,10):
      参见“CreatureTemplate::IsTameable”的声明
      E:\1.ClassicCataSlym\TrinityCoreCataClassic\src\server\scripts\Playerbots\Ai\Base\Actions\TameAction.cpp(347,23):
      尝试匹配参数列表“(bool)”时
  
E:\1.ClassicCataSlym\TrinityCoreCataClassic\src\server\scripts\Playerbots\Ai\Base\Actions\TameAction.cpp(477,53): error C2039: "CurrentPet": 不是 "PetStable" 的成员 [E:\1.ClassicCataSlym\CataslymBuild\src\server\scripts\scripts.vcxproj]
  (编译源文件“../../../../TrinityCoreCataClassic/src/server/scripts/Playerbots/Ai/Base/Actions/TameAction.cpp”)
      E:\1.ClassicCataSlym\TrinityCoreCataClassic\src\server\game\Entities\Pet\PetDefines.h(133,7):
      参见“PetStable”的声明
  
E:\1.ClassicCataSlym\TrinityCoreCataClassic\src\server\scripts\Playerbots\Ai\Base\Actions\TameAction.cpp(482,53): error C2039: "GetUnslottedHunterPet": 不是 "PetStable" 的成员 [E:\1.ClassicCataSlym\CataslymBuild\src\server\scripts\scripts.vcxproj]
  (编译源文件“../../../../TrinityCoreCataClassic/src/server/scripts/Playerbots/Ai/Base/Actions/TameAction.cpp”)
      E:\1.ClassicCataSlym\TrinityCoreCataClassic\src\server\game\Entities\Pet\PetDefines.h(133,7):
      参见“PetStable”的声明
  
E:\1.ClassicCataSlym\TrinityCoreCataClassic\src\server\scripts\Playerbots\Ai\Base\Actions\TameAction.cpp(505,10): error C2039: "InitTalentForLevel": 不是 "Pet" 的成员 [E:\1.ClassicCataSlym\CataslymBuild\src\server\scripts\scripts.vcxproj]
  (编译源文件“../../../../TrinityCoreCataClassic/src/server/scripts/Playerbots/Ai/Base/Actions/TameAction.cpp”)
      E:\1.ClassicCataSlym\TrinityCoreCataClassic\src\server\game\Entities\Pet\Pet.h(48,19):
      参见“Pet”的声明
  
  TradeAction.cpp
  TradeStatusAction.cpp
  TradeStatusExtendedAction.cpp
  TradeValues.cpp
E:\1.ClassicCataSlym\TrinityCoreCataClassic\src\server\scripts\Playerbots\Ai\Base\Actions\TellReputationAction.cpp(64,32): error C2039: "PointsInRank": 不是 "ReputationMgr" 的成员 [E:\1.ClassicCataSlym\CataslymBuild\src\server\scripts\scripts.vcxproj]
  (编译源文件“../../../../TrinityCoreCataClassic/src/server/scripts/Playerbots/Ai/Base/Actions/TellReputationAction.cpp”)
      E:\1.ClassicCataSlym\TrinityCoreCataClassic\src\server\game\Reputation\ReputationMgr.h(68,19):
      参见“ReputationMgr”的声明
  
E:\1.ClassicCataSlym\TrinityCoreCataClassic\src\server\scripts\Playerbots\Ai\Base\Actions\TellReputationAction.cpp(64,32): error C2065: “PointsInRank”: 未声明的标识符 [E:\1.ClassicCataSlym\CataslymBuild\src\server\scripts\scripts.vcxproj]
  (编译源文件“../../../../TrinityCoreCataClassic/src/server/scripts/Playerbots/Ai/Base/Actions/TellReputationAction.cpp”)
  
E:\1.ClassicCataSlym\TrinityCoreCataClassic\src\server\scripts\Playerbots\Ai\Base\Actions\TellReputationAction.cpp(66,65): error C2039: "PointsInRank": 不是 "ReputationMgr" 的成员 [E:\1.ClassicCataSlym\CataslymBuild\src\server\scripts\scripts.vcxproj]
  (编译源文件“../../../../TrinityCoreCataClassic/src/server/scripts/Playerbots/Ai/Base/Actions/TellReputationAction.cpp”)
      E:\1.ClassicCataSlym\TrinityCoreCataClassic\src\server\game\Reputation\ReputationMgr.h(68,19):
      参见“ReputationMgr”的声明
  
E:\1.ClassicCataSlym\TrinityCoreCataClassic\src\server\scripts\Playerbots\Ai\Base\Actions\TellReputationAction.cpp(66,65): error C2065: “PointsInRank”: 未声明的标识符 [E:\1.ClassicCataSlym\CataslymBuild\src\server\scripts\scripts.vcxproj]
  (编译源文件“../../../../TrinityCoreCataClassic/src/server/scripts/Playerbots/Ai/Base/Actions/TellReputationAction.cpp”)
  
E:\1.ClassicCataSlym\TrinityCoreCataClassic\src\server\scripts\Playerbots\Ai\Base\Actions\TellReputationAction.cpp(127,76): error C2039: "faction": 不是 "FactionTemplateEntry" 的成员 [E:\1.ClassicCataSlym\CataslymBuild\src\server\scripts\scripts.vcxproj]
  (编译源文件“../../../../TrinityCoreCataClassic/src/server/scripts/Playerbots/Ai/Base/Actions/TellReputationAction.cpp”)
      E:\1.ClassicCataSlym\TrinityCoreCataClassic\src\server\game\DataStores\DB2Structure.h(1336,8):
      参见“FactionTemplateEntry”的声明
  
E:\1.ClassicCataSlym\TrinityCoreCataClassic\src\server\scripts\Playerbots\Ai\Base\Actions\TellGlyphsAction.cpp(90,31): error C2039: "GetGlyph": 不是 "Player" 的成员 [E:\1.ClassicCataSlym\CataslymBuild\src\server\scripts\scripts.vcxproj]
  (编译源文件“../../../../TrinityCoreCataClassic/src/server/scripts/Playerbots/Ai/Base/Actions/TellGlyphsAction.cpp”)
      E:\1.ClassicCataSlym\TrinityCoreCataClassic\src\server\game\Entities\Player\Player.h(1147,19):
      参见“Player”的声明
  
  TrainerAction.cpp
  TravelAction.cpp
  UnequipAction.cpp
  UnlockItemAction.cpp
  UnlockTradedItemAction.cpp
  UseItemAction.cpp
  UseMeetingStoneAction.cpp
  VehicleActions.cpp
  WaitForAttackAction.cpp
E:\1.ClassicCataSlym\TrinityCoreCataClassic\src\server\scripts\Playerbots\Ai\Base\Actions\UnlockItemAction.cpp(33,47): error C2660: “ItemTemplate::GetName”: 函数不接受 0 个参数 [E:\1.ClassicCataSlym\CataslymBuild\src\server\scripts\scripts.vcxproj]
  (编译源文件“../../../../TrinityCoreCataClassic/src/server/scripts/Playerbots/Ai/Base/Actions/UnlockItemAction.cpp”)
      E:\1.ClassicCataSlym\TrinityCoreCataClassic\src\server\game\Entities\Item\ItemTemplate.h(854,17):
      参见“ItemTemplate::GetName”的声明
      E:\1.ClassicCataSlym\TrinityCoreCataClassic\src\server\scripts\Playerbots\Ai\Base\Actions\UnlockItemAction.cpp(33,47):
      尝试匹配参数列表“()”时
  
E:\1.ClassicCataSlym\TrinityCoreCataClassic\src\server\scripts\Playerbots\Ai\Base\Actions\UnlockItemAction.cpp(33,23): error C2088: 内置运算符 '<<' 无法应用于类型为 'std::basic_ostream<char,std::char_traits<char>>' 的操作数 [E:\1.ClassicCataSlym\CataslymBuild\src\server\scripts\scripts.vcxproj]
  (编译源文件“../../../../TrinityCoreCataClassic/src/server/scripts/Playerbots/Ai/Base/Actions/UnlockItemAction.cpp”)
  
  WhoAction.cpp
E:\1.ClassicCataSlym\TrinityCoreCataClassic\src\server\scripts\Playerbots\Ai\Base\Actions\UnlockTradedItemAction.cpp(52,60): error C2065: “SKILL_LOCKPICKING”: 未声明的标识符 [E:\1.ClassicCataSlym\CataslymBuild\src\server\scripts\scripts.vcxproj]
  (编译源文件“../../../../TrinityCoreCataClassic/src/server/scripts/Playerbots/Ai/Base/Actions/UnlockTradedItemAction.cpp”)
  
E:\1.ClassicCataSlym\TrinityCoreCataClassic\src\server\scripts\Playerbots\Ai\Base\Actions\UnlockTradedItemAction.cpp(69,42): error C2065: “SKILL_LOCKPICKING”: 未声明的标识符 [E:\1.ClassicCataSlym\CataslymBuild\src\server\scripts\scripts.vcxproj]
  (编译源文件“../../../../TrinityCoreCataClassic/src/server/scripts/Playerbots/Ai/Base/Actions/UnlockTradedItemAction.cpp”)
  
E:\1.ClassicCataSlym\TrinityCoreCataClassic\src\server\scripts\Playerbots\Ai\Base\Actions\UnlockTradedItemAction.cpp(72,101): error C2065: “SKILL_LOCKPICKING”: 未声明的标识符 [E:\1.ClassicCataSlym\CataslymBuild\src\server\scripts\scripts.vcxproj]
  (编译源文件“../../../../TrinityCoreCataClassic/src/server/scripts/Playerbots/Ai/Base/Actions/UnlockTradedItemAction.cpp”)
  
E:\1.ClassicCataSlym\TrinityCoreCataClassic\src\server\scripts\Playerbots\Ai\Base\Actions\UnlockTradedItemAction.cpp(81,45): error C2660: “ItemTemplate::GetName”: 函数不接受 0 个参数 [E:\1.ClassicCataSlym\CataslymBuild\src\server\scripts\scripts.vcxproj]
  (编译源文件“../../../../TrinityCoreCataClassic/src/server/scripts/Playerbots/Ai/Base/Actions/UnlockTradedItemAction.cpp”)
      E:\1.ClassicCataSlym\TrinityCoreCataClassic\src\server\game\Entities\Item\ItemTemplate.h(854,17):
      参见“ItemTemplate::GetName”的声明
      E:\1.ClassicCataSlym\TrinityCoreCataClassic\src\server\scripts\Playerbots\Ai\Base\Actions\UnlockTradedItemAction.cpp(81,45):
      尝试匹配参数列表“()”时
  
E:\1.ClassicCataSlym\TrinityCoreCataClassic\src\server\scripts\Playerbots\Ai\Base\Actions\UnlockTradedItemAction.cpp(81,21): error C2088: 内置运算符 '<<' 无法应用于类型为 'std::basic_ostream<char,std::char_traits<char>>' 的操作数 [E:\1.ClassicCataSlym\CataslymBuild\src\server\scripts\scripts.vcxproj]
  (编译源文件“../../../../TrinityCoreCataClassic/src/server/scripts/Playerbots/Ai/Base/Actions/UnlockTradedItemAction.cpp”)
  
E:\1.ClassicCataSlym\TrinityCoreCataClassic\src\server\scripts\Playerbots\Ai\Base\Actions\UnlockTradedItemAction.cpp(104,69): error C2660: “ItemTemplate::GetName”: 函数不接受 0 个参数 [E:\1.ClassicCataSlym\CataslymBuild\src\server\scripts\scripts.vcxproj]
  (编译源文件“../../../../TrinityCoreCataClassic/src/server/scripts/Playerbots/Ai/Base/Actions/UnlockTradedItemAction.cpp”)
      E:\1.ClassicCataSlym\TrinityCoreCataClassic\src\server\game\Entities\Item\ItemTemplate.h(854,17):
      参见“ItemTemplate::GetName”的声明
      E:\1.ClassicCataSlym\TrinityCoreCataClassic\src\server\scripts\Playerbots\Ai\Base\Actions\UnlockTradedItemAction.cpp(104,69):
      尝试匹配参数列表“()”时
  
E:\1.ClassicCataSlym\TrinityCoreCataClassic\src\server\scripts\Playerbots\Ai\Base\Actions\UnlockTradedItemAction.cpp(104,45): error C2088: 内置运算符 '<<' 无法应用于类型为 'std::basic_ostream<char,std::char_traits<char>>' 的操作数 [E:\1.ClassicCataSlym\CataslymBuild\src\server\scripts\scripts.vcxproj]
  (编译源文件“../../../../TrinityCoreCataClassic/src/server/scripts/Playerbots/Ai/Base/Actions/UnlockTradedItemAction.cpp”)
  
E:\1.ClassicCataSlym\TrinityCoreCataClassic\src\server\scripts\Playerbots\Ai\Base\Actions\TellPvpStatsAction.cpp(54,65): error C2039: "GetArenaPoints": 不是 "Player" 的成员 [E:\1.ClassicCataSlym\CataslymBuild\src\server\scripts\scripts.vcxproj]
  (编译源文件“../../../../TrinityCoreCataClassic/src/server/scripts/Playerbots/Ai/Base/Actions/TellPvpStatsAction.cpp”)
      E:\1.ClassicCataSlym\TrinityCoreCataClassic\src\server\game\Entities\Player\Player.h(1147,19):
      参见“Player”的声明
  
  WipeAction.cpp
  WorldBuffAction.cpp
  WtsAction.cpp
  XpGainAction.cpp
E:\1.ClassicCataSlym\TrinityCoreCataClassic\src\server\scripts\Playerbots\Ai\Base\Actions\TradeStatusAction.cpp(506,27): error C2039: "Stackable": 不是 "ItemTemplate" 的成员 [E:\1.ClassicCataSlym\CataslymBuild\src\server\scripts\scripts.vcxproj]
  (编译源文件“../../../../TrinityCoreCataClassic/src/server/scripts/Playerbots/Ai/Base/Actions/TradeStatusAction.cpp”)
      E:\1.ClassicCataSlym\TrinityCoreCataClassic\src\server\game\Entities\Item\ItemTemplate.h(812,20):
      参见“ItemTemplate”的声明
  
E:\1.ClassicCataSlym\TrinityCoreCataClassic\src\server\scripts\Playerbots\Ai\Base\Actions\TradeStatusAction.cpp(554,48): error C2039: "RequiredLevel": 不是 "ItemTemplate" 的成员 [E:\1.ClassicCataSlym\CataslymBuild\src\server\scripts\scripts.vcxproj]
  (编译源文件“../../../../TrinityCoreCataClassic/src/server/scripts/Playerbots/Ai/Base/Actions/TradeStatusAction.cpp”)
      E:\1.ClassicCataSlym\TrinityCoreCataClassic\src\server\game\Entities\Item\ItemTemplate.h(812,20):
      参见“ItemTemplate”的声明
  
E:\1.ClassicCataSlym\TrinityCoreCataClassic\src\server\scripts\Playerbots\Ai\Base\Actions\TradeStatusAction.cpp(583,52): error C2039: "RequiredLevel": 不是 "ItemTemplate" 的成员 [E:\1.ClassicCataSlym\CataslymBuild\src\server\scripts\scripts.vcxproj]
  (编译源文件“../../../../TrinityCoreCataClassic/src/server/scripts/Playerbots/Ai/Base/Actions/TradeStatusAction.cpp”)
      E:\1.ClassicCataSlym\TrinityCoreCataClassic\src\server\game\Entities\Item\ItemTemplate.h(812,20):
      参见“ItemTemplate”的声明
  
  AggressiveStrategy.cpp
  AttackEnemyPlayersStrategy.cpp
  BattlegroundStrategy.cpp
  CastTimeStrategy.cpp
E:\1.ClassicCataSlym\TrinityCoreCataClassic\src\server\scripts\Playerbots\Ai\Base\Actions\TrainerAction.cpp(37,35): error C2039: "GetTrainerType": 不是 "Trainer::Trainer" 的成员 [E:\1.ClassicCataSlym\CataslymBuild\src\server\scripts\scripts.vcxproj]
  (编译源文件“../../../../TrinityCoreCataClassic/src/server/scripts/Playerbots/Ai/Base/Actions/TrainerAction.cpp”)
      E:\1.ClassicCataSlym\TrinityCoreCataClassic\src\server\game\Entities\Creature\Trainer.h(65,11):
      参见“Trainer::Trainer”的声明
  
E:\1.ClassicCataSlym\TrinityCoreCataClassic\src\server\scripts\Playerbots\Ai\Base\Actions\TrainerAction.cpp(68,19): error C2039: "IsTrainerValidForPlayer": 不是 "Trainer::Trainer" 的成员 [E:\1.ClassicCataSlym\CataslymBuild\src\server\scripts\scripts.vcxproj]
  (编译源文件“../../../../TrinityCoreCataClassic/src/server/scripts/Playerbots/Ai/Base/Actions/TrainerAction.cpp”)
      E:\1.ClassicCataSlym\TrinityCoreCataClassic\src\server\game\Entities\Creature\Trainer.h(65,11):
      参见“Trainer::Trainer”的声明
  
E:\1.ClassicCataSlym\TrinityCoreCataClassic\src\server\scripts\Playerbots\Ai\Base\Actions\TrainerAction.cpp(72,49): error C2039: "GetSpells": 不是 "Trainer::Trainer" 的成员 [E:\1.ClassicCataSlym\CataslymBuild\src\server\scripts\scripts.vcxproj]
  (编译源文件“../../../../TrinityCoreCataClassic/src/server/scripts/Playerbots/Ai/Base/Actions/TrainerAction.cpp”)
      E:\1.ClassicCataSlym\TrinityCoreCataClassic\src\server\game\Entities\Creature\Trainer.h(65,11):
      参见“Trainer::Trainer”的声明
  
E:\1.ClassicCataSlym\TrinityCoreCataClassic\src\server\scripts\Playerbots\Ai\Base\Actions\TrainerAction.cpp(72,32): error C2530: “spell”: 必须初始化引用 [E:\1.ClassicCataSlym\CataslymBuild\src\server\scripts\scripts.vcxproj]
  (编译源文件“../../../../TrinityCoreCataClassic/src/server/scripts/Playerbots/Ai/Base/Actions/TrainerAction.cpp”)
  
E:\1.ClassicCataSlym\TrinityCoreCataClassic\src\server\scripts\Playerbots\Ai\Base\Actions\TrainerAction.cpp(72,38): error C2143: 语法错误: 缺少“;”(在“:”的前面) [E:\1.ClassicCataSlym\CataslymBuild\src\server\scripts\scripts.vcxproj]
  (编译源文件“../../../../TrinityCoreCataClassic/src/server/scripts/Playerbots/Ai/Base/Actions/TrainerAction.cpp”)
  
E:\1.ClassicCataSlym\TrinityCoreCataClassic\src\server\scripts\Playerbots\Ai\Base\Actions\TrainerAction.cpp(72,60): error C2143: 语法错误: 缺少“;”(在“)”的前面) [E:\1.ClassicCataSlym\CataslymBuild\src\server\scripts\scripts.vcxproj]
  (编译源文件“../../../../TrinityCoreCataClassic/src/server/scripts/Playerbots/Ai/Base/Actions/TrainerAction.cpp”)
  
E:\1.ClassicCataSlym\TrinityCoreCataClassic\src\server\scripts\Playerbots\Ai\Base\Actions\TrainerAction.cpp(74,55): error C2248: “Trainer::Trainer::GetSpell”: 无法访问 private 成员(在“Trainer::Trainer”类中声明) [E:\1.ClassicCataSlym\CataslymBuild\src\server\scripts\scripts.vcxproj]
  (编译源文件“../../../../TrinityCoreCataClassic/src/server/scripts/Playerbots/Ai/Base/Actions/TrainerAction.cpp”)
      E:\1.ClassicCataSlym\TrinityCoreCataClassic\src\server\game\Entities\Creature\Trainer.h(74,22):
      参见“Trainer::Trainer::GetSpell”的声明
      E:\1.ClassicCataSlym\TrinityCoreCataClassic\src\server\game\Entities\Creature\Trainer.h(65,11):
      参见“Trainer::Trainer”的声明
  
E:\1.ClassicCataSlym\TrinityCoreCataClassic\src\server\scripts\Playerbots\Ai\Base\Actions\TrainerAction.cpp(81,22): error C2248: “Trainer::Trainer::CanTeachSpell”: 无法访问 private 成员(在“Trainer::Trainer”类中声明) [E:\1.ClassicCataSlym\CataslymBuild\src\server\scripts\scripts.vcxproj]
  (编译源文件“../../../../TrinityCoreCataClassic/src/server/scripts/Playerbots/Ai/Base/Actions/TrainerAction.cpp”)
      E:\1.ClassicCataSlym\TrinityCoreCataClassic\src\server\game\Entities\Creature\Trainer.h(75,14):
      参见“Trainer::Trainer::CanTeachSpell”的声明
      E:\1.ClassicCataSlym\TrinityCoreCataClassic\src\server\game\Entities\Creature\Trainer.h(65,11):
      参见“Trainer::Trainer”的声明
  
E:\1.ClassicCataSlym\TrinityCoreCataClassic\src\server\scripts\Playerbots\Ai\Base\Actions\TrainerAction.cpp(119,33): error C2039: "GetSpells": 不是 "Trainer::Trainer" 的成员 [E:\1.ClassicCataSlym\CataslymBuild\src\server\scripts\scripts.vcxproj]
  (编译源文件“../../../../TrinityCoreCataClassic/src/server/scripts/Playerbots/Ai/Base/Actions/TrainerAction.cpp”)
      E:\1.ClassicCataSlym\TrinityCoreCataClassic\src\server\game\Entities\Creature\Trainer.h(65,11):
      参见“Trainer::Trainer”的声明
  
E:\1.ClassicCataSlym\TrinityCoreCataClassic\src\server\scripts\Playerbots\Ai\Base\Actions\TrainerAction.cpp(119,16): error C2530: “spell”: 必须初始化引用 [E:\1.ClassicCataSlym\CataslymBuild\src\server\scripts\scripts.vcxproj]
  (编译源文件“../../../../TrinityCoreCataClassic/src/server/scripts/Playerbots/Ai/Base/Actions/TrainerAction.cpp”)
  
E:\1.ClassicCataSlym\TrinityCoreCataClassic\src\server\scripts\Playerbots\Ai\Base\Actions\TrainerAction.cpp(119,16): error C3531: “spell”: 类型包含“auto”的符号必须具有初始值设定项 [E:\1.ClassicCataSlym\CataslymBuild\src\server\scripts\scripts.vcxproj]
  (编译源文件“../../../../TrinityCoreCataClassic/src/server/scripts/Playerbots/Ai/Base/Actions/TrainerAction.cpp”)
  
E:\1.ClassicCataSlym\TrinityCoreCataClassic\src\server\scripts\Playerbots\Ai\Base\Actions\TrainerAction.cpp(119,22): error C2143: 语法错误: 缺少“;”(在“:”的前面) [E:\1.ClassicCataSlym\CataslymBuild\src\server\scripts\scripts.vcxproj]
  (编译源文件“../../../../TrinityCoreCataClassic/src/server/scripts/Playerbots/Ai/Base/Actions/TrainerAction.cpp”)
  
E:\1.ClassicCataSlym\TrinityCoreCataClassic\src\server\scripts\Playerbots\Ai\Base\Actions\TrainerAction.cpp(119,44): error C2143: 语法错误: 缺少“;”(在“)”的前面) [E:\1.ClassicCataSlym\CataslymBuild\src\server\scripts\scripts.vcxproj]
  (编译源文件“../../../../TrinityCoreCataClassic/src/server/scripts/Playerbots/Ai/Base/Actions/TrainerAction.cpp”)
  
E:\1.ClassicCataSlym\TrinityCoreCataClassic\src\server\scripts\Playerbots\Ai\Base\Actions\TrainerAction.cpp(132,23): error C2248: “Trainer::Trainer::CanTeachSpell”: 无法访问 private 成员(在“Trainer::Trainer”类中声明) [E:\1.ClassicCataSlym\CataslymBuild\src\server\scripts\scripts.vcxproj]
  (编译源文件“../../../../TrinityCoreCataClassic/src/server/scripts/Playerbots/Ai/Base/Actions/TrainerAction.cpp”)
      E:\1.ClassicCataSlym\TrinityCoreCataClassic\src\server\game\Entities\Creature\Trainer.h(75,14):
      参见“Trainer::Trainer::CanTeachSpell”的声明
      E:\1.ClassicCataSlym\TrinityCoreCataClassic\src\server\game\Entities\Creature\Trainer.h(65,11):
      参见“Trainer::Trainer”的声明
  
E:\1.ClassicCataSlym\TrinityCoreCataClassic\src\server\scripts\Playerbots\Ai\Base\Actions\TrainerAction.cpp(309,10): error C2660: “Player::SendTalentsInfoData”: 函数不接受 1 个参数 [E:\1.ClassicCataSlym\CataslymBuild\src\server\scripts\scripts.vcxproj]
  (编译源文件“../../../../TrinityCoreCataClassic/src/server/scripts/Playerbots/Ai/Base/Actions/TrainerAction.cpp”)
      E:\1.ClassicCataSlym\TrinityCoreCataClassic\src\server\game\Entities\Player\Player.h(1937,14):
      参见“Player::SendTalentsInfoData”的声明
      E:\1.ClassicCataSlym\TrinityCoreCataClassic\src\server\scripts\Playerbots\Ai\Base\Actions\TrainerAction.cpp(309,10):
      尝试匹配参数列表“(bool)”时
  
E:\1.ClassicCataSlym\TrinityCoreCataClassic\src\server\scripts\Playerbots\Ai\Base\Actions\TrainerAction.cpp(630,10): error C2660: “Player::SendTalentsInfoData”: 函数不接受 1 个参数 [E:\1.ClassicCataSlym\CataslymBuild\src\server\scripts\scripts.vcxproj]
  (编译源文件“../../../../TrinityCoreCataClassic/src/server/scripts/Playerbots/Ai/Base/Actions/TrainerAction.cpp”)
      E:\1.ClassicCataSlym\TrinityCoreCataClassic\src\server\game\Entities\Player\Player.h(1937,14):
      参见“Player::SendTalentsInfoData”的声明
      E:\1.ClassicCataSlym\TrinityCoreCataClassic\src\server\scripts\Playerbots\Ai\Base\Actions\TrainerAction.cpp(630,10):
      尝试匹配参数列表“(bool)”时
  
  ChatCommandHandlerStrategy.cpp
  CombatStrategy.cpp
  ConserveManaStrategy.cpp
E:\1.ClassicCataSlym\TrinityCoreCataClassic\src\server\scripts\Playerbots\Ai\Base\Actions\UseItemAction.cpp(183,47): error C2039: "StartQuest": 不是 "ItemTemplate" 的成员 [E:\1.ClassicCataSlym\CataslymBuild\src\server\scripts\scripts.vcxproj]
  (编译源文件“../../../../TrinityCoreCataClassic/src/server/scripts/Playerbots/Ai/Base/Actions/UseItemAction.cpp”)
      E:\1.ClassicCataSlym\TrinityCoreCataClassic\src\server\game\Entities\Item\ItemTemplate.h(812,20):
      参见“ItemTemplate”的声明
  
E:\1.ClassicCataSlym\TrinityCoreCataClassic\src\server\scripts\Playerbots\Ai\Base\Actions\UseItemAction.cpp(397,30): error C2039: "Stackable": 不是 "ItemTemplate" 的成员 [E:\1.ClassicCataSlym\CataslymBuild\src\server\scripts\scripts.vcxproj]
  (编译源文件“../../../../TrinityCoreCataClassic/src/server/scripts/Playerbots/Ai/Base/Actions/UseItemAction.cpp”)
      E:\1.ClassicCataSlym\TrinityCoreCataClassic\src\server\game\Entities\Item\ItemTemplate.h(812,20):
      参见“ItemTemplate”的声明
  
E:\1.ClassicCataSlym\TrinityCoreCataClassic\src\server\scripts\Playerbots\Ai\Base\Actions\UseItemAction.cpp(417,42): error C2039: "color": 不是 "GemPropertiesEntry" 的成员 [E:\1.ClassicCataSlym\CataslymBuild\src\server\scripts\scripts.vcxproj]
  (编译源文件“../../../../TrinityCoreCataClassic/src/server/scripts/Playerbots/Ai/Base/Actions/UseItemAction.cpp”)
      E:\1.ClassicCataSlym\TrinityCoreCataClassic\src\server\game\DataStores\DB2Structure.h(1447,8):
      参见“GemPropertiesEntry”的声明
  
E:\1.ClassicCataSlym\TrinityCoreCataClassic\src\server\scripts\Playerbots\Ai\Base\Actions\UseItemAction.cpp(436,45): error C2039: "GemID": 不是 "SpellItemEnchantmentEntry" 的成员 [E:\1.ClassicCataSlym\CataslymBuild\src\server\scripts\scripts.vcxproj]
  (编译源文件“../../../../TrinityCoreCataClassic/src/server/scripts/Playerbots/Ai/Base/Actions/UseItemAction.cpp”)
      E:\1.ClassicCataSlym\TrinityCoreCataClassic\src\server\game\DataStores\DB2Structure.h(3299,8):
      参见“SpellItemEnchantmentEntry”的声明
  
E:\1.ClassicCataSlym\TrinityCoreCataClassic\src\server\scripts\Playerbots\Ai\Base\Actions\UseItemAction.cpp(443,38): error C2039: "GemID": 不是 "SpellItemEnchantmentEntry" 的成员 [E:\1.ClassicCataSlym\CataslymBuild\src\server\scripts\scripts.vcxproj]
  (编译源文件“../../../../TrinityCoreCataClassic/src/server/scripts/Playerbots/Ai/Base/Actions/UseItemAction.cpp”)
      E:\1.ClassicCataSlym\TrinityCoreCataClassic\src\server\game\DataStores\DB2Structure.h(3299,8):
      参见“SpellItemEnchantmentEntry”的声明
  
E:\1.ClassicCataSlym\TrinityCoreCataClassic\src\server\scripts\Playerbots\Ai\Base\Actions\UseItemAction.cpp(511,45): error C2660: “ItemTemplate::GetName”: 函数不接受 0 个参数 [E:\1.ClassicCataSlym\CataslymBuild\src\server\scripts\scripts.vcxproj]
  (编译源文件“../../../../TrinityCoreCataClassic/src/server/scripts/Playerbots/Ai/Base/Actions/UseItemAction.cpp”)
      E:\1.ClassicCataSlym\TrinityCoreCataClassic\src\server\game\Entities\Item\ItemTemplate.h(854,17):
      参见“ItemTemplate::GetName”的声明
      E:\1.ClassicCataSlym\TrinityCoreCataClassic\src\server\scripts\Playerbots\Ai\Base\Actions\UseItemAction.cpp(511,45):
      尝试匹配参数列表“()”时
  
  DeadStrategy.cpp
  DebugStrategy.cpp
  DpsAssistStrategy.cpp
E:\1.ClassicCataSlym\TrinityCoreCataClassic\src\server\scripts\Playerbots\Ai\Base\Actions\VehicleActions.cpp(54,13): error C2065: “NPC_KEEP_CANNON”: 未声明的标识符 [E:\1.ClassicCataSlym\CataslymBuild\src\server\scripts\scripts.vcxproj]
  (编译源文件“../../../../TrinityCoreCataClassic/src/server/scripts/Playerbots/Ai/Base/Actions/VehicleActions.cpp”)
  
E:\1.ClassicCataSlym\TrinityCoreCataClassic\src\server\scripts\Playerbots\Ai\Base\Actions\VehicleActions.cpp(54,59): error C2065: “NPC_CATAPULT”: 未声明的标识符 [E:\1.ClassicCataSlym\CataslymBuild\src\server\scripts\scripts.vcxproj]
  (编译源文件“../../../../TrinityCoreCataClassic/src/server/scripts/Playerbots/Ai/Base/Actions/VehicleActions.cpp”)
  
E:\1.ClassicCataSlym\TrinityCoreCataClassic\src\server\scripts\Playerbots\Ai\Base\Actions\WhoAction.cpp(49,50): error C2039: "area_name": 不是 "AreaTableEntry" 的成员 [E:\1.ClassicCataSlym\CataslymBuild\src\server\scripts\scripts.vcxproj]
  (编译源文件“../../../../TrinityCoreCataClassic/src/server/scripts/Playerbots/Ai/Base/Actions/WhoAction.cpp”)
      E:\1.ClassicCataSlym\TrinityCoreCataClassic\src\server\game\DataStores\DB2Structure.h(85,8):
      参见“AreaTableEntry”的声明
  
  DuelStrategy.cpp
  EmoteStrategy.cpp
  FleeStrategy.cpp
  FollowMasterStrategy.cpp
  GrindingStrategy.cpp
  GroupStrategy.cpp
  GuardStrategy.cpp
  GuildStrategy.cpp
  KiteStrategy.cpp
  LfgStrategy.cpp
  LootNonCombatStrategy.cpp
  MaintenanceStrategy.cpp
  MarkRtiStrategy.cpp
  MeleeCombatStrategy.cpp
  MoveFromGroupStrategy.cpp
  NonCombatStrategy.cpp
  PassThroughStrategy.cpp
  PassiveStrategy.cpp
  PullStrategy.cpp
  PvpCombatStrategy.cpp
  QuestStrategies.cpp
  RTSCStrategy.cpp
  RacialsStrategy.cpp
  RangedCombatStrategy.cpp
  ReturnStrategy.cpp
  RunawayStrategy.cpp
  SayStrategy.cpp
  StayStrategy.cpp
  TankAssistStrategy.cpp
E:\1.ClassicCataSlym\TrinityCoreCataClassic\src\server\scripts\Playerbots\Ai\Base\Strategy\PullStrategy.cpp(125,25): error C2039: "GetSpellMaxRangeForTarget": 不是 "Player" 的成员 [E:\1.ClassicCataSlym\CataslymBuild\src\server\scripts\scripts.vcxproj]
  (编译源文件“../../../../TrinityCoreCataClassic/src/server/scripts/Playerbots/Ai/Base/Strategy/PullStrategy.cpp”)
      E:\1.ClassicCataSlym\TrinityCoreCataClassic\src\server\game\Entities\Player\Player.h(1147,19):
      参见“Player”的声明
  
E:\1.ClassicCataSlym\TrinityCoreCataClassic\src\server\scripts\Playerbots\Ai\Base\Strategy\PullStrategy.cpp(124,9): warning C4390: “;”: 找到空的受控语句；这是否是有意的? [E:\1.ClassicCataSlym\CataslymBuild\src\server\scripts\scripts.vcxproj]
  (编译源文件“../../../../TrinityCoreCataClassic/src/server/scripts/Playerbots/Ai/Base/Strategy/PullStrategy.cpp”)
  
  TellTargetStrategy.cpp
  ThreatStrategy.cpp
  TravelStrategy.cpp
  UseFoodStrategy.cpp
  UsePotionsStrategy.cpp
  WaitForAttackStrategy.cpp
  WorldPacketHandlerStrategy.cpp
  BossAuraTriggers.cpp
  ChatCommandTrigger.cpp
  CureTriggers.cpp
  FishingTriggers.cpp
  GenericTriggers.cpp
  GuildTriggers.cpp
  HealthTriggers.cpp
  LfgTriggers.cpp
  LootTriggers.cpp
  PullTriggers.cpp
  PvpCombatTriggers.cpp
  PvpTriggers.cpp
  RangeTriggers.cpp
  RpgTriggers.cpp
  RtiTriggers.cpp
  StuckTriggers.cpp
  TravelTriggers.cpp
  WithinAreaTrigger.cpp
  WorldPacketTrigger.cpp
  GenericBuffUtils.cpp
  ActiveSpellValue.cpp
  AggressiveTargetValue.cpp
E:\1.ClassicCataSlym\TrinityCoreCataClassic\src\server\scripts\Playerbots\Ai\Base\Trigger\PvpCombatTriggers.cpp(23,58): error C2039: "isFrozen": 不是 "Player" 的成员 [E:\1.ClassicCataSlym\CataslymBuild\src\server\scripts\scripts.vcxproj]
  (编译源文件“../../../../TrinityCoreCataClassic/src/server/scripts/Playerbots/Ai/Base/Trigger/PvpCombatTriggers.cpp”)
      E:\1.ClassicCataSlym\TrinityCoreCataClassic\src\server\game\Entities\Player\Player.h(1147,19):
      参见“Player”的声明
  
  AlwaysLootListValue.cpp
  AoeHealValues.cpp
E:\1.ClassicCataSlym\TrinityCoreCataClassic\src\server\scripts\Playerbots\Ai\Base\Trigger\PvpTriggers.cpp(310,9): error C2065: “BattlegroundAV”: 未声明的标识符 [E:\1.ClassicCataSlym\CataslymBuild\src\server\scripts\scripts.vcxproj]
  (编译源文件“../../../../TrinityCoreCataClassic/src/server/scripts/Playerbots/Ai/Base/Trigger/PvpTriggers.cpp”)
  
E:\1.ClassicCataSlym\TrinityCoreCataClassic\src\server\scripts\Playerbots\Ai\Base\Trigger\PvpTriggers.cpp(310,25): error C2065: “av”: 未声明的标识符 [E:\1.ClassicCataSlym\CataslymBuild\src\server\scripts\scripts.vcxproj]
  (编译源文件“../../../../TrinityCoreCataClassic/src/server/scripts/Playerbots/Ai/Base/Trigger/PvpTriggers.cpp”)
  
E:\1.ClassicCataSlym\TrinityCoreCataClassic\src\server\scripts\Playerbots\Ai\Base\Trigger\PvpTriggers.cpp(310,43): error C2061: 语法错误: 标识符“BattlegroundAV” [E:\1.ClassicCataSlym\CataslymBuild\src\server\scripts\scripts.vcxproj]
  (编译源文件“../../../../TrinityCoreCataClassic/src/server/scripts/Playerbots/Ai/Base/Trigger/PvpTriggers.cpp”)
  
E:\1.ClassicCataSlym\TrinityCoreCataClassic\src\server\scripts\Playerbots\Ai\Base\Trigger\PvpTriggers.cpp(311,5): error C2143: 语法错误: 缺少“;”(在“{”的前面) [E:\1.ClassicCataSlym\CataslymBuild\src\server\scripts\scripts.vcxproj]
  (编译源文件“../../../../TrinityCoreCataClassic/src/server/scripts/Playerbots/Ai/Base/Trigger/PvpTriggers.cpp”)
  
E:\1.ClassicCataSlym\TrinityCoreCataClassic\src\server\scripts\Playerbots\Ai\Base\Trigger\PvpTriggers.cpp(312,9): error C4430: 缺少类型说明符 - 假定为 int。注意: C++ 不支持默认 int [E:\1.ClassicCataSlym\CataslymBuild\src\server\scripts\scripts.vcxproj]
  (编译源文件“../../../../TrinityCoreCataClassic/src/server/scripts/Playerbots/Ai/Base/Trigger/PvpTriggers.cpp”)
  
E:\1.ClassicCataSlym\TrinityCoreCataClassic\src\server\scripts\Playerbots\Ai\Base\Trigger\PvpTriggers.cpp(312,29): error C2143: 语法错误: 缺少“;”(在“&”的前面) [E:\1.ClassicCataSlym\CataslymBuild\src\server\scripts\scripts.vcxproj]
  (编译源文件“../../../../TrinityCoreCataClassic/src/server/scripts/Playerbots/Ai/Base/Trigger/PvpTriggers.cpp”)
  
E:\1.ClassicCataSlym\TrinityCoreCataClassic\src\server\scripts\Playerbots\Ai\Base\Trigger\PvpTriggers.cpp(312,31): error C2065: “snowfall”: 未声明的标识符 [E:\1.ClassicCataSlym\CataslymBuild\src\server\scripts\scripts.vcxproj]
  (编译源文件“../../../../TrinityCoreCataClassic/src/server/scripts/Playerbots/Ai/Base/Trigger/PvpTriggers.cpp”)
  
E:\1.ClassicCataSlym\TrinityCoreCataClassic\src\server\scripts\Playerbots\Ai\Base\Trigger\PvpTriggers.cpp(312,42): error C2065: “av”: 未声明的标识符 [E:\1.ClassicCataSlym\CataslymBuild\src\server\scripts\scripts.vcxproj]
  (编译源文件“../../../../TrinityCoreCataClassic/src/server/scripts/Playerbots/Ai/Base/Trigger/PvpTriggers.cpp”)
  
E:\1.ClassicCataSlym\TrinityCoreCataClassic\src\server\scripts\Playerbots\Ai\Base\Trigger\PvpTriggers.cpp(315,16): error C2065: “snowfall”: 未声明的标识符 [E:\1.ClassicCataSlym\CataslymBuild\src\server\scripts\scripts.vcxproj]
  (编译源文件“../../../../TrinityCoreCataClassic/src/server/scripts/Playerbots/Ai/Base/Trigger/PvpTriggers.cpp”)
  
E:\1.ClassicCataSlym\TrinityCoreCataClassic\src\server\scripts\Playerbots\Ai\Base\Trigger\RangeTriggers.cpp(17,61): error C2039: "isFrozen": 不是 "Unit" 的成员 [E:\1.ClassicCataSlym\CataslymBuild\src\server\scripts\scripts.vcxproj]
  (编译源文件“../../../../TrinityCoreCataClassic/src/server/scripts/Playerbots/Ai/Base/Trigger/RangeTriggers.cpp”)
      E:\1.ClassicCataSlym\TrinityCoreCataClassic\src\server\game\Entities\Unit\Unit.h(647,19):
      参见“Unit”的声明
  
E:\1.ClassicCataSlym\TrinityCoreCataClassic\src\server\scripts\Playerbots\Ai\Base\Trigger\RangeTriggers.cpp(18,20): error C2039: "GetObjectSize": 不是 "Unit" 的成员 [E:\1.ClassicCataSlym\CataslymBuild\src\server\scripts\scripts.vcxproj]
  (编译源文件“../../../../TrinityCoreCataClassic/src/server/scripts/Playerbots/Ai/Base/Trigger/RangeTriggers.cpp”)
      E:\1.ClassicCataSlym\TrinityCoreCataClassic\src\server\game\Entities\Unit\Unit.h(647,19):
      参见“Unit”的声明
  
E:\1.ClassicCataSlym\TrinityCoreCataClassic\src\server\scripts\Playerbots\Ai\Base\Trigger\RangeTriggers.cpp(68,66): error C2039: "isFrozen": 不是 "Unit" 的成员 [E:\1.ClassicCataSlym\CataslymBuild\src\server\scripts\scripts.vcxproj]
  (编译源文件“../../../../TrinityCoreCataClassic/src/server/scripts/Playerbots/Ai/Base/Trigger/RangeTriggers.cpp”)
      E:\1.ClassicCataSlym\TrinityCoreCataClassic\src\server\game\Entities\Unit\Unit.h(647,19):
      参见“Unit”的声明
  
E:\1.ClassicCataSlym\TrinityCoreCataClassic\src\server\scripts\Playerbots\Ai\Base\Trigger\RangeTriggers.cpp(99,61): error C2039: "isFrozen": 不是 "Unit" 的成员 [E:\1.ClassicCataSlym\CataslymBuild\src\server\scripts\scripts.vcxproj]
  (编译源文件“../../../../TrinityCoreCataClassic/src/server/scripts/Playerbots/Ai/Base/Trigger/RangeTriggers.cpp”)
      E:\1.ClassicCataSlym\TrinityCoreCataClassic\src\server\game\Entities\Unit\Unit.h(647,19):
      参见“Unit”的声明
  
  AoeValues.cpp
  Arrow.cpp
  AttackerCountValues.cpp
E:\1.ClassicCataSlym\TrinityCoreCataClassic\src\server\scripts\Playerbots\Compat\MapCollisionData.h(10,1): error C1083: 无法打开包括文件: “Collision/Management/VMapManager2.h”: No such file or directory [E:\1.ClassicCataSlym\CataslymBuild\src\server\scripts\scripts.vcxproj]
  (编译源文件“../../../../TrinityCoreCataClassic/src/server/scripts/Playerbots/Ai/Base/Trigger/StuckTriggers.cpp”)
  
  AttackerWithoutAuraTargetValue.cpp
  AttackersValue.cpp
  AvailableLootValue.cpp
  BudgetValues.cpp
  CcTargetValue.cpp
  CollisionValue.cpp
  CurrentCcTargetValue.cpp
  CurrentTargetValue.cpp
E:\1.ClassicCataSlym\TrinityCoreCataClassic\src\server\scripts\Playerbots\Ai\Base\Value\AggressiveTargetValue.cpp(37,79): error C2039: "lootid": 不是 "CreatureTemplate" 的成员 [E:\1.ClassicCataSlym\CataslymBuild\src\server\scripts\scripts.vcxproj]
  (编译源文件“../../../../TrinityCoreCataClassic/src/server/scripts/Playerbots/Ai/Base/Value/AggressiveTargetValue.cpp”)
      E:\1.ClassicCataSlym\TrinityCoreCataClassic\src\server\game\Entities\Creature\CreatureData.h(485,20):
      参见“CreatureTemplate”的声明
  
  DistanceValue.cpp
  DpsTargetValue.cpp
  DuelTargetValue.cpp
E:\1.ClassicCataSlym\TrinityCoreCataClassic\src\server\scripts\Playerbots\Ai\Base\Value\AoeValues.cpp(106,46): error C2039: "Effects": 不是 "SpellInfo" 的成员 [E:\1.ClassicCataSlym\CataslymBuild\src\server\scripts\scripts.vcxproj]
  (编译源文件“../../../../TrinityCoreCataClassic/src/server/scripts/Playerbots/Ai/Base/Value/AoeValues.cpp”)
      E:\1.ClassicCataSlym\TrinityCoreCataClassic\src\server\game\Spells\SpellInfo.h(326,19):
      参见“SpellInfo”的声明
  
  EnemyHealerTargetValue.cpp
  EnemyPlayerValue.cpp
E:\1.ClassicCataSlym\TrinityCoreCataClassic\src\server\scripts\Playerbots\Ai\Base\Value\AttackerCountValues.cpp(92,18): error C2440: “类型强制转换”: 无法从“int”转换为“const CreatureClassifications” [E:\1.ClassicCataSlym\CataslymBuild\src\server\scripts\scripts.vcxproj]
  (编译源文件“../../../../TrinityCoreCataClassic/src/server/scripts/Playerbots/Ai/Base/Value/AttackerCountValues.cpp”)
      E:\1.ClassicCataSlym\TrinityCoreCataClassic\src\server\scripts\Playerbots\Ai\Base\Value\AttackerCountValues.cpp(92,18):
      转换为枚举类型需要显式强制转换(static_cast、C 样式强制转换或带圆括号函数样式强制转换)
  
E:\1.ClassicCataSlym\TrinityCoreCataClassic\src\server\scripts\Playerbots\Ai\Base\Value\AttackerCountValues.cpp(92,13): error C2046: case 语句不在 switch 语句中 [E:\1.ClassicCataSlym\CataslymBuild\src\server\scripts\scripts.vcxproj]
  (编译源文件“../../../../TrinityCoreCataClassic/src/server/scripts/Playerbots/Ai/Base/Value/AttackerCountValues.cpp”)
  
E:\1.ClassicCataSlym\TrinityCoreCataClassic\src\server\scripts\Playerbots\Ai\Base\Value\AttackerCountValues.cpp(95,18): error C2440: “类型强制转换”: 无法从“int”转换为“const CreatureClassifications” [E:\1.ClassicCataSlym\CataslymBuild\src\server\scripts\scripts.vcxproj]
  (编译源文件“../../../../TrinityCoreCataClassic/src/server/scripts/Playerbots/Ai/Base/Value/AttackerCountValues.cpp”)
      E:\1.ClassicCataSlym\TrinityCoreCataClassic\src\server\scripts\Playerbots\Ai\Base\Value\AttackerCountValues.cpp(95,18):
      转换为枚举类型需要显式强制转换(static_cast、C 样式强制转换或带圆括号函数样式强制转换)
  
E:\1.ClassicCataSlym\TrinityCoreCataClassic\src\server\scripts\Playerbots\Ai\Base\Value\AttackerCountValues.cpp(95,13): error C2046: case 语句不在 switch 语句中 [E:\1.ClassicCataSlym\CataslymBuild\src\server\scripts\scripts.vcxproj]
  (编译源文件“../../../../TrinityCoreCataClassic/src/server/scripts/Playerbots/Ai/Base/Value/AttackerCountValues.cpp”)
  
E:\1.ClassicCataSlym\TrinityCoreCataClassic\src\server\scripts\Playerbots\Ai\Base\Value\AttackerCountValues.cpp(98,18): error C2440: “类型强制转换”: 无法从“int”转换为“const CreatureClassifications” [E:\1.ClassicCataSlym\CataslymBuild\src\server\scripts\scripts.vcxproj]
  (编译源文件“../../../../TrinityCoreCataClassic/src/server/scripts/Playerbots/Ai/Base/Value/AttackerCountValues.cpp”)
      E:\1.ClassicCataSlym\TrinityCoreCataClassic\src\server\scripts\Playerbots\Ai\Base\Value\AttackerCountValues.cpp(98,18):
      转换为枚举类型需要显式强制转换(static_cast、C 样式强制转换或带圆括号函数样式强制转换)
  
E:\1.ClassicCataSlym\TrinityCoreCataClassic\src\server\scripts\Playerbots\Ai\Base\Value\AttackerCountValues.cpp(98,13): error C2046: case 语句不在 switch 语句中 [E:\1.ClassicCataSlym\CataslymBuild\src\server\scripts\scripts.vcxproj]
  (编译源文件“../../../../TrinityCoreCataClassic/src/server/scripts/Playerbots/Ai/Base/Value/AttackerCountValues.cpp”)
  
E:\1.ClassicCataSlym\TrinityCoreCataClassic\src\server\scripts\Playerbots\Ai\Base\Value\AttackerCountValues.cpp(101,18): error C2440: “类型强制转换”: 无法从“int”转换为“const CreatureClassifications” [E:\1.ClassicCataSlym\CataslymBuild\src\server\scripts\scripts.vcxproj]
  (编译源文件“../../../../TrinityCoreCataClassic/src/server/scripts/Playerbots/Ai/Base/Value/AttackerCountValues.cpp”)
      E:\1.ClassicCataSlym\TrinityCoreCataClassic\src\server\scripts\Playerbots\Ai\Base\Value\AttackerCountValues.cpp(101,18):
      转换为枚举类型需要显式强制转换(static_cast、C 样式强制转换或带圆括号函数样式强制转换)
  
E:\1.ClassicCataSlym\TrinityCoreCataClassic\src\server\scripts\Playerbots\Ai\Base\Value\AttackerCountValues.cpp(101,13): error C2046: case 语句不在 switch 语句中 [E:\1.ClassicCataSlym\CataslymBuild\src\server\scripts\scripts.vcxproj]
  (编译源文件“../../../../TrinityCoreCataClassic/src/server/scripts/Playerbots/Ai/Base/Value/AttackerCountValues.cpp”)
  
E:\1.ClassicCataSlym\TrinityCoreCataClassic\src\server\scripts\Playerbots\Ai\Base\Value\AttackerCountValues.cpp(104,9): warning C4060: switch 语句没有包含“case”或“default”标签 [E:\1.ClassicCataSlym\CataslymBuild\src\server\scripts\scripts.vcxproj]
  (编译源文件“../../../../TrinityCoreCataClassic/src/server/scripts/Playerbots/Ai/Base/Value/AttackerCountValues.cpp”)
  
  EstimatedLifetimeValue.cpp
  FishValues.cpp
  Formations.cpp
  GrindTargetValue.cpp
  GroupLeaderValue.cpp
  GroupValues.cpp
E:\1.ClassicCataSlym\TrinityCoreCataClassic\src\server\scripts\Playerbots\Ai\Base\Value\BudgetValues.cpp(142,22): error C2039: "GetTrainerType": 不是 "Trainer::Trainer" 的成员 [E:\1.ClassicCataSlym\CataslymBuild\src\server\scripts\scripts.vcxproj]
  (编译源文件“../../../../TrinityCoreCataClassic/src/server/scripts/Playerbots/Ai/Base/Value/BudgetValues.cpp”)
      E:\1.ClassicCataSlym\TrinityCoreCataClassic\src\server\game\Entities\Creature\Trainer.h(65,11):
      参见“Trainer::Trainer”的声明
  
E:\1.ClassicCataSlym\TrinityCoreCataClassic\src\server\scripts\Playerbots\Ai\Base\Value\BudgetValues.cpp(142,85): error C2039: "IsTrainerValidForPlayer": 不是 "Trainer::Trainer" 的成员 [E:\1.ClassicCataSlym\CataslymBuild\src\server\scripts\scripts.vcxproj]
  (编译源文件“../../../../TrinityCoreCataClassic/src/server/scripts/Playerbots/Ai/Base/Value/BudgetValues.cpp”)
      E:\1.ClassicCataSlym\TrinityCoreCataClassic\src\server\game\Entities\Creature\Trainer.h(65,11):
      参见“Trainer::Trainer”的声明
  
E:\1.ClassicCataSlym\TrinityCoreCataClassic\src\server\scripts\Playerbots\Ai\Base\Value\BudgetValues.cpp(146,43): error C2039: "GetSpells": 不是 "Trainer::Trainer" 的成员 [E:\1.ClassicCataSlym\CataslymBuild\src\server\scripts\scripts.vcxproj]
  (编译源文件“../../../../TrinityCoreCataClassic/src/server/scripts/Playerbots/Ai/Base/Value/BudgetValues.cpp”)
      E:\1.ClassicCataSlym\TrinityCoreCataClassic\src\server\game\Entities\Creature\Trainer.h(65,11):
      参见“Trainer::Trainer”的声明
  
E:\1.ClassicCataSlym\TrinityCoreCataClassic\src\server\scripts\Playerbots\Ai\Base\Value\BudgetValues.cpp(146,26): error C2530: “spell”: 必须初始化引用 [E:\1.ClassicCataSlym\CataslymBuild\src\server\scripts\scripts.vcxproj]
  (编译源文件“../../../../TrinityCoreCataClassic/src/server/scripts/Playerbots/Ai/Base/Value/BudgetValues.cpp”)
  
E:\1.ClassicCataSlym\TrinityCoreCataClassic\src\server\scripts\Playerbots\Ai\Base\Value\BudgetValues.cpp(146,26): error C3531: “spell”: 类型包含“auto”的符号必须具有初始值设定项 [E:\1.ClassicCataSlym\CataslymBuild\src\server\scripts\scripts.vcxproj]
  (编译源文件“../../../../TrinityCoreCataClassic/src/server/scripts/Playerbots/Ai/Base/Value/BudgetValues.cpp”)
  
E:\1.ClassicCataSlym\TrinityCoreCataClassic\src\server\scripts\Playerbots\Ai\Base\Value\BudgetValues.cpp(146,32): error C2143: 语法错误: 缺少“;”(在“:”的前面) [E:\1.ClassicCataSlym\CataslymBuild\src\server\scripts\scripts.vcxproj]
  (编译源文件“../../../../TrinityCoreCataClassic/src/server/scripts/Playerbots/Ai/Base/Value/BudgetValues.cpp”)
  
E:\1.ClassicCataSlym\TrinityCoreCataClassic\src\server\scripts\Playerbots\Ai\Base\Value\BudgetValues.cpp(146,54): error C2143: 语法错误: 缺少“;”(在“)”的前面) [E:\1.ClassicCataSlym\CataslymBuild\src\server\scripts\scripts.vcxproj]
  (编译源文件“../../../../TrinityCoreCataClassic/src/server/scripts/Playerbots/Ai/Base/Value/BudgetValues.cpp”)
  
E:\1.ClassicCataSlym\TrinityCoreCataClassic\src\server\scripts\Playerbots\Ai\Base\Value\BudgetValues.cpp(152,27): error C2248: “Trainer::Trainer::CanTeachSpell”: 无法访问 private 成员(在“Trainer::Trainer”类中声明) [E:\1.ClassicCataSlym\CataslymBuild\src\server\scripts\scripts.vcxproj]
  (编译源文件“../../../../TrinityCoreCataClassic/src/server/scripts/Playerbots/Ai/Base/Value/BudgetValues.cpp”)
      E:\1.ClassicCataSlym\TrinityCoreCataClassic\src\server\game\Entities\Creature\Trainer.h(75,14):
      参见“Trainer::Trainer::CanTeachSpell”的声明
      E:\1.ClassicCataSlym\TrinityCoreCataClassic\src\server\game\Entities\Creature\Trainer.h(65,11):
      参见“Trainer::Trainer”的声明
  
  GuildValues.cpp
  HasAvailableLootValue.cpp
  HasTotemValue.cpp
  InvalidTargetValue.cpp
E:\1.ClassicCataSlym\TrinityCoreCataClassic\src\server\scripts\Playerbots\Ai\Base\Value\DpsTargetValue.cpp(259,30): error C2440: “初始化”: 无法从“ObjectGuid”转换为“Unit *” [E:\1.ClassicCataSlym\CataslymBuild\src\server\scripts\scripts.vcxproj]
  (编译源文件“../../../../TrinityCoreCataClassic/src/server/scripts/Playerbots/Ai/Base/Value/DpsTargetValue.cpp”)
      E:\1.ClassicCataSlym\TrinityCoreCataClassic\src\server\scripts\Playerbots\Ai\Base\Value\DpsTargetValue.cpp(259,30):
      没有可用于执行该转换的用户定义的转换运算符，或者无法调用该运算符
  
  IsBehindValue.cpp
  IsFacingValue.cpp
  IsMovingValue.cpp
E:\1.ClassicCataSlym\TrinityCoreCataClassic\src\server\scripts\Playerbots\Ai\Base\Value\GrindTargetValue.cpp(77,79): error C2039: "lootid": 不是 "CreatureTemplate" 的成员 [E:\1.ClassicCataSlym\CataslymBuild\src\server\scripts\scripts.vcxproj]
  (编译源文件“../../../../TrinityCoreCataClassic/src/server/scripts/Playerbots/Ai/Base/Value/GrindTargetValue.cpp”)
      E:\1.ClassicCataSlym\TrinityCoreCataClassic\src\server\game\Entities\Creature\CreatureData.h(485,20):
      参见“CreatureTemplate”的声明
  
E:\1.ClassicCataSlym\TrinityCoreCataClassic\src\server\scripts\Playerbots\Ai\Base\Value\GrindTargetValue.cpp(113,54): error C2676: 二进制“>”:“const CreatureClassifications”不定义该运算符或到预定义运算符可接收的类型的转换 [E:\1.ClassicCataSlym\CataslymBuild\src\server\scripts\scripts.vcxproj]
  (编译源文件“../../../../TrinityCoreCataClassic/src/server/scripts/Playerbots/Ai/Base/Value/GrindTargetValue.cpp”)
  
E:\1.ClassicCataSlym\TrinityCoreCataClassic\src\server\scripts\Playerbots\Ai\Base\Value\GrindTargetValue.cpp(196,50): error C2039: "CreatureOrGOCount": 不是 "QuestStatusData" 的成员 [E:\1.ClassicCataSlym\CataslymBuild\src\server\scripts\scripts.vcxproj]
  (编译源文件“../../../../TrinityCoreCataClassic/src/server/scripts/Playerbots/Ai/Base/Value/GrindTargetValue.cpp”)
      E:\1.ClassicCataSlym\TrinityCoreCataClassic\src\server\game\Quests\QuestDef.h(856,8):
      参见“QuestStatusData”的声明
  
E:\1.ClassicCataSlym\TrinityCoreCataClassic\src\server\scripts\Playerbots\Ai\Base\Value\GrindTargetValue.cpp(207,35): error C2039: "lootid": 不是 "CreatureTemplate" 的成员 [E:\1.ClassicCataSlym\CataslymBuild\src\server\scripts\scripts.vcxproj]
  (编译源文件“../../../../TrinityCoreCataClassic/src/server/scripts/Playerbots/Ai/Base/Value/GrindTargetValue.cpp”)
      E:\1.ClassicCataSlym\TrinityCoreCataClassic\src\server\game\Entities\Creature\CreatureData.h(485,20):
      参见“CreatureTemplate”的声明
  
  ItemCountValue.cpp
  ItemForSpellValue.cpp
  ItemUsageValue.cpp
  LastMovementValue.cpp
  LastSpellCastValue.cpp
  LeastHpTargetValue.cpp
E:\1.ClassicCataSlym\TrinityCoreCataClassic\src\server\scripts\Playerbots\Ai\Base\Value\InvalidTargetValue.cpp(24,62): error C2065: “UNIT_STATE_ISOLATED”: 未声明的标识符 [E:\1.ClassicCataSlym\CataslymBuild\src\server\scripts\scripts.vcxproj]
  (编译源文件“../../../../TrinityCoreCataClassic/src/server/scripts/Playerbots/Ai/Base/Value/InvalidTargetValue.cpp”)
  
  LineTargetValue.cpp
  LootStrategyValue.cpp
  LootValues.cpp
  MaintenanceValues.cpp
  NearestAdsValue.cpp
  NearestCorpsesValue.cpp
  NearestFriendlyPlayersValue.cpp
  NearestGameObjects.cpp
  NearestNonBotPlayersValue.cpp
  NearestNpcsValue.cpp
  NearestUnitsValue.cpp
  NewPlayerNearbyValue.cpp
  OutfitListValue.cpp
  PartyMemberSnaredTargetValue.cpp
E:\1.ClassicCataSlym\TrinityCoreCataClassic\src\server\scripts\Playerbots\Ai\Base\Value\ItemUsageValue.cpp(137,39): error C2039: "RequiredDisenchantSkill": 不是 "ItemTemplate" 的成员 [E:\1.ClassicCataSlym\CataslymBuild\src\server\scripts\scripts.vcxproj]
  (编译源文件“../../../../TrinityCoreCataClassic/src/server/scripts/Playerbots/Ai/Base/Value/ItemUsageValue.cpp”)
      E:\1.ClassicCataSlym\TrinityCoreCataClassic\src\server\game\Entities\Item\ItemTemplate.h(812,20):
      参见“ItemTemplate”的声明
  
E:\1.ClassicCataSlym\TrinityCoreCataClassic\src\server\scripts\Playerbots\Ai\Base\Value\ItemUsageValue.cpp(644,24): error C2664: “bool PlayerbotAI::HasSkill(SkillType)”: 无法将参数 1 从“int”转换为“SkillType” [E:\1.ClassicCataSlym\CataslymBuild\src\server\scripts\scripts.vcxproj]
  (编译源文件“../../../../TrinityCoreCataClassic/src/server/scripts/Playerbots/Ai/Base/Value/ItemUsageValue.cpp”)
      E:\1.ClassicCataSlym\TrinityCoreCataClassic\src\server\scripts\Playerbots\Ai\Base\Value\ItemUsageValue.cpp(644,33):
      转换为枚举类型需要显式强制转换(static_cast、C 样式强制转换或带圆括号函数样式强制转换)
      E:\1.ClassicCataSlym\TrinityCoreCataClassic\src\server\scripts\Playerbots\Bot\PlayerbotAI.h(570,10):
      参见“PlayerbotAI::HasSkill”的声明
      E:\1.ClassicCataSlym\TrinityCoreCataClassic\src\server\scripts\Playerbots\Ai\Base\Value\ItemUsageValue.cpp(644,24):
      尝试匹配参数列表“(int)”时
  
E:\1.ClassicCataSlym\TrinityCoreCataClassic\src\server\scripts\Playerbots\Ai\Base\Value\ItemUsageValue.cpp(684,35): error C2664: “bool PlayerbotAI::HasSkill(SkillType)”: 无法将参数 1 从“int”转换为“SkillType” [E:\1.ClassicCataSlym\CataslymBuild\src\server\scripts\scripts.vcxproj]
  (编译源文件“../../../../TrinityCoreCataClassic/src/server/scripts/Playerbots/Ai/Base/Value/ItemUsageValue.cpp”)
      E:\1.ClassicCataSlym\TrinityCoreCataClassic\src\server\scripts\Playerbots\Ai\Base\Value\ItemUsageValue.cpp(684,44):
      转换为枚举类型需要显式强制转换(static_cast、C 样式强制转换或带圆括号函数样式强制转换)
      E:\1.ClassicCataSlym\TrinityCoreCataClassic\src\server\scripts\Playerbots\Bot\PlayerbotAI.h(570,10):
      参见“PlayerbotAI::HasSkill”的声明
      E:\1.ClassicCataSlym\TrinityCoreCataClassic\src\server\scripts\Playerbots\Ai\Base\Value\ItemUsageValue.cpp(684,35):
      尝试匹配参数列表“(int)”时
  
E:\1.ClassicCataSlym\TrinityCoreCataClassic\src\server\scripts\Playerbots\Ai\Base\Value\ItemUsageValue.cpp(742,28): error C2660: “ItemTemplate::GetName”: 函数不接受 0 个参数 [E:\1.ClassicCataSlym\CataslymBuild\src\server\scripts\scripts.vcxproj]
  (编译源文件“../../../../TrinityCoreCataClassic/src/server/scripts/Playerbots/Ai/Base/Value/ItemUsageValue.cpp”)
      E:\1.ClassicCataSlym\TrinityCoreCataClassic\src\server\game\Entities\Item\ItemTemplate.h(854,17):
      参见“ItemTemplate::GetName”的声明
      E:\1.ClassicCataSlym\TrinityCoreCataClassic\src\server\scripts\Playerbots\Ai\Base\Value\ItemUsageValue.cpp(742,28):
      尝试匹配参数列表“()”时
  
  PartyMemberToDispel.cpp
  PartyMemberToHeal.cpp
  PartyMemberToResurrect.cpp
E:\1.ClassicCataSlym\TrinityCoreCataClassic\src\server\scripts\Playerbots\Ai\Base\Value\LootValues.cpp(23,69): error C2039: "LootID": 不是 "CreatureTemplate" 的成员 [E:\1.ClassicCataSlym\CataslymBuild\src\server\scripts\scripts.vcxproj]
  (编译源文件“../../../../TrinityCoreCataClassic/src/server/scripts/Playerbots/Ai/Base/Value/LootValues.cpp”)
      E:\1.ClassicCataSlym\TrinityCoreCataClassic\src\server\game\Entities\Creature\CreatureData.h(485,20):
      参见“CreatureTemplate”的声明
  
E:\1.ClassicCataSlym\TrinityCoreCataClassic\src\server\scripts\Playerbots\Ai\Base\Value\LootValues.cpp(60,59): error C2039: "DisenchantID": 不是 "ItemTemplate" 的成员 [E:\1.ClassicCataSlym\CataslymBuild\src\server\scripts\scripts.vcxproj]
  (编译源文件“../../../../TrinityCoreCataClassic/src/server/scripts/Playerbots/Ai/Base/Value/LootValues.cpp”)
      E:\1.ClassicCataSlym\TrinityCoreCataClassic\src\server\game\Entities\Item\ItemTemplate.h(812,20):
      参见“ItemTemplate”的声明
  
E:\1.ClassicCataSlym\TrinityCoreCataClassic\src\server\scripts\Playerbots\Ai\Base\Value\LootValues.cpp(61,72): error C2039: "DisenchantID": 不是 "ItemTemplate" 的成员 [E:\1.ClassicCataSlym\CataslymBuild\src\server\scripts\scripts.vcxproj]
  (编译源文件“../../../../TrinityCoreCataClassic/src/server/scripts/Playerbots/Ai/Base/Value/LootValues.cpp”)
      E:\1.ClassicCataSlym\TrinityCoreCataClassic\src\server\game\Entities\Item\ItemTemplate.h(812,20):
      参见“ItemTemplate”的声明
  
  PartyMemberValue.cpp
  PartyMemberWithoutAuraValue.cpp
  PartyMemberWithoutItemValue.cpp
  PetTargetValue.cpp
  PositionValue.cpp
  PossibleRpgTargetsValue.cpp
  PossibleTargetsValue.cpp
  PvpValues.cpp
  QuestValues.cpp
  RTSCValues.cpp
  RangeValues.cpp
  RtiTargetValue.cpp
  RtiValue.cpp
  SelfTargetValue.cpp
  SkipSpellsListValue.cpp
  SnareTargetValue.cpp
  SpellCastUsefulValue.cpp
  SpellIdValue.cpp
  Stances.cpp
E:\1.ClassicCataSlym\TrinityCoreCataClassic\src\server\scripts\Playerbots\Ai\Base\Value\PvpValues.cpp(45,74): error C2065: “BG_WS_SPELL_WARSONG_FLAG”: 未声明的标识符 [E:\1.ClassicCataSlym\CataslymBuild\src\server\scripts\scripts.vcxproj]
  (编译源文件“../../../../TrinityCoreCataClassic/src/server/scripts/Playerbots/Ai/Base/Value/PvpValues.cpp”)
  
E:\1.ClassicCataSlym\TrinityCoreCataClassic\src\server\scripts\Playerbots\Ai\Base\Value\PvpValues.cpp(46,77): error C2065: “BG_WS_SPELL_SILVERWING_FLAG”: 未声明的标识符 [E:\1.ClassicCataSlym\CataslymBuild\src\server\scripts\scripts.vcxproj]
  (编译源文件“../../../../TrinityCoreCataClassic/src/server/scripts/Playerbots/Ai/Base/Value/PvpValues.cpp”)
  
E:\1.ClassicCataSlym\TrinityCoreCataClassic\src\server\scripts\Playerbots\Ai\Base\Value\PvpValues.cpp(76,60): error C2065: “BG_EY_NETHERSTORM_FLAG_SPELL”: 未声明的标识符 [E:\1.ClassicCataSlym\CataslymBuild\src\server\scripts\scripts.vcxproj]
  (编译源文件“../../../../TrinityCoreCataClassic/src/server/scripts/Playerbots/Ai/Base/Value/PvpValues.cpp”)
  
E:\1.ClassicCataSlym\TrinityCoreCataClassic\src\server\scripts\Playerbots\Ai\Base\Value\PvpValues.cpp(152,37): error C2039: "mapid": 不是 "CreatureData" 的成员 [E:\1.ClassicCataSlym\CataslymBuild\src\server\scripts\scripts.vcxproj]
  (编译源文件“../../../../TrinityCoreCataClassic/src/server/scripts/Playerbots/Ai/Base/Value/PvpValues.cpp”)
      E:\1.ClassicCataSlym\TrinityCoreCataClassic\src\server\game\Entities\Creature\CreatureData.h(624,8):
      参见“CreatureData”的声明
  
E:\1.ClassicCataSlym\TrinityCoreCataClassic\src\server\scripts\Playerbots\Ai\Base\Value\PvpValues.cpp(152,54): error C2039: "posX": 不是 "CreatureData" 的成员 [E:\1.ClassicCataSlym\CataslymBuild\src\server\scripts\scripts.vcxproj]
  (编译源文件“../../../../TrinityCoreCataClassic/src/server/scripts/Playerbots/Ai/Base/Value/PvpValues.cpp”)
      E:\1.ClassicCataSlym\TrinityCoreCataClassic\src\server\game\Entities\Creature\CreatureData.h(624,8):
      参见“CreatureData”的声明
  
E:\1.ClassicCataSlym\TrinityCoreCataClassic\src\server\scripts\Playerbots\Ai\Base\Value\PvpValues.cpp(152,70): error C2039: "posY": 不是 "CreatureData" 的成员 [E:\1.ClassicCataSlym\CataslymBuild\src\server\scripts\scripts.vcxproj]
  (编译源文件“../../../../TrinityCoreCataClassic/src/server/scripts/Playerbots/Ai/Base/Value/PvpValues.cpp”)
      E:\1.ClassicCataSlym\TrinityCoreCataClassic\src\server\game\Entities\Creature\CreatureData.h(624,8):
      参见“CreatureData”的声明
  
E:\1.ClassicCataSlym\TrinityCoreCataClassic\src\server\scripts\Playerbots\Ai\Base\Value\PvpValues.cpp(152,86): error C2039: "posZ": 不是 "CreatureData" 的成员 [E:\1.ClassicCataSlym\CataslymBuild\src\server\scripts\scripts.vcxproj]
  (编译源文件“../../../../TrinityCoreCataClassic/src/server/scripts/Playerbots/Ai/Base/Value/PvpValues.cpp”)
      E:\1.ClassicCataSlym\TrinityCoreCataClassic\src\server\game\Entities\Creature\CreatureData.h(624,8):
      参见“CreatureData”的声明
  
E:\1.ClassicCataSlym\TrinityCoreCataClassic\src\server\scripts\Playerbots\Ai\Base\Value\PvpValues.cpp(152,102): error C2039: "orientation": 不是 "CreatureData" 的成员 [E:\1.ClassicCataSlym\CataslymBuild\src\server\scripts\scripts.vcxproj]
  (编译源文件“../../../../TrinityCoreCataClassic/src/server/scripts/Playerbots/Ai/Base/Value/PvpValues.cpp”)
      E:\1.ClassicCataSlym\TrinityCoreCataClassic\src\server\game\Entities\Creature\CreatureData.h(624,8):
      参见“CreatureData”的声明
  
E:\1.ClassicCataSlym\TrinityCoreCataClassic\src\server\scripts\Playerbots\Ai\Base\Value\PvpValues.cpp(179,19): error C2039: "team": 不是 "AreaTableEntry" 的成员 [E:\1.ClassicCataSlym\CataslymBuild\src\server\scripts\scripts.vcxproj]
  (编译源文件“../../../../TrinityCoreCataClassic/src/server/scripts/Playerbots/Ai/Base/Value/PvpValues.cpp”)
      E:\1.ClassicCataSlym\TrinityCoreCataClassic\src\server\game\DataStores\DB2Structure.h(85,8):
      参见“AreaTableEntry”的声明
  
E:\1.ClassicCataSlym\TrinityCoreCataClassic\src\server\scripts\Playerbots\Ai\Base\Value\PvpValues.cpp(181,19): error C2039: "team": 不是 "AreaTableEntry" 的成员 [E:\1.ClassicCataSlym\CataslymBuild\src\server\scripts\scripts.vcxproj]
  (编译源文件“../../../../TrinityCoreCataClassic/src/server/scripts/Playerbots/Ai/Base/Value/PvpValues.cpp”)
      E:\1.ClassicCataSlym\TrinityCoreCataClassic\src\server\game\DataStores\DB2Structure.h(85,8):
      参见“AreaTableEntry”的声明
  
  StatsValues.cpp
  TankTargetValue.cpp
E:\1.ClassicCataSlym\TrinityCoreCataClassic\src\server\scripts\Playerbots\Ai\Base\Value\QuestValues.cpp(20,39): error C2039: "GetCreatureQuestInvolvedRelationMapHACK": 不是 "ObjectMgr" 的成员 [E:\1.ClassicCataSlym\CataslymBuild\src\server\scripts\scripts.vcxproj]
  (编译源文件“../../../../TrinityCoreCataClassic/src/server/scripts/Playerbots/Ai/Base/Value/QuestValues.cpp”)
      E:\1.ClassicCataSlym\TrinityCoreCataClassic\src\server\game\Globals\ObjectMgr.h(1045,19):
      参见“ObjectMgr”的声明
  
E:\1.ClassicCataSlym\TrinityCoreCataClassic\src\server\scripts\Playerbots\Ai\Base\Value\QuestValues.cpp(20,15): error C3531: “relation”: 类型包含“auto”的符号必须具有初始值设定项 [E:\1.ClassicCataSlym\CataslymBuild\src\server\scripts\scripts.vcxproj]
  (编译源文件“../../../../TrinityCoreCataClassic/src/server/scripts/Playerbots/Ai/Base/Value/QuestValues.cpp”)
  
E:\1.ClassicCataSlym\TrinityCoreCataClassic\src\server\scripts\Playerbots\Ai\Base\Value\QuestValues.cpp(20,24): error C2143: 语法错误: 缺少“;”(在“:”的前面) [E:\1.ClassicCataSlym\CataslymBuild\src\server\scripts\scripts.vcxproj]
  (编译源文件“../../../../TrinityCoreCataClassic/src/server/scripts/Playerbots/Ai/Base/Value/QuestValues.cpp”)
  
E:\1.ClassicCataSlym\TrinityCoreCataClassic\src\server\scripts\Playerbots\Ai\Base\Value\QuestValues.cpp(20,76): error C2143: 语法错误: 缺少“;”(在“)”的前面) [E:\1.ClassicCataSlym\CataslymBuild\src\server\scripts\scripts.vcxproj]
  (编译源文件“../../../../TrinityCoreCataClassic/src/server/scripts/Playerbots/Ai/Base/Value/QuestValues.cpp”)
  
E:\1.ClassicCataSlym\TrinityCoreCataClassic\src\server\scripts\Playerbots\Ai\Base\Value\QuestValues.cpp(21,28): error C7732: ']' 应为表达式 [E:\1.ClassicCataSlym\CataslymBuild\src\server\scripts\scripts.vcxproj]
  (编译源文件“../../../../TrinityCoreCataClassic/src/server/scripts/Playerbots/Ai/Base/Value/QuestValues.cpp”)
  
E:\1.ClassicCataSlym\TrinityCoreCataClassic\src\server\scripts\Playerbots\Ai\Base\Value\QuestValues.cpp(21,45): error C7732: ']' 应为表达式 [E:\1.ClassicCataSlym\CataslymBuild\src\server\scripts\scripts.vcxproj]
  (编译源文件“../../../../TrinityCoreCataClassic/src/server/scripts/Playerbots/Ai/Base/Value/QuestValues.cpp”)
  
E:\1.ClassicCataSlym\TrinityCoreCataClassic\src\server\scripts\Playerbots\Ai\Base\Value\QuestValues.cpp(26,39): error C2039: "GetGOQuestInvolvedRelationMapHACK": 不是 "ObjectMgr" 的成员 [E:\1.ClassicCataSlym\CataslymBuild\src\server\scripts\scripts.vcxproj]
  (编译源文件“../../../../TrinityCoreCataClassic/src/server/scripts/Playerbots/Ai/Base/Value/QuestValues.cpp”)
      E:\1.ClassicCataSlym\TrinityCoreCataClassic\src\server\game\Globals\ObjectMgr.h(1045,19):
      参见“ObjectMgr”的声明
  
E:\1.ClassicCataSlym\TrinityCoreCataClassic\src\server\scripts\Playerbots\Ai\Base\Value\QuestValues.cpp(26,15): error C3531: “relation”: 类型包含“auto”的符号必须具有初始值设定项 [E:\1.ClassicCataSlym\CataslymBuild\src\server\scripts\scripts.vcxproj]
  (编译源文件“../../../../TrinityCoreCataClassic/src/server/scripts/Playerbots/Ai/Base/Value/QuestValues.cpp”)
  
E:\1.ClassicCataSlym\TrinityCoreCataClassic\src\server\scripts\Playerbots\Ai\Base\Value\QuestValues.cpp(26,24): error C2143: 语法错误: 缺少“;”(在“:”的前面) [E:\1.ClassicCataSlym\CataslymBuild\src\server\scripts\scripts.vcxproj]
  (编译源文件“../../../../TrinityCoreCataClassic/src/server/scripts/Playerbots/Ai/Base/Value/QuestValues.cpp”)
  
E:\1.ClassicCataSlym\TrinityCoreCataClassic\src\server\scripts\Playerbots\Ai\Base\Value\QuestValues.cpp(26,70): error C2143: 语法错误: 缺少“;”(在“)”的前面) [E:\1.ClassicCataSlym\CataslymBuild\src\server\scripts\scripts.vcxproj]
  (编译源文件“../../../../TrinityCoreCataClassic/src/server/scripts/Playerbots/Ai/Base/Value/QuestValues.cpp”)
  
E:\1.ClassicCataSlym\TrinityCoreCataClassic\src\server\scripts\Playerbots\Ai\Base\Value\QuestValues.cpp(27,36): error C7732: ']' 应为表达式 [E:\1.ClassicCataSlym\CataslymBuild\src\server\scripts\scripts.vcxproj]
  (编译源文件“../../../../TrinityCoreCataClassic/src/server/scripts/Playerbots/Ai/Base/Value/QuestValues.cpp”)
  
E:\1.ClassicCataSlym\TrinityCoreCataClassic\src\server\scripts\Playerbots\Ai\Base\Value\QuestValues.cpp(27,53): error C7732: ']' 应为表达式 [E:\1.ClassicCataSlym\CataslymBuild\src\server\scripts\scripts.vcxproj]
  (编译源文件“../../../../TrinityCoreCataClassic/src/server/scripts/Playerbots/Ai/Base/Value/QuestValues.cpp”)
  
E:\1.ClassicCataSlym\TrinityCoreCataClassic\src\server\scripts\Playerbots\Ai\Base\Value\QuestValues.cpp(30,16): error C2039: "QuestMap": 不是 "ObjectMgr" 的成员 [E:\1.ClassicCataSlym\CataslymBuild\src\server\scripts\scripts.vcxproj]
  (编译源文件“../../../../TrinityCoreCataClassic/src/server/scripts/Playerbots/Ai/Base/Value/QuestValues.cpp”)
      E:\1.ClassicCataSlym\TrinityCoreCataClassic\src\server\game\Globals\ObjectMgr.h(1045,19):
      参见“ObjectMgr”的声明
  
E:\1.ClassicCataSlym\TrinityCoreCataClassic\src\server\scripts\Playerbots\Ai\Base\Value\QuestValues.cpp(30,16): error C2065: “QuestMap”: 未声明的标识符 [E:\1.ClassicCataSlym\CataslymBuild\src\server\scripts\scripts.vcxproj]
  (编译源文件“../../../../TrinityCoreCataClassic/src/server/scripts/Playerbots/Ai/Base/Value/QuestValues.cpp”)
  
E:\1.ClassicCataSlym\TrinityCoreCataClassic\src\server\scripts\Playerbots\Ai\Base\Value\QuestValues.cpp(30,25): error C2143: 语法错误: 缺少“;”(在“const”的前面) [E:\1.ClassicCataSlym\CataslymBuild\src\server\scripts\scripts.vcxproj]
  (编译源文件“../../../../TrinityCoreCataClassic/src/server/scripts/Playerbots/Ai/Base/Value/QuestValues.cpp”)
  
E:\1.ClassicCataSlym\TrinityCoreCataClassic\src\server\scripts\Playerbots\Ai\Base\Value\QuestValues.cpp(30,25): error C4430: 缺少类型说明符 - 假定为 int。注意: C++ 不支持默认 int [E:\1.ClassicCataSlym\CataslymBuild\src\server\scripts\scripts.vcxproj]
  (编译源文件“../../../../TrinityCoreCataClassic/src/server/scripts/Playerbots/Ai/Base/Value/QuestValues.cpp”)
  
E:\1.ClassicCataSlym\TrinityCoreCataClassic\src\server\scripts\Playerbots\Ai\Base\Value\QuestValues.cpp(30,41): error C2440: “初始化”: 无法从“const ObjectMgr::QuestContainer”转换为“const int &” [E:\1.ClassicCataSlym\CataslymBuild\src\server\scripts\scripts.vcxproj]
  (编译源文件“../../../../TrinityCoreCataClassic/src/server/scripts/Playerbots/Ai/Base/Value/QuestValues.cpp”)
      E:\1.ClassicCataSlym\TrinityCoreCataClassic\src\server\scripts\Playerbots\Ai\Base\Value\QuestValues.cpp(30,41):
      原因如下: 无法从“const ObjectMgr::QuestContainer”转换为“const int”
      E:\1.ClassicCataSlym\TrinityCoreCataClassic\src\server\scripts\Playerbots\Ai\Base\Value\QuestValues.cpp(30,41):
      没有可用于执行该转换的用户定义的转换运算符，或者无法调用该运算符
  
E:\1.ClassicCataSlym\TrinityCoreCataClassic\src\server\scripts\Playerbots\Ai\Base\Value\QuestValues.cpp(32,27): error C3312: 找不到类型 "const int" 的可调用 "begin" 函数 [E:\1.ClassicCataSlym\CataslymBuild\src\server\scripts\scripts.vcxproj]
  (编译源文件“../../../../TrinityCoreCataClassic/src/server/scripts/Playerbots/Ai/Base/Value/QuestValues.cpp”)
  
E:\1.ClassicCataSlym\TrinityCoreCataClassic\src\server\scripts\Playerbots\Ai\Base\Value\QuestValues.cpp(32,27): error C3312: 找不到类型 "const int" 的可调用 "end" 函数 [E:\1.ClassicCataSlym\CataslymBuild\src\server\scripts\scripts.vcxproj]
  (编译源文件“../../../../TrinityCoreCataClassic/src/server/scripts/Playerbots/Ai/Base/Value/QuestValues.cpp”)
  
E:\1.ClassicCataSlym\TrinityCoreCataClassic\src\server\scripts\Playerbots\Ai\Base\Value\QuestValues.cpp(32,16): error C2530: “questItr”: 必须初始化引用 [E:\1.ClassicCataSlym\CataslymBuild\src\server\scripts\scripts.vcxproj]
  (编译源文件“../../../../TrinityCoreCataClassic/src/server/scripts/Playerbots/Ai/Base/Value/QuestValues.cpp”)
  
E:\1.ClassicCataSlym\TrinityCoreCataClassic\src\server\scripts\Playerbots\Ai\Base\Value\QuestValues.cpp(32,16): error C3531: “questItr”: 类型包含“auto”的符号必须具有初始值设定项 [E:\1.ClassicCataSlym\CataslymBuild\src\server\scripts\scripts.vcxproj]
  (编译源文件“../../../../TrinityCoreCataClassic/src/server/scripts/Playerbots/Ai/Base/Value/QuestValues.cpp”)
  
E:\1.ClassicCataSlym\TrinityCoreCataClassic\src\server\scripts\Playerbots\Ai\Base\Value\QuestValues.cpp(32,25): error C2143: 语法错误: 缺少“;”(在“:”的前面) [E:\1.ClassicCataSlym\CataslymBuild\src\server\scripts\scripts.vcxproj]
  (编译源文件“../../../../TrinityCoreCataClassic/src/server/scripts/Playerbots/Ai/Base/Value/QuestValues.cpp”)
  
E:\1.ClassicCataSlym\TrinityCoreCataClassic\src\server\scripts\Playerbots\Ai\Base\Value\QuestValues.cpp(32,35): error C2143: 语法错误: 缺少“;”(在“)”的前面) [E:\1.ClassicCataSlym\CataslymBuild\src\server\scripts\scripts.vcxproj]
  (编译源文件“../../../../TrinityCoreCataClassic/src/server/scripts/Playerbots/Ai/Base/Value/QuestValues.cpp”)
  
  TargetValue.cpp
E:\1.ClassicCataSlym\TrinityCoreCataClassic\src\server\scripts\Playerbots\Ai\Base\Value\QuestValues.cpp(107,40): error C2039: "GetAllGOData": 不是 "ObjectMgr" 的成员 [E:\1.ClassicCataSlym\CataslymBuild\src\server\scripts\scripts.vcxproj]
  (编译源文件“../../../../TrinityCoreCataClassic/src/server/scripts/Playerbots/Ai/Base/Value/QuestValues.cpp”)
      E:\1.ClassicCataSlym\TrinityCoreCataClassic\src\server\game\Globals\ObjectMgr.h(1045,19):
      参见“ObjectMgr”的声明
  
E:\1.ClassicCataSlym\TrinityCoreCataClassic\src\server\scripts\Playerbots\Ai\Base\Value\QuestValues.cpp(107,22): error C2530: “itr”: 必须初始化引用 [E:\1.ClassicCataSlym\CataslymBuild\src\server\scripts\scripts.vcxproj]
  (编译源文件“../../../../TrinityCoreCataClassic/src/server/scripts/Playerbots/Ai/Base/Value/QuestValues.cpp”)
  
E:\1.ClassicCataSlym\TrinityCoreCataClassic\src\server\scripts\Playerbots\Ai\Base\Value\QuestValues.cpp(107,22): error C3531: “itr”: 类型包含“auto”的符号必须具有初始值设定项 [E:\1.ClassicCataSlym\CataslymBuild\src\server\scripts\scripts.vcxproj]
  (编译源文件“../../../../TrinityCoreCataClassic/src/server/scripts/Playerbots/Ai/Base/Value/QuestValues.cpp”)
  
E:\1.ClassicCataSlym\TrinityCoreCataClassic\src\server\scripts\Playerbots\Ai\Base\Value\QuestValues.cpp(107,26): error C2143: 语法错误: 缺少“;”(在“:”的前面) [E:\1.ClassicCataSlym\CataslymBuild\src\server\scripts\scripts.vcxproj]
  (编译源文件“../../../../TrinityCoreCataClassic/src/server/scripts/Playerbots/Ai/Base/Value/QuestValues.cpp”)
  
E:\1.ClassicCataSlym\TrinityCoreCataClassic\src\server\scripts\Playerbots\Ai\Base\Value\QuestValues.cpp(107,54): error C2143: 语法错误: 缺少“;”(在“)”的前面) [E:\1.ClassicCataSlym\CataslymBuild\src\server\scripts\scripts.vcxproj]
  (编译源文件“../../../../TrinityCoreCataClassic/src/server/scripts/Playerbots/Ai/Base/Value/QuestValues.cpp”)
  
E:\1.ClassicCataSlym\TrinityCoreCataClassic\src\server\scripts\Playerbots\Ai\Base\Value\QuestValues.cpp(221,22): error C2039: "IsAutoComplete": 不是 "Quest" 的成员 [E:\1.ClassicCataSlym\CataslymBuild\src\server\scripts\scripts.vcxproj]
  (编译源文件“../../../../TrinityCoreCataClassic/src/server/scripts/Playerbots/Ai/Base/Value/QuestValues.cpp”)
      E:\1.ClassicCataSlym\TrinityCoreCataClassic\src\server\game\Quests\QuestDef.h(541,19):
      参见“Quest”的声明
  
E:\1.ClassicCataSlym\TrinityCoreCataClassic\src\server\scripts\Playerbots\Ai\Base\Value\QuestValues.cpp(299,46): error C2039: "CreatureOrGOCount": 不是 "QuestStatusData" 的成员 [E:\1.ClassicCataSlym\CataslymBuild\src\server\scripts\scripts.vcxproj]
  (编译源文件“../../../../TrinityCoreCataClassic/src/server/scripts/Playerbots/Ai/Base/Value/QuestValues.cpp”)
      E:\1.ClassicCataSlym\TrinityCoreCataClassic\src\server\game\Quests\QuestDef.h(856,8):
      参见“QuestStatusData”的声明
  
E:\1.ClassicCataSlym\TrinityCoreCataClassic\src\server\scripts\Playerbots\Ai\Base\Value\QuestValues.cpp(388,22): error C2039: "IsAutoComplete": 不是 "Quest" 的成员 [E:\1.ClassicCataSlym\CataslymBuild\src\server\scripts\scripts.vcxproj]
  (编译源文件“../../../../TrinityCoreCataClassic/src/server/scripts/Playerbots/Ai/Base/Value/QuestValues.cpp”)
      E:\1.ClassicCataSlym\TrinityCoreCataClassic\src\server\game\Quests\QuestDef.h(541,19):
      参见“Quest”的声明
  
E:\1.ClassicCataSlym\TrinityCoreCataClassic\src\server\scripts\Playerbots\Ai\Base\Value\QuestValues.cpp(390,25): error C2039: "IsAutoComplete": 不是 "Quest" 的成员 [E:\1.ClassicCataSlym\CataslymBuild\src\server\scripts\scripts.vcxproj]
  (编译源文件“../../../../TrinityCoreCataClassic/src/server/scripts/Playerbots/Ai/Base/Value/QuestValues.cpp”)
      E:\1.ClassicCataSlym\TrinityCoreCataClassic\src\server\game\Quests\QuestDef.h(541,19):
      参见“Quest”的声明
  
E:\1.ClassicCataSlym\TrinityCoreCataClassic\src\server\scripts\Playerbots\Ai\Base\Value\QuestValues.cpp(436,33): error C2039: "IsAutoComplete": 不是 "Quest" 的成员 [E:\1.ClassicCataSlym\CataslymBuild\src\server\scripts\scripts.vcxproj]
  (编译源文件“../../../../TrinityCoreCataClassic/src/server/scripts/Playerbots/Ai/Base/Value/QuestValues.cpp”)
      E:\1.ClassicCataSlym\TrinityCoreCataClassic\src\server\game\Quests\QuestDef.h(541,19):
      参见“Quest”的声明
  
E:\1.ClassicCataSlym\TrinityCoreCataClassic\src\server\scripts\Playerbots\Ai\Base\Value\StatsValues.cpp(150,46): error C2039: "GetComboTargetGUID": 不是 "Player" 的成员 [E:\1.ClassicCataSlym\CataslymBuild\src\server\scripts\scripts.vcxproj]
  (编译源文件“../../../../TrinityCoreCataClassic/src/server/scripts/Playerbots/Ai/Base/Value/StatsValues.cpp”)
      E:\1.ClassicCataSlym\TrinityCoreCataClassic\src\server\game\Entities\Player\Player.h(1147,19):
      参见“Player”的声明
  
E:\1.ClassicCataSlym\TrinityCoreCataClassic\src\server\scripts\Playerbots\Ai\Base\Value\StatsValues.cpp(153,17): error C2039: "GetComboPoints": 不是 "Player" 的成员 [E:\1.ClassicCataSlym\CataslymBuild\src\server\scripts\scripts.vcxproj]
  (编译源文件“../../../../TrinityCoreCataClassic/src/server/scripts/Playerbots/Ai/Base/Value/StatsValues.cpp”)
      E:\1.ClassicCataSlym\TrinityCoreCataClassic\src\server\game\Entities\Player\Player.h(1147,19):
      参见“Player”的声明
  
  ThreatValues.cpp
  DKActions.cpp
  DKAiObjectContext.cpp
  DKTriggers.cpp
  BloodDKStrategy.cpp
  DeathKnightPullStrategy.cpp
E:\1.ClassicCataSlym\TrinityCoreCataClassic\src\server\scripts\Playerbots\Ai\Base\Value\SpellCastUsefulValue.cpp(25,61): error C2039: "IsNextMeleeSwingSpell": 不是 "Spell" 的成员 [E:\1.ClassicCataSlym\CataslymBuild\src\server\scripts\scripts.vcxproj]
  (编译源文件“../../../../TrinityCoreCataClassic/src/server/scripts/Playerbots/Ai/Base/Value/SpellCastUsefulValue.cpp”)
      E:\1.ClassicCataSlym\TrinityCoreCataClassic\src\server\game\Spells\Spell.h(274,19):
      参见“Spell”的声明
  
E:\1.ClassicCataSlym\TrinityCoreCataClassic\src\server\scripts\Playerbots\Ai\Base\Value\Stances.cpp(53,19): error C3861: “GetAbsoluteAngle”: 找不到标识符 [E:\1.ClassicCataSlym\CataslymBuild\src\server\scripts\scripts.vcxproj]
  (编译源文件“../../../../TrinityCoreCataClassic/src/server/scripts/Playerbots/Ai/Base/Value/Stances.cpp”)
  
E:\1.ClassicCataSlym\TrinityCoreCataClassic\src\server\scripts\Playerbots\Ai\Base\Value\Stances.cpp(75,11): error C3668: “NearStance::GetAbsoluteAngle”: 包含重写说明符“override”的方法没有重写任何基类方法 [E:\1.ClassicCataSlym\CataslymBuild\src\server\scripts\scripts.vcxproj]
  (编译源文件“../../../../TrinityCoreCataClassic/src/server/scripts/Playerbots/Ai/Base/Value/Stances.cpp”)
  
E:\1.ClassicCataSlym\TrinityCoreCataClassic\src\server\scripts\Playerbots\Ai\Base\Value\Stances.cpp(122,11): error C3668: “TankStance::GetAbsoluteAngle”: 包含重写说明符“override”的方法没有重写任何基类方法 [E:\1.ClassicCataSlym\CataslymBuild\src\server\scripts\scripts.vcxproj]
  (编译源文件“../../../../TrinityCoreCataClassic/src/server/scripts/Playerbots/Ai/Base/Value/Stances.cpp”)
  
E:\1.ClassicCataSlym\TrinityCoreCataClassic\src\server\scripts\Playerbots\Ai\Base\Value\Stances.cpp(134,11): error C3668: “TurnBackStance::GetAbsoluteAngle”: 包含重写说明符“override”的方法没有重写任何基类方法 [E:\1.ClassicCataSlym\CataslymBuild\src\server\scripts\scripts.vcxproj]
  (编译源文件“../../../../TrinityCoreCataClassic/src/server/scripts/Playerbots/Ai/Base/Value/Stances.cpp”)
  
E:\1.ClassicCataSlym\TrinityCoreCataClassic\src\server\scripts\Playerbots\Ai\Base\Value\Stances.cpp(165,11): error C3668: “BehindStance::GetAbsoluteAngle”: 包含重写说明符“override”的方法没有重写任何基类方法 [E:\1.ClassicCataSlym\CataslymBuild\src\server\scripts\scripts.vcxproj]
  (编译源文件“../../../../TrinityCoreCataClassic/src/server/scripts/Playerbots/Ai/Base/Value/Stances.cpp”)
  
E:\1.ClassicCataSlym\TrinityCoreCataClassic\src\server\scripts\Playerbots\Ai\Base\Value\Stances.cpp(195,83): error C2259: “NearStance”: 无法实例化抽象类 [E:\1.ClassicCataSlym\CataslymBuild\src\server\scripts\scripts.vcxproj]
  (编译源文件“../../../../TrinityCoreCataClassic/src/server/scripts/Playerbots/Ai/Base/Value/Stances.cpp”)
      E:\1.ClassicCataSlym\TrinityCoreCataClassic\src\server\scripts\Playerbots\Ai\Base\Value\Stances.cpp(70,7):
      参见“NearStance”的声明
      E:\1.ClassicCataSlym\TrinityCoreCataClassic\src\server\scripts\Playerbots\Ai\Base\Value\Stances.cpp(195,83):
      由于下列成员:
      E:\1.ClassicCataSlym\TrinityCoreCataClassic\src\server\scripts\Playerbots\Ai\Base\Value\Stances.cpp(195,83):
      “float MoveStance::GetAngle(void)”: 是抽象的
      E:\1.ClassicCataSlym\TrinityCoreCataClassic\src\server\scripts\Playerbots\Ai\Base\Value\Stances.h(37,19):
      参见“MoveStance::GetAngle”的声明
  
E:\1.ClassicCataSlym\TrinityCoreCataClassic\src\server\scripts\Playerbots\Ai\Base\Value\Stances.cpp(195,93): error C2259: “NearStance”: 无法实例化抽象类 [E:\1.ClassicCataSlym\CataslymBuild\src\server\scripts\scripts.vcxproj]
  (编译源文件“../../../../TrinityCoreCataClassic/src/server/scripts/Playerbots/Ai/Base/Value/Stances.cpp”)
      E:\1.ClassicCataSlym\TrinityCoreCataClassic\src\server\scripts\Playerbots\Ai\Base\Value\Stances.cpp(70,7):
      参见“NearStance”的声明
      E:\1.ClassicCataSlym\TrinityCoreCataClassic\src\server\scripts\Playerbots\Ai\Base\Value\Stances.cpp(195,93):
      由于下列成员:
      E:\1.ClassicCataSlym\TrinityCoreCataClassic\src\server\scripts\Playerbots\Ai\Base\Value\Stances.cpp(195,93):
      “float MoveStance::GetAngle(void)”: 是抽象的
      E:\1.ClassicCataSlym\TrinityCoreCataClassic\src\server\scripts\Playerbots\Ai\Base\Value\Stances.h(37,19):
      参见“MoveStance::GetAngle”的声明
  
E:\1.ClassicCataSlym\TrinityCoreCataClassic\src\server\scripts\Playerbots\Ai\Base\Value\Stances.cpp(205,21): error C2259: “BehindStance”: 无法实例化抽象类 [E:\1.ClassicCataSlym\CataslymBuild\src\server\scripts\scripts.vcxproj]
  (编译源文件“../../../../TrinityCoreCataClassic/src/server/scripts/Playerbots/Ai/Base/Value/Stances.cpp”)
      E:\1.ClassicCataSlym\TrinityCoreCataClassic\src\server\scripts\Playerbots\Ai\Base\Value\Stances.cpp(160,7):
      参见“BehindStance”的声明
      E:\1.ClassicCataSlym\TrinityCoreCataClassic\src\server\scripts\Playerbots\Ai\Base\Value\Stances.cpp(205,21):
      由于下列成员:
      E:\1.ClassicCataSlym\TrinityCoreCataClassic\src\server\scripts\Playerbots\Ai\Base\Value\Stances.cpp(205,21):
      “float MoveStance::GetAngle(void)”: 是抽象的
      E:\1.ClassicCataSlym\TrinityCoreCataClassic\src\server\scripts\Playerbots\Ai\Base\Value\Stances.h(37,19):
      参见“MoveStance::GetAngle”的声明
  
E:\1.ClassicCataSlym\TrinityCoreCataClassic\src\server\scripts\Playerbots\Ai\Base\Value\Stances.cpp(205,33): error C2259: “BehindStance”: 无法实例化抽象类 [E:\1.ClassicCataSlym\CataslymBuild\src\server\scripts\scripts.vcxproj]
  (编译源文件“../../../../TrinityCoreCataClassic/src/server/scripts/Playerbots/Ai/Base/Value/Stances.cpp”)
      E:\1.ClassicCataSlym\TrinityCoreCataClassic\src\server\scripts\Playerbots\Ai\Base\Value\Stances.cpp(160,7):
      参见“BehindStance”的声明
      E:\1.ClassicCataSlym\TrinityCoreCataClassic\src\server\scripts\Playerbots\Ai\Base\Value\Stances.cpp(205,33):
      由于下列成员:
      E:\1.ClassicCataSlym\TrinityCoreCataClassic\src\server\scripts\Playerbots\Ai\Base\Value\Stances.cpp(205,33):
      “float MoveStance::GetAngle(void)”: 是抽象的
      E:\1.ClassicCataSlym\TrinityCoreCataClassic\src\server\scripts\Playerbots\Ai\Base\Value\Stances.h(37,19):
      参见“MoveStance::GetAngle”的声明
  
E:\1.ClassicCataSlym\TrinityCoreCataClassic\src\server\scripts\Playerbots\Ai\Base\Value\Stances.cpp(211,21): error C2259: “NearStance”: 无法实例化抽象类 [E:\1.ClassicCataSlym\CataslymBuild\src\server\scripts\scripts.vcxproj]
  (编译源文件“../../../../TrinityCoreCataClassic/src/server/scripts/Playerbots/Ai/Base/Value/Stances.cpp”)
      E:\1.ClassicCataSlym\TrinityCoreCataClassic\src\server\scripts\Playerbots\Ai\Base\Value\Stances.cpp(70,7):
      参见“NearStance”的声明
      E:\1.ClassicCataSlym\TrinityCoreCataClassic\src\server\scripts\Playerbots\Ai\Base\Value\Stances.cpp(211,21):
      由于下列成员:
      E:\1.ClassicCataSlym\TrinityCoreCataClassic\src\server\scripts\Playerbots\Ai\Base\Value\Stances.cpp(211,21):
      “float MoveStance::GetAngle(void)”: 是抽象的
      E:\1.ClassicCataSlym\TrinityCoreCataClassic\src\server\scripts\Playerbots\Ai\Base\Value\Stances.h(37,19):
      参见“MoveStance::GetAngle”的声明
  
E:\1.ClassicCataSlym\TrinityCoreCataClassic\src\server\scripts\Playerbots\Ai\Base\Value\Stances.cpp(211,31): error C2259: “NearStance”: 无法实例化抽象类 [E:\1.ClassicCataSlym\CataslymBuild\src\server\scripts\scripts.vcxproj]
  (编译源文件“../../../../TrinityCoreCataClassic/src/server/scripts/Playerbots/Ai/Base/Value/Stances.cpp”)
      E:\1.ClassicCataSlym\TrinityCoreCataClassic\src\server\scripts\Playerbots\Ai\Base\Value\Stances.cpp(70,7):
      参见“NearStance”的声明
      E:\1.ClassicCataSlym\TrinityCoreCataClassic\src\server\scripts\Playerbots\Ai\Base\Value\Stances.cpp(211,31):
      由于下列成员:
      E:\1.ClassicCataSlym\TrinityCoreCataClassic\src\server\scripts\Playerbots\Ai\Base\Value\Stances.cpp(211,31):
      “float MoveStance::GetAngle(void)”: 是抽象的
      E:\1.ClassicCataSlym\TrinityCoreCataClassic\src\server\scripts\Playerbots\Ai\Base\Value\Stances.h(37,19):
      参见“MoveStance::GetAngle”的声明
  
E:\1.ClassicCataSlym\TrinityCoreCataClassic\src\server\scripts\Playerbots\Ai\Base\Value\Stances.cpp(217,21): error C2259: “TankStance”: 无法实例化抽象类 [E:\1.ClassicCataSlym\CataslymBuild\src\server\scripts\scripts.vcxproj]
  (编译源文件“../../../../TrinityCoreCataClassic/src/server/scripts/Playerbots/Ai/Base/Value/Stances.cpp”)
      E:\1.ClassicCataSlym\TrinityCoreCataClassic\src\server\scripts\Playerbots\Ai\Base\Value\Stances.cpp(117,7):
      参见“TankStance”的声明
      E:\1.ClassicCataSlym\TrinityCoreCataClassic\src\server\scripts\Playerbots\Ai\Base\Value\Stances.cpp(217,21):
      由于下列成员:
      E:\1.ClassicCataSlym\TrinityCoreCataClassic\src\server\scripts\Playerbots\Ai\Base\Value\Stances.cpp(217,21):
      “float MoveStance::GetAngle(void)”: 是抽象的
      E:\1.ClassicCataSlym\TrinityCoreCataClassic\src\server\scripts\Playerbots\Ai\Base\Value\Stances.h(37,19):
      参见“MoveStance::GetAngle”的声明
  
E:\1.ClassicCataSlym\TrinityCoreCataClassic\src\server\scripts\Playerbots\Ai\Base\Value\Stances.cpp(217,31): error C2259: “TankStance”: 无法实例化抽象类 [E:\1.ClassicCataSlym\CataslymBuild\src\server\scripts\scripts.vcxproj]
  (编译源文件“../../../../TrinityCoreCataClassic/src/server/scripts/Playerbots/Ai/Base/Value/Stances.cpp”)
      E:\1.ClassicCataSlym\TrinityCoreCataClassic\src\server\scripts\Playerbots\Ai\Base\Value\Stances.cpp(117,7):
      参见“TankStance”的声明
      E:\1.ClassicCataSlym\TrinityCoreCataClassic\src\server\scripts\Playerbots\Ai\Base\Value\Stances.cpp(217,31):
      由于下列成员:
      E:\1.ClassicCataSlym\TrinityCoreCataClassic\src\server\scripts\Playerbots\Ai\Base\Value\Stances.cpp(217,31):
      “float MoveStance::GetAngle(void)”: 是抽象的
      E:\1.ClassicCataSlym\TrinityCoreCataClassic\src\server\scripts\Playerbots\Ai\Base\Value\Stances.h(37,19):
      参见“MoveStance::GetAngle”的声明
  
E:\1.ClassicCataSlym\TrinityCoreCataClassic\src\server\scripts\Playerbots\Ai\Base\Value\Stances.cpp(223,21): error C2259: “TurnBackStance”: 无法实例化抽象类 [E:\1.ClassicCataSlym\CataslymBuild\src\server\scripts\scripts.vcxproj]
  (编译源文件“../../../../TrinityCoreCataClassic/src/server/scripts/Playerbots/Ai/Base/Value/Stances.cpp”)
      E:\1.ClassicCataSlym\TrinityCoreCataClassic\src\server\scripts\Playerbots\Ai\Base\Value\Stances.cpp(129,7):
      参见“TurnBackStance”的声明
      E:\1.ClassicCataSlym\TrinityCoreCataClassic\src\server\scripts\Playerbots\Ai\Base\Value\Stances.cpp(223,21):
      由于下列成员:
      E:\1.ClassicCataSlym\TrinityCoreCataClassic\src\server\scripts\Playerbots\Ai\Base\Value\Stances.cpp(223,21):
      “float MoveStance::GetAngle(void)”: 是抽象的
      E:\1.ClassicCataSlym\TrinityCoreCataClassic\src\server\scripts\Playerbots\Ai\Base\Value\Stances.h(37,19):
      参见“MoveStance::GetAngle”的声明
  
E:\1.ClassicCataSlym\TrinityCoreCataClassic\src\server\scripts\Playerbots\Ai\Base\Value\Stances.cpp(223,35): error C2259: “TurnBackStance”: 无法实例化抽象类 [E:\1.ClassicCataSlym\CataslymBuild\src\server\scripts\scripts.vcxproj]
  (编译源文件“../../../../TrinityCoreCataClassic/src/server/scripts/Playerbots/Ai/Base/Value/Stances.cpp”)
      E:\1.ClassicCataSlym\TrinityCoreCataClassic\src\server\scripts\Playerbots\Ai\Base\Value\Stances.cpp(129,7):
      参见“TurnBackStance”的声明
      E:\1.ClassicCataSlym\TrinityCoreCataClassic\src\server\scripts\Playerbots\Ai\Base\Value\Stances.cpp(223,35):
      由于下列成员:
      E:\1.ClassicCataSlym\TrinityCoreCataClassic\src\server\scripts\Playerbots\Ai\Base\Value\Stances.cpp(223,35):
      “float MoveStance::GetAngle(void)”: 是抽象的
      E:\1.ClassicCataSlym\TrinityCoreCataClassic\src\server\scripts\Playerbots\Ai\Base\Value\Stances.h(37,19):
      参见“MoveStance::GetAngle”的声明
  
  FrostDKStrategy.cpp
  GenericDKNonCombatStrategy.cpp
  GenericDKStrategy.cpp
  UnholyDKStrategy.cpp
  DruidAiObjectContext.cpp
  DruidTriggers.cpp
  DruidActions.cpp
  DruidBearActions.cpp
  DruidCatActions.cpp
  DruidShapeshiftActions.cpp
  BalanceDruidStrategy.cpp
  BearDruidStrategy.cpp
  CatDruidStrategy.cpp
  DruidPullStrategy.cpp
  FeralDruidStrategy.cpp
  GenericDruidNonCombatStrategy.cpp
  GenericDruidStrategy.cpp
  RestoDruidStrategy.cpp
  HunterActions.cpp
  HunterAiObjectContext.cpp
  HunterTriggers.cpp
  BeastMasteryHunterStrategy.cpp
  GenericHunterNonCombatStrategy.cpp
  GenericHunterStrategy.cpp
  HunterBuffStrategies.cpp
  MarksmanshipHunterStrategy.cpp
  SurvivalHunterStrategy.cpp
  MageActions.cpp
  MageAiObjectContext.cpp
  MageTriggers.cpp
  ArcaneMageStrategy.cpp
  FireMageStrategy.cpp
  FrostFireMageStrategy.cpp
  FrostMageStrategy.cpp
  GenericMageNonCombatStrategy.cpp
  GenericMageStrategy.cpp
E:\1.ClassicCataSlym\TrinityCoreCataClassic\src\server\scripts\Playerbots\Ai\Class\Mage\MageActions.cpp(69,52): error C2039: "isFrozen": 不是 "Unit" 的成员 [E:\1.ClassicCataSlym\CataslymBuild\src\server\scripts\scripts.vcxproj]
  (编译源文件“../../../../TrinityCoreCataClassic/src/server/scripts/Playerbots/Ai/Class/Mage/MageActions.cpp”)
      E:\1.ClassicCataSlym\TrinityCoreCataClassic\src\server\game\Entities\Unit\Unit.h(647,19):
      参见“Unit”的声明
  
E:\1.ClassicCataSlym\TrinityCoreCataClassic\src\server\scripts\Playerbots\Ai\Class\Mage\MageActions.cpp(72,56): error C2039: "MechanicImmuneMask": 不是 "CreatureTemplate" 的成员 [E:\1.ClassicCataSlym\CataslymBuild\src\server\scripts\scripts.vcxproj]
  (编译源文件“../../../../TrinityCoreCataClassic/src/server/scripts/Playerbots/Ai/Class/Mage/MageActions.cpp”)
      E:\1.ClassicCataSlym\TrinityCoreCataClassic\src\server\game\Entities\Creature\CreatureData.h(485,20):
      参见“CreatureTemplate”的声明
  
  PaladinAiObjectContext.cpp
  PaladinTriggers.cpp
  PaladinActions.cpp
  PaladinGreaterBlessingAction.cpp
  DpsPaladinStrategy.cpp
  GenericPaladinNonCombatStrategy.cpp
  GenericPaladinStrategy.cpp
  HealPaladinStrategy.cpp
  OffhealRetPaladinStrategy.cpp
  PaladinBuffStrategies.cpp
  PaladinPullStrategy.cpp
  TankPaladinStrategy.cpp
  PriestActions.cpp
  PriestAiObjectContext.cpp
  PriestTriggers.cpp
  GenericPriestStrategy.cpp
E:\1.ClassicCataSlym\TrinityCoreCataClassic\src\server\scripts\Playerbots\Ai\Class\Paladin\Actions\PaladinGreaterBlessingAction.cpp(872,23): error C2672: “std::max”: 未找到匹配的重载函数 [E:\1.ClassicCataSlym\CataslymBuild\src\server\scripts\scripts.vcxproj]
  (编译源文件“../../../../TrinityCoreCataClassic/src/server/scripts/Playerbots/Ai/Class/Paladin/Actions/PaladinGreaterBlessingAction.cpp”)
      C:\Program Files\Microsoft Visual Studio\18\Insiders\VC\Tools\MSVC\14.51.36231\include\utility(88,26):
      可能是“_Ty std::max(std::initializer_list<_Elem>)”
          E:\1.ClassicCataSlym\TrinityCoreCataClassic\src\server\scripts\Playerbots\Ai\Class\Paladin\Actions\PaladinGreaterBlessingAction.cpp(872,23):
          “_Ty std::max(std::initializer_list<_Elem>)”: 应输入 1 个参数，却提供了 2 个
      C:\Program Files\Microsoft Visual Studio\18\Insiders\VC\Tools\MSVC\14.51.36231\include\utility(85,26):
      或    “_Ty std::max(std::initializer_list<_Elem>,_Pr)”
          E:\1.ClassicCataSlym\TrinityCoreCataClassic\src\server\scripts\Playerbots\Ai\Class\Paladin\Actions\PaladinGreaterBlessingAction.cpp(872,23):
          “_Ty std::max(std::initializer_list<_Elem>,_Pr)”: 无法从“int32”推导出“std::initializer_list<_Elem>”的 模板 参数
      C:\Program Files\Microsoft Visual Studio\18\Insiders\VC\Tools\MSVC\14.51.36231\include\utility(77,6):
      或    “const _Ty &std::max(const _Ty &,const _Ty &) noexcept(<expr>)”
          E:\1.ClassicCataSlym\TrinityCoreCataClassic\src\server\scripts\Playerbots\Ai\Class\Paladin\Actions\PaladinGreaterBlessingAction.cpp(872,23):
          “const _Ty &std::max(const _Ty &,const _Ty &) noexcept(<expr>)”: 模板 参数“_Ty”不明确
              E:\1.ClassicCataSlym\TrinityCoreCataClassic\src\server\scripts\Playerbots\Ai\Class\Paladin\Actions\PaladinGreaterBlessingAction.cpp(872,23):
              可能是“SpellEffectValue”
              E:\1.ClassicCataSlym\TrinityCoreCataClassic\src\server\scripts\Playerbots\Ai\Class\Paladin\Actions\PaladinGreaterBlessingAction.cpp(872,23):
              或    “int32”
          E:\1.ClassicCataSlym\TrinityCoreCataClassic\src\server\scripts\Playerbots\Ai\Class\Paladin\Actions\PaladinGreaterBlessingAction.cpp(872,23):
          “const _Ty &std::max(const _Ty &,const _Ty &) noexcept(<expr>)”: 无法从“SpellEffectValue”推导出“const _Ty &”的 模板 参数
      C:\Program Files\Microsoft Visual Studio\18\Insiders\VC\Tools\MSVC\14.51.36231\include\utility(67,33):
      或    “const _Ty &std::max(const _Ty &,const _Ty &,_Pr) noexcept(<expr>)”
          E:\1.ClassicCataSlym\TrinityCoreCataClassic\src\server\scripts\Playerbots\Ai\Class\Paladin\Actions\PaladinGreaterBlessingAction.cpp(872,23):
          “const _Ty &std::max(const _Ty &,const _Ty &,_Pr) noexcept(<expr>)”: 应输入 3 个参数，却提供了 2 个
  
E:\1.ClassicCataSlym\TrinityCoreCataClassic\src\server\scripts\Playerbots\Ai\Class\Paladin\Actions\PaladinGreaterBlessingAction.cpp(930,23): error C2672: “std::max”: 未找到匹配的重载函数 [E:\1.ClassicCataSlym\CataslymBuild\src\server\scripts\scripts.vcxproj]
  (编译源文件“../../../../TrinityCoreCataClassic/src/server/scripts/Playerbots/Ai/Class/Paladin/Actions/PaladinGreaterBlessingAction.cpp”)
      C:\Program Files\Microsoft Visual Studio\18\Insiders\VC\Tools\MSVC\14.51.36231\include\utility(88,26):
      可能是“_Ty std::max(std::initializer_list<_Elem>)”
          E:\1.ClassicCataSlym\TrinityCoreCataClassic\src\server\scripts\Playerbots\Ai\Class\Paladin\Actions\PaladinGreaterBlessingAction.cpp(930,23):
          “_Ty std::max(std::initializer_list<_Elem>)”: 应输入 1 个参数，却提供了 2 个
      C:\Program Files\Microsoft Visual Studio\18\Insiders\VC\Tools\MSVC\14.51.36231\include\utility(85,26):
      或    “_Ty std::max(std::initializer_list<_Elem>,_Pr)”
          E:\1.ClassicCataSlym\TrinityCoreCataClassic\src\server\scripts\Playerbots\Ai\Class\Paladin\Actions\PaladinGreaterBlessingAction.cpp(930,23):
          “_Ty std::max(std::initializer_list<_Elem>,_Pr)”: 无法从“int32”推导出“std::initializer_list<_Elem>”的 模板 参数
      C:\Program Files\Microsoft Visual Studio\18\Insiders\VC\Tools\MSVC\14.51.36231\include\utility(77,6):
      或    “const _Ty &std::max(const _Ty &,const _Ty &) noexcept(<expr>)”
          E:\1.ClassicCataSlym\TrinityCoreCataClassic\src\server\scripts\Playerbots\Ai\Class\Paladin\Actions\PaladinGreaterBlessingAction.cpp(930,23):
          “const _Ty &std::max(const _Ty &,const _Ty &) noexcept(<expr>)”: 模板 参数“_Ty”不明确
              E:\1.ClassicCataSlym\TrinityCoreCataClassic\src\server\scripts\Playerbots\Ai\Class\Paladin\Actions\PaladinGreaterBlessingAction.cpp(930,23):
              可能是“float”
              E:\1.ClassicCataSlym\TrinityCoreCataClassic\src\server\scripts\Playerbots\Ai\Class\Paladin\Actions\PaladinGreaterBlessingAction.cpp(930,23):
              或    “int32”
          E:\1.ClassicCataSlym\TrinityCoreCataClassic\src\server\scripts\Playerbots\Ai\Class\Paladin\Actions\PaladinGreaterBlessingAction.cpp(930,23):
          “const _Ty &std::max(const _Ty &,const _Ty &) noexcept(<expr>)”: 无法从“float”推导出“const _Ty &”的 模板 参数
      C:\Program Files\Microsoft Visual Studio\18\Insiders\VC\Tools\MSVC\14.51.36231\include\utility(67,33):
      或    “const _Ty &std::max(const _Ty &,const _Ty &,_Pr) noexcept(<expr>)”
          E:\1.ClassicCataSlym\TrinityCoreCataClassic\src\server\scripts\Playerbots\Ai\Class\Paladin\Actions\PaladinGreaterBlessingAction.cpp(930,23):
          “const _Ty &std::max(const _Ty &,const _Ty &,_Pr) noexcept(<expr>)”: 应输入 3 个参数，却提供了 2 个
  
  HealPriestStrategy.cpp
  HolyPriestStrategy.cpp
  PriestNonCombatStrategy.cpp
  ShadowPriestStrategy.cpp
  RogueAiObjectContext.cpp
  RogueTriggers.cpp
  RogueActions.cpp
  RogueComboActions.cpp
  RogueOpeningActions.cpp
  AssassinationRogueStrategy.cpp
  DpsRogueStrategy.cpp
  GenericRogueNonCombatStrategy.cpp
  GenericRogueStrategy.cpp
  ShamanActions.cpp
  ShamanAiObjectContext.cpp
  ShamanTriggers.cpp
  ElementalShamanStrategy.cpp
  EnhancementShamanStrategy.cpp
  GenericShamanStrategy.cpp
E:\1.ClassicCataSlym\TrinityCoreCataClassic\src\server\scripts\Playerbots\Ai\Class\Rogue\Action\RogueActions.cpp(103,34): error C2039: "Class": 不是 "ItemTemplate" 的成员 [E:\1.ClassicCataSlym\CataslymBuild\src\server\scripts\scripts.vcxproj]
  (编译源文件“../../../../TrinityCoreCataClassic/src/server/scripts/Playerbots/Ai/Class/Rogue/Action/RogueActions.cpp”)
      E:\1.ClassicCataSlym\TrinityCoreCataClassic\src\server\game\Entities\Item\ItemTemplate.h(812,20):
      参见“ItemTemplate”的声明
  
E:\1.ClassicCataSlym\TrinityCoreCataClassic\src\server\scripts\Playerbots\Ai\Class\Rogue\Action\RogueActions.cpp(119,34): error C2039: "Class": 不是 "ItemTemplate" 的成员 [E:\1.ClassicCataSlym\CataslymBuild\src\server\scripts\scripts.vcxproj]
  (编译源文件“../../../../TrinityCoreCataClassic/src/server/scripts/Playerbots/Ai/Class/Rogue/Action/RogueActions.cpp”)
      E:\1.ClassicCataSlym\TrinityCoreCataClassic\src\server\game\Entities\Item\ItemTemplate.h(812,20):
      参见“ItemTemplate”的声明
  
E:\1.ClassicCataSlym\TrinityCoreCataClassic\src\server\scripts\Playerbots\Ai\Class\Rogue\Action\RogueActions.cpp(135,34): error C2039: "Class": 不是 "ItemTemplate" 的成员 [E:\1.ClassicCataSlym\CataslymBuild\src\server\scripts\scripts.vcxproj]
  (编译源文件“../../../../TrinityCoreCataClassic/src/server/scripts/Playerbots/Ai/Class/Rogue/Action/RogueActions.cpp”)
      E:\1.ClassicCataSlym\TrinityCoreCataClassic\src\server\game\Entities\Item\ItemTemplate.h(812,20):
      参见“ItemTemplate”的声明
  
  RestoShamanStrategy.cpp
  ShamanNonCombatStrategy.cpp
  TotemsShamanStrategy.cpp
  WarlockActions.cpp
  WarlockAiObjectContext.cpp
  WarlockTriggers.cpp
  AfflictionWarlockStrategy.cpp
E:\1.ClassicCataSlym\TrinityCoreCataClassic\src\server\scripts\Playerbots\Ai\Class\Shaman\ShamanTriggers.cpp(259,35): error C2039: "GetCreatedBySpell": 不是 "Creature" 的成员 [E:\1.ClassicCataSlym\CataslymBuild\src\server\scripts\scripts.vcxproj]
  (编译源文件“../../../../TrinityCoreCataClassic/src/server/scripts/Playerbots/Ai/Class/Shaman/ShamanTriggers.cpp”)
      E:\1.ClassicCataSlym\TrinityCoreCataClassic\src\server\game\Entities\Creature\Creature.h(81,19):
      参见“Creature”的声明
  
E:\1.ClassicCataSlym\TrinityCoreCataClassic\src\server\scripts\Playerbots\Ai\Class\Shaman\ShamanTriggers.cpp(276,35): error C2039: "GetCreatedBySpell": 不是 "Creature" 的成员 [E:\1.ClassicCataSlym\CataslymBuild\src\server\scripts\scripts.vcxproj]
  (编译源文件“../../../../TrinityCoreCataClassic/src/server/scripts/Playerbots/Ai/Class/Shaman/ShamanTriggers.cpp”)
      E:\1.ClassicCataSlym\TrinityCoreCataClassic\src\server\game\Entities\Creature\Creature.h(81,19):
      参见“Creature”的声明
  
E:\1.ClassicCataSlym\TrinityCoreCataClassic\src\server\scripts\Playerbots\Ai\Class\Shaman\ShamanTriggers.cpp(329,35): error C2039: "GetCreatedBySpell": 不是 "Creature" 的成员 [E:\1.ClassicCataSlym\CataslymBuild\src\server\scripts\scripts.vcxproj]
  (编译源文件“../../../../TrinityCoreCataClassic/src/server/scripts/Playerbots/Ai/Class/Shaman/ShamanTriggers.cpp”)
      E:\1.ClassicCataSlym\TrinityCoreCataClassic\src\server\game\Entities\Creature\Creature.h(81,19):
      参见“Creature”的声明
  
E:\1.ClassicCataSlym\TrinityCoreCataClassic\src\server\scripts\Playerbots\Ai\Class\Shaman\ShamanTriggers.cpp(370,35): error C2039: "GetCreatedBySpell": 不是 "Creature" 的成员 [E:\1.ClassicCataSlym\CataslymBuild\src\server\scripts\scripts.vcxproj]
  (编译源文件“../../../../TrinityCoreCataClassic/src/server/scripts/Playerbots/Ai/Class/Shaman/ShamanTriggers.cpp”)
      E:\1.ClassicCataSlym\TrinityCoreCataClassic\src\server\game\Entities\Creature\Creature.h(81,19):
      参见“Creature”的声明
  
E:\1.ClassicCataSlym\TrinityCoreCataClassic\src\server\scripts\Playerbots\Ai\Class\Shaman\ShamanTriggers.cpp(412,35): error C2039: "GetCreatedBySpell": 不是 "Creature" 的成员 [E:\1.ClassicCataSlym\CataslymBuild\src\server\scripts\scripts.vcxproj]
  (编译源文件“../../../../TrinityCoreCataClassic/src/server/scripts/Playerbots/Ai/Class/Shaman/ShamanTriggers.cpp”)
      E:\1.ClassicCataSlym\TrinityCoreCataClassic\src\server\game\Entities\Creature\Creature.h(81,19):
      参见“Creature”的声明
  
E:\1.ClassicCataSlym\TrinityCoreCataClassic\src\server\scripts\Playerbots\Ai\Class\Shaman\ShamanTriggers.cpp(455,35): error C2039: "GetCreatedBySpell": 不是 "Creature" 的成员 [E:\1.ClassicCataSlym\CataslymBuild\src\server\scripts\scripts.vcxproj]
  (编译源文件“../../../../TrinityCoreCataClassic/src/server/scripts/Playerbots/Ai/Class/Shaman/ShamanTriggers.cpp”)
      E:\1.ClassicCataSlym\TrinityCoreCataClassic\src\server\game\Entities\Creature\Creature.h(81,19):
      参见“Creature”的声明
  
  DemonologyWarlockStrategy.cpp
  DestructionWarlockStrategy.cpp
  GenericWarlockNonCombatStrategy.cpp
  GenericWarlockStrategy.cpp
  TankWarlockStrategy.cpp
  WarriorActions.cpp
  WarriorAiObjectContext.cpp
  WarriorTriggers.cpp
  ArmsWarriorStrategy.cpp
E:\1.ClassicCataSlym\TrinityCoreCataClassic\src\server\scripts\Playerbots\Ai\Class\Warlock\WarlockActions.cpp(130,9): error C2065: “ItemRandomProperties”: 未声明的标识符 [E:\1.ClassicCataSlym\CataslymBuild\src\server\scripts\scripts.vcxproj]
  (编译源文件“../../../../TrinityCoreCataClassic/src/server/scripts/Playerbots/Ai/Class/Warlock/WarlockActions.cpp”)
  
E:\1.ClassicCataSlym\TrinityCoreCataClassic\src\server\scripts\Playerbots\Ai\Class\Warlock\WarlockActions.cpp(130,30): error C2146: 语法错误: 缺少“;”(在标识符“randomProps”的前面) [E:\1.ClassicCataSlym\CataslymBuild\src\server\scripts\scripts.vcxproj]
  (编译源文件“../../../../TrinityCoreCataClassic/src/server/scripts/Playerbots/Ai/Class/Warlock/WarlockActions.cpp”)
  
E:\1.ClassicCataSlym\TrinityCoreCataClassic\src\server\scripts\Playerbots\Ai\Class\Warlock\WarlockActions.cpp(130,30): error C2065: “randomProps”: 未声明的标识符 [E:\1.ClassicCataSlym\CataslymBuild\src\server\scripts\scripts.vcxproj]
  (编译源文件“../../../../TrinityCoreCataClassic/src/server/scripts/Playerbots/Ai/Class/Warlock/WarlockActions.cpp”)
  
E:\1.ClassicCataSlym\TrinityCoreCataClassic\src\server\scripts\Playerbots\Ai\Class\Warlock\WarlockActions.cpp(130,44): error C2065: “sItemEnchantmentMgr”: 未声明的标识符 [E:\1.ClassicCataSlym\CataslymBuild\src\server\scripts\scripts.vcxproj]
  (编译源文件“../../../../TrinityCoreCataClassic/src/server/scripts/Playerbots/Ai/Class/Warlock/WarlockActions.cpp”)
  
E:\1.ClassicCataSlym\TrinityCoreCataClassic\src\server\scripts\Playerbots\Ai\Class\Warlock\WarlockActions.cpp(131,56): error C2065: “randomProps”: 未声明的标识符 [E:\1.ClassicCataSlym\CataslymBuild\src\server\scripts\scripts.vcxproj]
  (编译源文件“../../../../TrinityCoreCataClassic/src/server/scripts/Playerbots/Ai/Class/Warlock/WarlockActions.cpp”)
  
  FuryWarriorStrategy.cpp
  GenericWarriorNonCombatStrategy.cpp
  GenericWarriorStrategy.cpp
  TankWarriorStrategy.cpp
  WarriorPullStrategy.cpp
  ACActions.cpp
  ACMultipliers.cpp
  ACStrategy.cpp
  ACTriggers.cpp
  AKActions.cpp
  AKMultipliers.cpp
  AKStrategy.cpp
  AKTriggers.cpp
  ANActions.cpp
  ANMultipliers.cpp
  ANStrategy.cpp
  ANTriggers.cpp
  CoSActions.cpp
  CoSMultipliers.cpp
  CoSStrategy.cpp
  CoSTriggers.cpp
  DTKActions.cpp
  DTKMultipliers.cpp
  DTKStrategy.cpp
  DTKTriggers.cpp
  FoSActions.cpp
  FoSMultipliers.cpp
  FoSStrategy.cpp
  FoSTriggers.cpp
  GDActions.cpp
  GDMultipliers.cpp
  GDStrategy.cpp
  GDTriggers.cpp
  HFRActions.cpp
  HFRMultipliers.cpp
  HFRStrategy.cpp
  HFRTriggers.cpp
  HoLActions.cpp
  HoLMultipliers.cpp
  HoLStrategy.cpp
  HoLTriggers.cpp
  HoSActions.cpp
  HoSMultipliers.cpp
  HoSStrategy.cpp
  HoSTriggers.cpp
  MechActions.cpp
  MechMultipliers.cpp
  MechShared.cpp
  MechStrategy.cpp
  MechTriggers.cpp
  MgTActions.cpp
  MgTMultipliers.cpp
  MgTShared.cpp
  MgTStrategy.cpp
  MgTTriggers.cpp
  NexActions.cpp
  NexMultipliers.cpp
  NexStrategy.cpp
  NexTriggers.cpp
  OCActions.cpp
  OCMultipliers.cpp
  OCStrategy.cpp
  OCTriggers.cpp
  PoSActions.cpp
  PoSMultipliers.cpp
  PoSStrategy.cpp
  PoSTriggers.cpp
E:\1.ClassicCataSlym\TrinityCoreCataClassic\src\server\scripts\Playerbots\Ai\Dungeon\Nex\NexActions.cpp(10,28): error C2039: "GetDifficulty": 不是 "Map" 的成员 [E:\1.ClassicCataSlym\CataslymBuild\src\server\scripts\scripts.vcxproj]
  (编译源文件“../../../../TrinityCoreCataClassic/src/server/scripts/Playerbots/Ai/Dungeon/Nex/NexActions.cpp”)
      E:\1.ClassicCataSlym\TrinityCoreCataClassic\src\server\game\Maps\Map.h(225,19):
      参见“Map”的声明
  
  SethActions.cpp
  SethMultipliers.cpp
  SethStrategy.cpp
  SethTriggers.cpp
  TOCActions.cpp
E:\1.ClassicCataSlym\TrinityCoreCataClassic\src\server\scripts\Playerbots\Ai\Dungeon\Nex\NexMultipliers.cpp(13,28): error C2039: "GetDifficulty": 不是 "Map" 的成员 [E:\1.ClassicCataSlym\CataslymBuild\src\server\scripts\scripts.vcxproj]
  (编译源文件“../../../../TrinityCoreCataClassic/src/server/scripts/Playerbots/Ai/Dungeon/Nex/NexMultipliers.cpp”)
      E:\1.ClassicCataSlym\TrinityCoreCataClassic\src\server\game\Maps\Map.h(225,19):
      参见“Map”的声明
  
  TOCMultipliers.cpp
  TOCStrategy.cpp
E:\1.ClassicCataSlym\TrinityCoreCataClassic\src\server\scripts\Playerbots\Ai\Dungeon\Nex\NexTriggers.cpp(11,28): error C2039: "GetDifficulty": 不是 "Map" 的成员 [E:\1.ClassicCataSlym\CataslymBuild\src\server\scripts\scripts.vcxproj]
  (编译源文件“../../../../TrinityCoreCataClassic/src/server/scripts/Playerbots/Ai/Dungeon/Nex/NexTriggers.cpp”)
      E:\1.ClassicCataSlym\TrinityCoreCataClassic\src\server\game\Maps\Map.h(225,19):
      参见“Map”的声明
  
  TOCTriggers.cpp
  UBActions.cpp
  UBMultipliers.cpp
  UBShared.cpp
  UBStrategy.cpp
  UBTriggers.cpp
  UKActions.cpp
  UKMultipliers.cpp
  UKStrategy.cpp
E:\1.ClassicCataSlym\TrinityCoreCataClassic\src\server\scripts\Playerbots\Ai\Dungeon\Seth\SethActions.cpp(76,32): error C2665: “Unit::GetAuraEffect”: 没有重载函数可以转换所有参数类型 [E:\1.ClassicCataSlym\CataslymBuild\src\server\scripts\scripts.vcxproj]
  (编译源文件“../../../../TrinityCoreCataClassic/src/server/scripts/Playerbots/Ai/Dungeon/Seth/SethActions.cpp”)
      E:\1.ClassicCataSlym\TrinityCoreCataClassic\src\server\game\Entities\Unit\Unit.h(1368,21):
      可能是“AuraEffect *Unit::GetAuraEffect(AuraType,SpellFamilyNames,const flag128 &,ObjectGuid) const”
          E:\1.ClassicCataSlym\TrinityCoreCataClassic\src\server\scripts\Playerbots\Ai\Dungeon\Seth\SethActions.cpp(76,32):
          “AuraEffect *Unit::GetAuraEffect(AuraType,SpellFamilyNames,const flag128 &,ObjectGuid) const”: 无法将参数 4 从“int”转换为“ObjectGuid”
              E:\1.ClassicCataSlym\TrinityCoreCataClassic\src\server\scripts\Playerbots\Ai\Dungeon\Seth\SethActions.cpp(77,90):
              “ObjectGuid::ObjectGuid”: 没有重载函数可以转换所有参数类型
                  E:\1.ClassicCataSlym\TrinityCoreCataClassic\src\server\game\Entities\Object\ObjectGuid.h(410,1):
                  可能是“ObjectGuid::ObjectGuid(ObjectGuid &&)”
                      E:\1.ClassicCataSlym\TrinityCoreCataClassic\src\server\scripts\Playerbots\Ai\Dungeon\Seth\SethActions.cpp(77,90):
                      “ObjectGuid::ObjectGuid(ObjectGuid &&)”: 无法将参数 1 从“int”转换为“ObjectGuid &&”
                          E:\1.ClassicCataSlym\TrinityCoreCataClassic\src\server\scripts\Playerbots\Ai\Dungeon\Seth\SethActions.cpp(77,90):
                          原因如下: 无法从“int”转换为“ObjectGuid”
                          E:\1.ClassicCataSlym\TrinityCoreCataClassic\src\server\scripts\Playerbots\Ai\Dungeon\Seth\SethActions.cpp(77,90):
                          转换要求第二个用户定义的转换运算符或构造函数
                  E:\1.ClassicCataSlym\TrinityCoreCataClassic\src\server\game\Entities\Object\ObjectGuid.h(410,1):
                  或    “ObjectGuid::ObjectGuid(const ObjectGuid &)”
                      E:\1.ClassicCataSlym\TrinityCoreCataClassic\src\server\scripts\Playerbots\Ai\Dungeon\Seth\SethActions.cpp(77,90):
                      “ObjectGuid::ObjectGuid(const ObjectGuid &)”: 无法将参数 1 从“int”转换为“const ObjectGuid &”
                          E:\1.ClassicCataSlym\TrinityCoreCataClassic\src\server\scripts\Playerbots\Ai\Dungeon\Seth\SethActions.cpp(77,90):
                          原因如下: 无法从“int”转换为“const ObjectGuid”
                          E:\1.ClassicCataSlym\TrinityCoreCataClassic\src\server\scripts\Playerbots\Ai\Dungeon\Seth\SethActions.cpp(77,90):
                          转换要求第二个用户定义的转换运算符或构造函数
                  E:\1.ClassicCataSlym\TrinityCoreCataClassic\src\server\scripts\Playerbots\Ai\Dungeon\Seth\SethActions.cpp(77,90):
                  尝试匹配参数列表“(int)”时
      E:\1.ClassicCataSlym\TrinityCoreCataClassic\src\server\scripts\Playerbots\Ai\Dungeon\Seth\SethActions.cpp(76,32):
      尝试匹配参数列表“(AuraType, SpellFamilyNames, const uint32, int)”时
  
  UKTriggers.cpp
  UPActions.cpp
  UPMultipliers.cpp
E:\1.ClassicCataSlym\TrinityCoreCataClassic\src\server\scripts\Playerbots\Ai\Dungeon\UB\UBShared.cpp(53,23): error C2672: “std::max”: 未找到匹配的重载函数 [E:\1.ClassicCataSlym\CataslymBuild\src\server\scripts\scripts.vcxproj]
  (编译源文件“../../../../TrinityCoreCataClassic/src/server/scripts/Playerbots/Ai/Dungeon/UB/UBShared.cpp”)
      C:\Program Files\Microsoft Visual Studio\18\Insiders\VC\Tools\MSVC\14.51.36231\include\utility(88,26):
      可能是“_Ty std::max(std::initializer_list<_Elem>)”
          E:\1.ClassicCataSlym\TrinityCoreCataClassic\src\server\scripts\Playerbots\Ai\Dungeon\UB\UBShared.cpp(53,23):
          “_Ty std::max(std::initializer_list<_Elem>)”: 应输入 1 个参数，却提供了 2 个
      C:\Program Files\Microsoft Visual Studio\18\Insiders\VC\Tools\MSVC\14.51.36231\include\utility(85,26):
      或    “_Ty std::max(std::initializer_list<_Elem>,_Pr)”
          E:\1.ClassicCataSlym\TrinityCoreCataClassic\src\server\scripts\Playerbots\Ai\Dungeon\UB\UBShared.cpp(53,23):
          “_Ty std::max(std::initializer_list<_Elem>,_Pr)”: 无法从“float”推导出“std::initializer_list<_Elem>”的 模板 参数
      C:\Program Files\Microsoft Visual Studio\18\Insiders\VC\Tools\MSVC\14.51.36231\include\utility(77,6):
      或    “const _Ty &std::max(const _Ty &,const _Ty &) noexcept(<expr>)”
          E:\1.ClassicCataSlym\TrinityCoreCataClassic\src\server\scripts\Playerbots\Ai\Dungeon\UB\UBShared.cpp(53,23):
          “const _Ty &std::max(const _Ty &,const _Ty &) noexcept(<expr>)”: 模板 参数“_Ty”不明确
              E:\1.ClassicCataSlym\TrinityCoreCataClassic\src\server\scripts\Playerbots\Ai\Dungeon\UB\UBShared.cpp(53,23):
              可能是“SpellRange”
              E:\1.ClassicCataSlym\TrinityCoreCataClassic\src\server\scripts\Playerbots\Ai\Dungeon\UB\UBShared.cpp(53,23):
              或    “float”
          E:\1.ClassicCataSlym\TrinityCoreCataClassic\src\server\scripts\Playerbots\Ai\Dungeon\UB\UBShared.cpp(53,23):
          “const _Ty &std::max(const _Ty &,const _Ty &) noexcept(<expr>)”: 无法从“SpellRange”推导出“const _Ty &”的 模板 参数
      C:\Program Files\Microsoft Visual Studio\18\Insiders\VC\Tools\MSVC\14.51.36231\include\utility(67,33):
      或    “const _Ty &std::max(const _Ty &,const _Ty &,_Pr) noexcept(<expr>)”
          E:\1.ClassicCataSlym\TrinityCoreCataClassic\src\server\scripts\Playerbots\Ai\Dungeon\UB\UBShared.cpp(53,23):
          “const _Ty &std::max(const _Ty &,const _Ty &,_Pr) noexcept(<expr>)”: 应输入 3 个参数，却提供了 2 个
  
  UPStrategy.cpp
  UPTriggers.cpp
  VHActions.cpp
  VHMultipliers.cpp
  VHStrategy.cpp
  VHTriggers.cpp
  Aq20Actions.cpp
  Aq20Strategy.cpp
  Aq20Triggers.cpp
  Aq20Utils.cpp
  BTActions.cpp
  BTHelpers.cpp
  BTMultipliers.cpp
  BTStrategy.cpp
  BTTriggers.cpp
  BWLActions.cpp
  BWLHelpers.cpp
  BWLMultipliers.cpp
  BWLStrategy.cpp
  BWLTriggers.cpp
  EoEActions.cpp
  EoEMultipliers.cpp
  EoEStrategy.cpp
  EoETriggers.cpp
  GruulActions.cpp
E:\1.ClassicCataSlym\TrinityCoreCataClassic\src\server\scripts\Playerbots\Ai\Raid\BT\BTTriggers.cpp(644,19): error C2039: "GetCreatedBySpell": 不是 "Creature" 的成员 [E:\1.ClassicCataSlym\CataslymBuild\src\server\scripts\scripts.vcxproj]
  (编译源文件“../../../../TrinityCoreCataClassic/src/server/scripts/Playerbots/Ai/Raid/BT/BTTriggers.cpp”)
      E:\1.ClassicCataSlym\TrinityCoreCataClassic\src\server\game\Entities\Creature\Creature.h(81,19):
      参见“Creature”的声明
  
  GruulHelpers.cpp
  GruulMultipliers.cpp
  GruulStrategy.cpp
  GruulTriggers.cpp
  HyjalActions.cpp
  HyjalMultipliers.cpp
  HyjalStrategy.cpp
  HyjalTriggers.cpp
  HyjalHelpers.cpp
  HyjalScripts.cpp
E:\1.ClassicCataSlym\TrinityCoreCataClassic\src\server\scripts\Playerbots\Ai\Raid\EoE\EoEActions.cpp(376,38): error C2039: "GetComboPoints": 不是 "Unit" 的成员 [E:\1.ClassicCataSlym\CataslymBuild\src\server\scripts\scripts.vcxproj]
  (编译源文件“../../../../TrinityCoreCataClassic/src/server/scripts/Playerbots/Ai/Raid/EoE/EoEActions.cpp”)
      E:\1.ClassicCataSlym\TrinityCoreCataClassic\src\server\game\Entities\Unit\Unit.h(647,19):
      参见“Unit”的声明
  
E:\1.ClassicCataSlym\TrinityCoreCataClassic\src\server\scripts\Playerbots\Ai\Raid\EoE\EoEActions.cpp(395,38): error C2039: "GetComboPoints": 不是 "Unit" 的成员 [E:\1.ClassicCataSlym\CataslymBuild\src\server\scripts\scripts.vcxproj]
  (编译源文件“../../../../TrinityCoreCataClassic/src/server/scripts/Playerbots/Ai/Raid/EoE/EoEActions.cpp”)
      E:\1.ClassicCataSlym\TrinityCoreCataClassic\src\server\game\Entities\Unit\Unit.h(647,19):
      参见“Unit”的声明
  
  ICCMultipliers.cpp
  ICCScripts.cpp
  ICCShared.cpp
  ICCStrategy.cpp
  ICCTriggers.cpp
  ICCActions_BPC.cpp
  ICCActions_BQL.cpp
  ICCActions_DBS.cpp
  ICCActions_Dogs.cpp
  ICCActions_FG.cpp
  ICCActions_GSB.cpp
  ICCActions_LDW.cpp
  ICCActions_LK.cpp
  ICCActions_LM.cpp
  ICCActions_PP.cpp
  ICCActions_RF.cpp
  ICCActions_SG.cpp
  ICCActions_SS.cpp
  ICCActions_VT.cpp
  KaraActions.cpp
  KaraHelpers.cpp
  KaraMultipliers.cpp
  KaraStrategy.cpp
E:\1.ClassicCataSlym\TrinityCoreCataClassic\src\server\scripts\Playerbots\Ai\Raid\ICC\Action\ICCActions_LK.cpp(2120,60): error C2039: "GetDifficulty": 不是 "Map" 的成员 [E:\1.ClassicCataSlym\CataslymBuild\src\server\scripts\scripts.vcxproj]
  (编译源文件“../../../../TrinityCoreCataClassic/src/server/scripts/Playerbots/Ai/Raid/ICC/Action/ICCActions_LK.cpp”)
      E:\1.ClassicCataSlym\TrinityCoreCataClassic\src\server\game\Maps\Map.h(225,19):
      参见“Map”的声明
  
E:\1.ClassicCataSlym\TrinityCoreCataClassic\src\server\scripts\Playerbots\Ai\Raid\ICC\Action\ICCActions_LK.cpp(2120,22): error C2737: “diff”: 必须初始化 const 对象 [E:\1.ClassicCataSlym\CataslymBuild\src\server\scripts\scripts.vcxproj]
  (编译源文件“../../../../TrinityCoreCataClassic/src/server/scripts/Playerbots/Ai/Raid/ICC/Action/ICCActions_LK.cpp”)
  
E:\1.ClassicCataSlym\TrinityCoreCataClassic\src\server\scripts\Playerbots\Ai\Raid\ICC\Action\ICCActions_LK.cpp(2140,60): error C2039: "GetDifficulty": 不是 "Map" 的成员 [E:\1.ClassicCataSlym\CataslymBuild\src\server\scripts\scripts.vcxproj]
  (编译源文件“../../../../TrinityCoreCataClassic/src/server/scripts/Playerbots/Ai/Raid/ICC/Action/ICCActions_LK.cpp”)
      E:\1.ClassicCataSlym\TrinityCoreCataClassic\src\server\game\Maps\Map.h(225,19):
      参见“Map”的声明
  
E:\1.ClassicCataSlym\TrinityCoreCataClassic\src\server\scripts\Playerbots\Ai\Raid\ICC\Action\ICCActions_LK.cpp(2140,22): error C2737: “diff”: 必须初始化 const 对象 [E:\1.ClassicCataSlym\CataslymBuild\src\server\scripts\scripts.vcxproj]
  (编译源文件“../../../../TrinityCoreCataClassic/src/server/scripts/Playerbots/Ai/Raid/ICC/Action/ICCActions_LK.cpp”)
  
  KaraTriggers.cpp
  MCActions.cpp
  MCMultipliers.cpp
  MCStrategy.cpp
  MCTriggers.cpp
  MagActions.cpp
  MagMultipliers.cpp
  MagStrategy.cpp
  MagTriggers.cpp
  MagHelpers.cpp
  MagScripts.cpp
  NaxxBossHelper.cpp
  NaxxMultipliers.cpp
  NaxxStrategy.cpp
  NaxxTriggers.cpp
  NaxxActions_Anubrekhan.cpp
  NaxxActions_Faerlina.cpp
  NaxxActions_FourHorsemen.cpp
  NaxxActions_Gluth.cpp
  NaxxActions_Gothik.cpp
  NaxxActions_Grobbulus.cpp
  NaxxActions_Heigan.cpp
  NaxxActions_Kelthuzad.cpp
  NaxxActions_Loatheb.cpp
  NaxxActions_Maexxna.cpp
  NaxxActions_Noth.cpp
  NaxxActions_Patchwerk.cpp
  NaxxActions_Razuvious.cpp
  NaxxActions_Sapphiron.cpp
  NaxxActions_Shared.cpp
  NaxxActions_Thaddius.cpp
  OSActions.cpp
  OSMultipliers.cpp
  OSStrategy.cpp
  OSTriggers.cpp
  OnyActions.cpp
  OnyStrategy.cpp
  OnyTriggers.cpp
  RSMultipliers.cpp
  RSScripts.cpp
  RSStrategy.cpp
  RSTriggers.cpp
  RSActions_ADD.cpp
  RSActions_BAL.cpp
  RSActions_HAL.cpp
  RSActions_SAV.cpp
  RSActions_ZAR.cpp
  SSCActions.cpp
  SSCHelpers.cpp
  SSCMultipliers.cpp
  SSCStrategy.cpp
  SSCTriggers.cpp
E:\1.ClassicCataSlym\TrinityCoreCataClassic\src\server\scripts\Playerbots\Ai\Raid\RS\RSTriggers.cpp(73,19): error C2039: "IsLevitating": 不是 "Unit" 的成员 [E:\1.ClassicCataSlym\CataslymBuild\src\server\scripts\scripts.vcxproj]
  (编译源文件“../../../../TrinityCoreCataClassic/src/server/scripts/Playerbots/Ai/Raid/RS/RSTriggers.cpp”)
      E:\1.ClassicCataSlym\TrinityCoreCataClassic\src\server\game\Entities\Unit\Unit.h(647,19):
      参见“Unit”的声明
  
E:\1.ClassicCataSlym\TrinityCoreCataClassic\src\server\scripts\Playerbots\Ai\Raid\RS\RSTriggers.cpp(88,18): error C2039: "IsLevitating": 不是 "Unit" 的成员 [E:\1.ClassicCataSlym\CataslymBuild\src\server\scripts\scripts.vcxproj]
  (编译源文件“../../../../TrinityCoreCataClassic/src/server/scripts/Playerbots/Ai/Raid/RS/RSTriggers.cpp”)
      E:\1.ClassicCataSlym\TrinityCoreCataClassic\src\server\game\Entities\Unit\Unit.h(647,19):
      参见“Unit”的声明
  
  SWPMultipliers.cpp
E:\1.ClassicCataSlym\TrinityCoreCataClassic\src\server\scripts\Playerbots\Ai\Raid\RS\RSMultipliers.cpp(93,25): error C2039: "IsLevitating": 不是 "Unit" 的成员 [E:\1.ClassicCataSlym\CataslymBuild\src\server\scripts\scripts.vcxproj]
  (编译源文件“../../../../TrinityCoreCataClassic/src/server/scripts/Playerbots/Ai/Raid/RS/RSMultipliers.cpp”)
      E:\1.ClassicCataSlym\TrinityCoreCataClassic\src\server\game\Entities\Unit\Unit.h(647,19):
      参见“Unit”的声明
  
  SWPStrategy.cpp
  SWPTriggers.cpp
  SWPActions.cpp
  SWPActions_Brut.cpp
  SWPActions_Felmyst.cpp
  SWPActions_KJ.cpp
E:\1.ClassicCataSlym\TrinityCoreCataClassic\src\server\scripts\Playerbots\Ai\Raid\RS\Action\RSActions_SAV.cpp(141,31): error C2039: "IsLevitating": 不是 "Unit" 的成员 [E:\1.ClassicCataSlym\CataslymBuild\src\server\scripts\scripts.vcxproj]
  (编译源文件“../../../../TrinityCoreCataClassic/src/server/scripts/Playerbots/Ai/Raid/RS/Action/RSActions_SAV.cpp”)
      E:\1.ClassicCataSlym\TrinityCoreCataClassic\src\server\game\Entities\Unit\Unit.h(647,19):
      参见“Unit”的声明
  
E:\1.ClassicCataSlym\TrinityCoreCataClassic\src\server\scripts\Playerbots\Ai\Raid\RS\Action\RSActions_SAV.cpp(141,17): error C2737: “leash”: 必须初始化 const 对象 [E:\1.ClassicCataSlym\CataslymBuild\src\server\scripts\scripts.vcxproj]
  (编译源文件“../../../../TrinityCoreCataClassic/src/server/scripts/Playerbots/Ai/Raid/RS/Action/RSActions_SAV.cpp”)
  
E:\1.ClassicCataSlym\TrinityCoreCataClassic\src\server\scripts\Playerbots\Ai\Raid\RS\Action\RSActions_SAV.cpp(146,16): error C2039: "IsLevitating": 不是 "Unit" 的成员 [E:\1.ClassicCataSlym\CataslymBuild\src\server\scripts\scripts.vcxproj]
  (编译源文件“../../../../TrinityCoreCataClassic/src/server/scripts/Playerbots/Ai/Raid/RS/Action/RSActions_SAV.cpp”)
      E:\1.ClassicCataSlym\TrinityCoreCataClassic\src\server\game\Entities\Unit\Unit.h(647,19):
      参见“Unit”的声明
  
E:\1.ClassicCataSlym\TrinityCoreCataClassic\src\server\scripts\Playerbots\Ai\Raid\RS\Action\RSActions_SAV.cpp(164,24): error C2039: "IsLevitating": 不是 "Unit" 的成员 [E:\1.ClassicCataSlym\CataslymBuild\src\server\scripts\scripts.vcxproj]
  (编译源文件“../../../../TrinityCoreCataClassic/src/server/scripts/Playerbots/Ai/Raid/RS/Action/RSActions_SAV.cpp”)
      E:\1.ClassicCataSlym\TrinityCoreCataClassic\src\server\game\Entities\Unit\Unit.h(647,19):
      参见“Unit”的声明
  
E:\1.ClassicCataSlym\TrinityCoreCataClassic\src\server\scripts\Playerbots\Ai\Raid\RS\Action\RSActions_SAV.cpp(232,25): error C2039: "IsLevitating": 不是 "Unit" 的成员 [E:\1.ClassicCataSlym\CataslymBuild\src\server\scripts\scripts.vcxproj]
  (编译源文件“../../../../TrinityCoreCataClassic/src/server/scripts/Playerbots/Ai/Raid/RS/Action/RSActions_SAV.cpp”)
      E:\1.ClassicCataSlym\TrinityCoreCataClassic\src\server\game\Entities\Unit\Unit.h(647,19):
      参见“Unit”的声明
  
E:\1.ClassicCataSlym\TrinityCoreCataClassic\src\server\scripts\Playerbots\Ai\Raid\SSC\SSCActions.cpp(77,40): error C2440: “=”: 无法从“SpellRange”转换为“float” [E:\1.ClassicCataSlym\CataslymBuild\src\server\scripts\scripts.vcxproj]
  (编译源文件“../../../../TrinityCoreCataClassic/src/server/scripts/Playerbots/Ai/Raid/SSC/SSCActions.cpp”)
      E:\1.ClassicCataSlym\TrinityCoreCataClassic\src\server\scripts\Playerbots\Ai\Raid\SSC\SSCActions.cpp(77,40):
      没有可用于执行该转换的用户定义的转换运算符，或者无法调用该运算符
  
E:\1.ClassicCataSlym\TrinityCoreCataClassic\src\server\scripts\Playerbots\Ai\Raid\SSC\SSCActions.cpp(897,14): error C2039: "GetComboPoints": 不是 "Player" 的成员 [E:\1.ClassicCataSlym\CataslymBuild\src\server\scripts\scripts.vcxproj]
  (编译源文件“../../../../TrinityCoreCataClassic/src/server/scripts/Playerbots/Ai/Raid/SSC/SSCActions.cpp”)
      E:\1.ClassicCataSlym\TrinityCoreCataClassic\src\server\game\Entities\Player\Player.h(1147,19):
      参见“Player”的声明
  
E:\1.ClassicCataSlym\TrinityCoreCataClassic\src\server\scripts\Playerbots\Ai\Raid\SSC\SSCActions.cpp(902,14): error C2039: "GetComboPoints": 不是 "Player" 的成员 [E:\1.ClassicCataSlym\CataslymBuild\src\server\scripts\scripts.vcxproj]
  (编译源文件“../../../../TrinityCoreCataClassic/src/server/scripts/Playerbots/Ai/Raid/SSC/SSCActions.cpp”)
      E:\1.ClassicCataSlym\TrinityCoreCataClassic\src\server\game\Entities\Player\Player.h(1147,19):
      参见“Player”的声明
  
  SWPActions_Kalec.cpp
  SWPActions_Muru.cpp
  SWPActions_Twins.cpp
  SWPEncounter_Brut.cpp
  SWPEncounter_Felmyst.cpp
E:\1.ClassicCataSlym\TrinityCoreCataClassic\src\server\scripts\Playerbots\Ai\Raid\SSC\SSCMultipliers.cpp(215,28): error C2039: "getStandState": 不是 "Unit" 的成员 [E:\1.ClassicCataSlym\CataslymBuild\src\server\scripts\scripts.vcxproj]
  (编译源文件“../../../../TrinityCoreCataClassic/src/server/scripts/Playerbots/Ai/Raid/SSC/SSCMultipliers.cpp”)
      E:\1.ClassicCataSlym\TrinityCoreCataClassic\src\server\game\Entities\Unit\Unit.h(647,19):
      参见“Unit”的声明
  
  SWPEncounter_KJ.cpp
E:\1.ClassicCataSlym\TrinityCoreCataClassic\src\server\scripts\Playerbots\Ai\Raid\SSC\SSCTriggers.cpp(132,20): error C2039: "getStandState": 不是 "Unit" 的成员 [E:\1.ClassicCataSlym\CataslymBuild\src\server\scripts\scripts.vcxproj]
  (编译源文件“../../../../TrinityCoreCataClassic/src/server/scripts/Playerbots/Ai/Raid/SSC/SSCTriggers.cpp”)
      E:\1.ClassicCataSlym\TrinityCoreCataClassic\src\server\game\Entities\Unit\Unit.h(647,19):
      参见“Unit”的声明
  
E:\1.ClassicCataSlym\TrinityCoreCataClassic\src\server\scripts\Playerbots\Ai\Raid\SSC\SSCTriggers.cpp(149,20): error C2039: "getStandState": 不是 "Unit" 的成员 [E:\1.ClassicCataSlym\CataslymBuild\src\server\scripts\scripts.vcxproj]
  (编译源文件“../../../../TrinityCoreCataClassic/src/server/scripts/Playerbots/Ai/Raid/SSC/SSCTriggers.cpp”)
      E:\1.ClassicCataSlym\TrinityCoreCataClassic\src\server\game\Entities\Unit\Unit.h(647,19):
      参见“Unit”的声明
  
E:\1.ClassicCataSlym\TrinityCoreCataClassic\src\server\scripts\Playerbots\Ai\Raid\SSC\SSCTriggers.cpp(161,28): error C2039: "getStandState": 不是 "Unit" 的成员 [E:\1.ClassicCataSlym\CataslymBuild\src\server\scripts\scripts.vcxproj]
  (编译源文件“../../../../TrinityCoreCataClassic/src/server/scripts/Playerbots/Ai/Raid/SSC/SSCTriggers.cpp”)
      E:\1.ClassicCataSlym\TrinityCoreCataClassic\src\server\game\Entities\Unit\Unit.h(647,19):
      参见“Unit”的声明
  
  SWPEncounter_Kalec.cpp
  SWPEncounter_Muru.cpp
  SWPEncounter_Twins.cpp
  SWPScripts.cpp
E:\1.ClassicCataSlym\TrinityCoreCataClassic\src\server\scripts\Playerbots\Ai\Raid\SWP\Action\SWPActions_KJ.cpp(146,23): error C2039: "GetComboPoints": 不是 "Player" 的成员 [E:\1.ClassicCataSlym\CataslymBuild\src\server\scripts\scripts.vcxproj]
  (编译源文件“../../../../TrinityCoreCataClassic/src/server/scripts/Playerbots/Ai/Raid/SWP/Action/SWPActions_KJ.cpp”)
      E:\1.ClassicCataSlym\TrinityCoreCataClassic\src\server\game\Entities\Player\Player.h(1147,19):
      参见“Player”的声明
  
E:\1.ClassicCataSlym\TrinityCoreCataClassic\src\server\scripts\Playerbots\Ai\Raid\SWP\Action\SWPActions_KJ.cpp(155,25): error C2039: "GetComboPoints": 不是 "Player" 的成员 [E:\1.ClassicCataSlym\CataslymBuild\src\server\scripts\scripts.vcxproj]
  (编译源文件“../../../../TrinityCoreCataClassic/src/server/scripts/Playerbots/Ai/Raid/SWP/Action/SWPActions_KJ.cpp”)
      E:\1.ClassicCataSlym\TrinityCoreCataClassic\src\server\game\Entities\Player\Player.h(1147,19):
      参见“Player”的声明
  
  TKActions.cpp
  TKMultipliers.cpp
  TKStrategy.cpp
  TKTriggers.cpp
  TKHelpers.cpp
  TKScripts.cpp
  UldActions.cpp
  UldStrategy.cpp
  UldTriggers.cpp
  UldBossHelper.cpp
  VoAActions.cpp
E:\1.ClassicCataSlym\TrinityCoreCataClassic\src\server\scripts\Playerbots\Ai\Raid\TK\TKActions.cpp(1753,28): error C2039: "ItemId": 不是 "ItemTemplate" 的成员 [E:\1.ClassicCataSlym\CataslymBuild\src\server\scripts\scripts.vcxproj]
  (编译源文件“../../../../TrinityCoreCataClassic/src/server/scripts/Playerbots/Ai/Raid/TK/TKActions.cpp”)
      E:\1.ClassicCataSlym\TrinityCoreCataClassic\src\server\game\Entities\Item\ItemTemplate.h(812,20):
      参见“ItemTemplate”的声明
  
E:\1.ClassicCataSlym\TrinityCoreCataClassic\src\server\scripts\Playerbots\Ai\Raid\TK\TKActions.cpp(1752,25): error C2737: “score”: 必须初始化 const 对象 [E:\1.ClassicCataSlym\CataslymBuild\src\server\scripts\scripts.vcxproj]
  (编译源文件“../../../../TrinityCoreCataClassic/src/server/scripts/Playerbots/Ai/Raid/TK/TKActions.cpp”)
  
  VoAStrategy.cpp
  VoATriggers.cpp
  ZAActions.cpp
  ZAHelpers.cpp
  ZAMultipliers.cpp
  ZAStrategy.cpp
  ZATriggers.cpp
E:\1.ClassicCataSlym\TrinityCoreCataClassic\src\server\scripts\Playerbots\Ai\Raid\TK\Util\TKHelpers.cpp(29,55): error C2678: 二进制“<”: 没有找到接受“std::span<const uint8,16>”类型的左操作数的运算符(或没有可接受的转换) [E:\1.ClassicCataSlym\CataslymBuild\src\server\scripts\scripts.vcxproj]
  (编译源文件“../../../../TrinityCoreCataClassic/src/server/scripts/Playerbots/Ai/Raid/TK/Util/TKHelpers.cpp”)
      C:\Program Files\Microsoft Visual Studio\18\Insiders\VC\Tools\MSVC\14.51.36231\include\utility(1041,50):
      可以是 "std::strong_ordering std::operator <=>(std::monostate,std::monostate) noexcept" [重写表达式 "0 < (x <=> y)"]
          E:\1.ClassicCataSlym\TrinityCoreCataClassic\src\server\scripts\Playerbots\Ai\Raid\TK\Util\TKHelpers.cpp(29,55):
          “std::strong_ordering std::operator <=>(std::monostate,std::monostate) noexcept”: 无法将参数 1 从“std::span<const uint8,16>”转换为“std::monostate”
              E:\1.ClassicCataSlym\TrinityCoreCataClassic\src\server\scripts\Playerbots\Ai\Raid\TK\Util\TKHelpers.cpp(29,55):
              没有可用于执行该转换的用户定义的转换运算符，或者无法调用该运算符
      C:\Program Files\Microsoft Visual Studio\18\Insiders\VC\Tools\MSVC\14.51.36231\include\thread(272,47):
      或 "std::strong_ordering std::operator <=>(std::thread::id,std::thread::id) noexcept" [重写表达式 "0 < (x <=> y)"]
          E:\1.ClassicCataSlym\TrinityCoreCataClassic\src\server\scripts\Playerbots\Ai\Raid\TK\Util\TKHelpers.cpp(29,55):
          “std::strong_ordering std::operator <=>(std::thread::id,std::thread::id) noexcept”: 无法将参数 1 从“std::span<const uint8,16>”转换为“std::thread::id”
              E:\1.ClassicCataSlym\TrinityCoreCataClassic\src\server\scripts\Playerbots\Ai\Raid\TK\Util\TKHelpers.cpp(29,55):
              没有可用于执行该转换的用户定义的转换运算符，或者无法调用该运算符
      C:\Program Files\Microsoft Visual Studio\18\Insiders\VC\Tools\MSVC\14.51.36231\include\utility(1041,50):
      或 "std::strong_ordering std::operator <=>(std::monostate,std::monostate) noexcept" [综合表达式 "(y <=> x) < 0"]
          E:\1.ClassicCataSlym\TrinityCoreCataClassic\src\server\scripts\Playerbots\Ai\Raid\TK\Util\TKHelpers.cpp(29,55):
          “std::strong_ordering std::operator <=>(std::monostate,std::monostate) noexcept”: 无法将参数 1 从“std::span<const uint8,16>”转换为“std::monostate”
              E:\1.ClassicCataSlym\TrinityCoreCataClassic\src\server\scripts\Playerbots\Ai\Raid\TK\Util\TKHelpers.cpp(29,89):
              没有可用于执行该转换的用户定义的转换运算符，或者无法调用该运算符
      C:\Program Files\Microsoft Visual Studio\18\Insiders\VC\Tools\MSVC\14.51.36231\include\thread(272,47):
      或 "std::strong_ordering std::operator <=>(std::thread::id,std::thread::id) noexcept" [综合表达式 "(y <=> x) < 0"]
          E:\1.ClassicCataSlym\TrinityCoreCataClassic\src\server\scripts\Playerbots\Ai\Raid\TK\Util\TKHelpers.cpp(29,55):
          “std::strong_ordering std::operator <=>(std::thread::id,std::thread::id) noexcept”: 无法将参数 1 从“std::span<const uint8,16>”转换为“std::thread::id”
              E:\1.ClassicCataSlym\TrinityCoreCataClassic\src\server\scripts\Playerbots\Ai\Raid\TK\Util\TKHelpers.cpp(29,89):
              没有可用于执行该转换的用户定义的转换运算符，或者无法调用该运算符
      C:\Program Files\Microsoft Visual Studio\18\Insiders\VC\Tools\MSVC\14.51.36231\include\xutility(2119,30):
      或    “bool std::operator <(const std::reverse_iterator<_BidIt> &,const std::reverse_iterator<_BidIt2> &) noexcept(<expr>)”
          E:\1.ClassicCataSlym\TrinityCoreCataClassic\src\server\scripts\Playerbots\Ai\Raid\TK\Util\TKHelpers.cpp(29,55):
          “bool std::operator <(const std::reverse_iterator<_BidIt> &,const std::reverse_iterator<_BidIt2> &) noexcept(<expr>)”: 无法从“std::span<const uint8,16>”推导出“const std::reverse_iterator<_BidIt> &”的 模板 参数
      C:\Program Files\Microsoft Visual Studio\18\Insiders\VC\Tools\MSVC\14.51.36231\include\xutility(4661,30):
      或    “bool std::operator <(const std::move_iterator<_Iter> &,const std::move_iterator<_Iter2> &) noexcept(<expr>)”
          E:\1.ClassicCataSlym\TrinityCoreCataClassic\src\server\scripts\Playerbots\Ai\Raid\TK\Util\TKHelpers.cpp(29,55):
          “bool std::operator <(const std::move_iterator<_Iter> &,const std::move_iterator<_Iter2> &) noexcept(<expr>)”: 无法从“std::span<const uint8,16>”推导出“const std::move_iterator<_Iter> &”的 模板 参数
      C:\Program Files\Microsoft Visual Studio\18\Insiders\VC\Tools\MSVC\14.51.36231\include\optional(716,27):
      或    “bool std::operator <(const std::optional<_Ty> &,const std::optional<_Ty2> &) noexcept(<expr>)”
          E:\1.ClassicCataSlym\TrinityCoreCataClassic\src\server\scripts\Playerbots\Ai\Raid\TK\Util\TKHelpers.cpp(29,55):
          “bool std::operator <(const std::optional<_Ty> &,const std::optional<_Ty2> &) noexcept(<expr>)”: 无法从“std::span<const uint8,16>”推导出“const std::optional<_Ty> &”的 模板 参数
      C:\Program Files\Microsoft Visual Studio\18\Insiders\VC\Tools\MSVC\14.51.36231\include\optional(922,27):
      或    “bool std::operator <(const std::optional<_Ty> &,const _Ty2 &) noexcept(<expr>)”
          E:\1.ClassicCataSlym\TrinityCoreCataClassic\src\server\scripts\Playerbots\Ai\Raid\TK\Util\TKHelpers.cpp(29,55):
          “bool std::operator <(const std::optional<_Ty> &,const _Ty2 &) noexcept(<expr>)”: 无法从“std::span<const uint8,16>”推导出“const std::optional<_Ty> &”的 模板 参数
      C:\Program Files\Microsoft Visual Studio\18\Insiders\VC\Tools\MSVC\14.51.36231\include\optional(930,27):
      或    “bool std::operator <(const _Ty1 &,const std::optional<_Ty2> &) noexcept(<expr>)”
          E:\1.ClassicCataSlym\TrinityCoreCataClassic\src\server\scripts\Playerbots\Ai\Raid\TK\Util\TKHelpers.cpp(29,55):
          “bool std::operator <(const _Ty1 &,const std::optional<_Ty2> &) noexcept(<expr>)”: 无法从“std::span<const uint8,16>”推导出“const std::optional<_Ty2> &”的 模板 参数
      C:\Program Files\Microsoft Visual Studio\18\Insiders\VC\Tools\MSVC\14.51.36231\include\variant(1327,27):
      或    “bool std::operator <(const std::variant<_Types...> &,const std::variant<_Types...> &) noexcept(<expr>)”
          E:\1.ClassicCataSlym\TrinityCoreCataClassic\src\server\scripts\Playerbots\Ai\Raid\TK\Util\TKHelpers.cpp(29,55):
          “bool std::operator <(const std::variant<_Types...> &,const std::variant<_Types...> &) noexcept(<expr>)”: 无法从“std::span<const uint8,16>”推导出“const std::variant<_Types...> &”的 模板 参数
      C:\Program Files\Microsoft Visual Studio\18\Insiders\VC\Tools\MSVC\14.51.36231\include\memory(3714,17):
      或    “bool std::operator <(const std::unique_ptr<_Ty,_Dx> &,const std::unique_ptr<_Ty2,_Dx2> &)”
          E:\1.ClassicCataSlym\TrinityCoreCataClassic\src\server\scripts\Playerbots\Ai\Raid\TK\Util\TKHelpers.cpp(29,55):
          “bool std::operator <(const std::unique_ptr<_Ty,_Dx> &,const std::unique_ptr<_Ty2,_Dx2> &)”: 无法从“std::span<const uint8,16>”推导出“const std::unique_ptr<_Ty,_Dx> &”的 模板 参数
      C:\Program Files\Microsoft Visual Studio\18\Insiders\VC\Tools\MSVC\14.51.36231\include\memory(3770,30):
      或    “bool std::operator <(const std::unique_ptr<_Ty,_Dx> &,std::nullptr_t)”
          E:\1.ClassicCataSlym\TrinityCoreCataClassic\src\server\scripts\Playerbots\Ai\Raid\TK\Util\TKHelpers.cpp(29,55):
          “bool std::operator <(const std::unique_ptr<_Ty,_Dx> &,std::nullptr_t)”: 无法从“std::span<const uint8,16>”推导出“const std::unique_ptr<_Ty,_Dx> &”的 模板 参数
      C:\Program Files\Microsoft Visual Studio\18\Insiders\VC\Tools\MSVC\14.51.36231\include\memory(3776,30):
      或    “bool std::operator <(std::nullptr_t,const std::unique_ptr<_Ty,_Dx> &)”
          E:\1.ClassicCataSlym\TrinityCoreCataClassic\src\server\scripts\Playerbots\Ai\Raid\TK\Util\TKHelpers.cpp(29,55):
          “bool std::operator <(std::nullptr_t,const std::unique_ptr<_Ty,_Dx> &)”: 无法从“std::span<const uint8,16>”推导出“const std::unique_ptr<_Ty,_Dx> &”的 模板 参数
      C:\Program Files\Microsoft Visual Studio\18\Insiders\VC\Tools\MSVC\14.51.36231\include\queue(193,17):
      或    “bool std::operator <(const std::queue<_Ty,_Container> &,const std::queue<_Ty,_Container> &)”
          E:\1.ClassicCataSlym\TrinityCoreCataClassic\src\server\scripts\Playerbots\Ai\Raid\TK\Util\TKHelpers.cpp(29,55):
          “bool std::operator <(const std::queue<_Ty,_Container> &,const std::queue<_Ty,_Container> &)”: 无法从“std::span<const uint8,16>”推导出“const std::queue<_Ty,_Container> &”的 模板 参数
      C:\Program Files\Microsoft Visual Studio\18\Insiders\VC\Tools\MSVC\14.51.36231\include\stack(179,17):
      或    “bool std::operator <(const std::stack<_Ty,_Container> &,const std::stack<_Ty,_Container> &)”
          E:\1.ClassicCataSlym\TrinityCoreCataClassic\src\server\scripts\Playerbots\Ai\Raid\TK\Util\TKHelpers.cpp(29,55):
          “bool std::operator <(const std::stack<_Ty,_Container> &,const std::stack<_Ty,_Container> &)”: 无法从“std::span<const uint8,16>”推导出“const std::stack<_Ty,_Container> &”的 模板 参数
      C:\Program Files\Microsoft Visual Studio\18\Insiders\VC\Tools\MSVC\14.51.36231\include\utility(568,5):
      或 "conditional<std::_Classify_category<unknown-type,unknown-type>&1!=0,void,conditional<std::_Classify_category<unknown-type,unknown-type>&2!=0,std::partial_ordering,conditional<std::_Classify_category<unknown-type,unknown-type>&4!=0,std::weak_ordering,std::strong_ordering>::type>::type>::type std::operator <=>(const std::pair<_Ty1,_Ty2> &,const std::pair<_Uty1,_Uty2> &)" [重写表达式 "0 < (x <=> y)"]
          E:\1.ClassicCataSlym\TrinityCoreCataClassic\src\server\scripts\Playerbots\Ai\Raid\TK\Util\TKHelpers.cpp(29,55):
          “conditional<std::_Classify_category<unknown-type,unknown-type>&1!=0,void,conditional<std::_Classify_category<unknown-type,unknown-type>&2!=0,std::partial_ordering,conditional<std::_Classify_category<unknown-type,unknown-type>&4!=0,std::weak_ordering,std::strong_ordering>::type>::type>::type std::operator <=>(const std::pair<_Ty1,_Ty2> &,const std::pair<_Uty1,_Uty2> &)”: 无法从“std::span<const uint8,16>”推导出“const std::pair<_Ty1,_Ty2> &”的 模板 参数
      C:\Program Files\Microsoft Visual Studio\18\Insiders\VC\Tools\MSVC\14.51.36231\include\xutility(2168,67):
      或 "unknown-type std::operator <=>(const std::reverse_iterator<_BidIt> &,const std::reverse_iterator<_BidIt2> &) noexcept(<expr>)" [重写表达式 "0 < (x <=> y)"]
          E:\1.ClassicCataSlym\TrinityCoreCataClassic\src\server\scripts\Playerbots\Ai\Raid\TK\Util\TKHelpers.cpp(29,55):
          “unknown-type std::operator <=>(const std::reverse_iterator<_BidIt> &,const std::reverse_iterator<_BidIt2> &) noexcept(<expr>)”: 无法从“std::span<const uint8,16>”推导出“const std::reverse_iterator<_BidIt> &”的 模板 参数
      C:\Program Files\Microsoft Visual Studio\18\Insiders\VC\Tools\MSVC\14.51.36231\include\xutility(4704,65):
      或 "unknown-type std::operator <=>(const std::move_iterator<_Iter> &,const std::move_iterator<_Iter2> &) noexcept(<expr>)" [重写表达式 "0 < (x <=> y)"]
          E:\1.ClassicCataSlym\TrinityCoreCataClassic\src\server\scripts\Playerbots\Ai\Raid\TK\Util\TKHelpers.cpp(29,55):
          “unknown-type std::operator <=>(const std::move_iterator<_Iter> &,const std::move_iterator<_Iter2> &) noexcept(<expr>)”: 无法从“std::span<const uint8,16>”推导出“const std::move_iterator<_Iter> &”的 模板 参数
      C:\Program Files\Microsoft Visual Studio\18\Insiders\VC\Tools\MSVC\14.51.36231\include\optional(785,61):
      或 "unknown-type std::operator <=>(const std::optional<_Ty> &,const std::optional<_Ty2> &) noexcept(<expr>)" [重写表达式 "0 < (x <=> y)"]
          E:\1.ClassicCataSlym\TrinityCoreCataClassic\src\server\scripts\Playerbots\Ai\Raid\TK\Util\TKHelpers.cpp(29,55):
          “unknown-type std::operator <=>(const std::optional<_Ty> &,const std::optional<_Ty2> &) noexcept(<expr>)”: 无法从“std::span<const uint8,16>”推导出“const std::optional<_Ty> &”的 模板 参数
      C:\Program Files\Microsoft Visual Studio\18\Insiders\VC\Tools\MSVC\14.51.36231\include\optional(804,38):
      或 "std::strong_ordering std::operator <=>(const std::optional<_Ty> &,std::nullopt_t) noexcept" [重写表达式 "0 < (x <=> y)"]
          E:\1.ClassicCataSlym\TrinityCoreCataClassic\src\server\scripts\Playerbots\Ai\Raid\TK\Util\TKHelpers.cpp(29,55):
          “std::strong_ordering std::operator <=>(const std::optional<_Ty> &,std::nullopt_t) noexcept”: 无法从“std::span<const uint8,16>”推导出“const std::optional<_Ty> &”的 模板 参数
      C:\Program Files\Microsoft Visual Studio\18\Insiders\VC\Tools\MSVC\14.51.36231\include\optional(1003,61):
      或 "unknown-type std::operator <=>(const std::optional<_Ty> &,const _Ty2 &) noexcept(<expr>)" [重写表达式 "0 < (x <=> y)"]
          E:\1.ClassicCataSlym\TrinityCoreCataClassic\src\server\scripts\Playerbots\Ai\Raid\TK\Util\TKHelpers.cpp(29,55):
          “unknown-type std::operator <=>(const std::optional<_Ty> &,const _Ty2 &) noexcept(<expr>)”: 无法从“std::span<const uint8,16>”推导出“const std::optional<_Ty> &”的 模板 参数
      C:\Program Files\Microsoft Visual Studio\18\Insiders\VC\Tools\MSVC\14.51.36231\include\tuple(1034,97):
      或 "conditional<std::_Classify_category<unknown-type...>&1!=0,void,conditional<std::_Classify_category<unknown-type...>&2!=0,std::partial_ordering,conditional<std::_Classify_category<unknown-type...>&4!=0,std::weak_ordering,std::strong_ordering>::type>::type>::type std::operator <=>(const std::tuple<_Types...> &,const std::tuple<_Types...> &)" [重写表达式 "0 < (x <=> y)"]
          E:\1.ClassicCataSlym\TrinityCoreCataClassic\src\server\scripts\Playerbots\Ai\Raid\TK\Util\TKHelpers.cpp(29,55):
          “conditional<std::_Classify_category<unknown-type...>&1!=0,void,conditional<std::_Classify_category<unknown-type...>&2!=0,std::partial_ordering,conditional<std::_Classify_category<unknown-type...>&4!=0,std::weak_ordering,std::strong_ordering>::type>::type>::type std::operator <=>(const std::tuple<_Types...> &,const std::tuple<_Types...> &)”: 无法从“std::span<const uint8,16>”推导出“const std::tuple<_Types...> &”的 模板 参数
      C:\Program Files\Microsoft Visual Studio\18\Insiders\VC\Tools\MSVC\14.51.36231\include\__msvc_string_view.hpp(1989,58):
      或 "_Get_comparison_category<_Traits>::type std::operator <=>(const std::basic_string_view<_Elem,_Traits>,const type_identity<std::basic_string_view<_Elem,_Traits>>::type) noexcept" [重写表达式 "0 < (x <=> y)"]
          E:\1.ClassicCataSlym\TrinityCoreCataClassic\src\server\scripts\Playerbots\Ai\Raid\TK\Util\TKHelpers.cpp(29,55):
          “_Get_comparison_category<_Traits>::type std::operator <=>(const std::basic_string_view<_Elem,_Traits>,const type_identity<std::basic_string_view<_Elem,_Traits>>::type) noexcept”: 无法从“std::span<const uint8,16>”推导出“const std::basic_string_view<_Elem,_Traits>”的 模板 参数
      C:\Program Files\Microsoft Visual Studio\18\Insiders\VC\Tools\MSVC\14.51.36231\include\xstring(3403,58):
      或 "_Get_comparison_category<_Traits>::type std::operator <=>(const std::basic_string<_Elem,_Traits,_Alloc> &,const std::basic_string<_Elem,_Traits,_Alloc> &) noexcept" [重写表达式 "0 < (x <=> y)"]
          E:\1.ClassicCataSlym\TrinityCoreCataClassic\src\server\scripts\Playerbots\Ai\Raid\TK\Util\TKHelpers.cpp(29,55):
          “_Get_comparison_category<_Traits>::type std::operator <=>(const std::basic_string<_Elem,_Traits,_Alloc> &,const std::basic_string<_Elem,_Traits,_Alloc> &) noexcept”: 无法从“std::span<const uint8,16>”推导出“const std::basic_string<_Elem,_Traits,_Alloc> &”的 模板 参数
      C:\Program Files\Microsoft Visual Studio\18\Insiders\VC\Tools\MSVC\14.51.36231\include\xstring(3409,58):
      或 "_Get_comparison_category<_Traits>::type std::operator <=>(const std::basic_string<_Elem,_Traits,_Alloc> &,const _Elem *const ) noexcept" [重写表达式 "0 < (x <=> y)"]
          E:\1.ClassicCataSlym\TrinityCoreCataClassic\src\server\scripts\Playerbots\Ai\Raid\TK\Util\TKHelpers.cpp(29,55):
          “_Get_comparison_category<_Traits>::type std::operator <=>(const std::basic_string<_Elem,_Traits,_Alloc> &,const _Elem *const ) noexcept”: 无法从“std::span<const uint8,16>”推导出“const std::basic_string<_Elem,_Traits,_Alloc> &”的 模板 参数
      C:\Program Files\Microsoft Visual Studio\18\Insiders\VC\Tools\MSVC\14.51.36231\include\variant(1381,90):
      或 "conditional<std::_Classify_category<unknown-type...>&1!=0,void,conditional<std::_Classify_category<unknown-type...>&2!=0,std::partial_ordering,conditional<std::_Classify_category<unknown-type...>&4!=0,std::weak_ordering,std::strong_ordering>::type>::type>::type std::operator <=>(const std::variant<_Types...> &,const std::variant<_Types...> &) noexcept(<expr>)" [重写表达式 "0 < (x <=> y)"]
          E:\1.ClassicCataSlym\TrinityCoreCataClassic\src\server\scripts\Playerbots\Ai\Raid\TK\Util\TKHelpers.cpp(29,55):
          “conditional<std::_Classify_category<unknown-type...>&1!=0,void,conditional<std::_Classify_category<unknown-type...>&2!=0,std::partial_ordering,conditional<std::_Classify_category<unknown-type...>&4!=0,std::weak_ordering,std::strong_ordering>::type>::type>::type std::operator <=>(const std::variant<_Types...> &,const std::variant<_Types...> &) noexcept(<expr>)”: 无法从“std::span<const uint8,16>”推导出“const std::variant<_Types...> &”的 模板 参数
      C:\Program Files\Microsoft Visual Studio\18\Insiders\VC\Tools\MSVC\14.51.36231\include\list(1897,41):
      或 "unknown-type std::operator <=>(const std::list<_Ty,_Alloc> &,const std::list<_Ty,_Alloc> &)" [重写表达式 "0 < (x <=> y)"]
          E:\1.ClassicCataSlym\TrinityCoreCataClassic\src\server\scripts\Playerbots\Ai\Raid\TK\Util\TKHelpers.cpp(29,55):
          “unknown-type std::operator <=>(const std::list<_Ty,_Alloc> &,const std::list<_Ty,_Alloc> &)”: 无法从“std::span<const uint8,16>”推导出“const std::list<_Ty,_Alloc> &”的 模板 参数
      C:\Program Files\Microsoft Visual Studio\18\Insiders\VC\Tools\MSVC\14.51.36231\include\vector(2338,51):
      或 "unknown-type std::operator <=>(const std::vector<_Ty,_Alloc> &,const std::vector<_Ty,_Alloc> &)" [重写表达式 "0 < (x <=> y)"]
          E:\1.ClassicCataSlym\TrinityCoreCataClassic\src\server\scripts\Playerbots\Ai\Raid\TK\Util\TKHelpers.cpp(29,55):
          “unknown-type std::operator <=>(const std::vector<_Ty,_Alloc> &,const std::vector<_Ty,_Alloc> &)”: 无法从“std::span<const uint8,16>”推导出“const std::vector<_Ty,_Alloc> &”的 模板 参数
      C:\Program Files\Microsoft Visual Studio\18\Insiders\VC\Tools\MSVC\14.51.36231\include\array(773,51):
      或 "unknown-type std::operator <=>(const std::array<_Ty,_Size> &,const std::array<_Ty,_Size> &)" [重写表达式 "0 < (x <=> y)"]
          E:\1.ClassicCataSlym\TrinityCoreCataClassic\src\server\scripts\Playerbots\Ai\Raid\TK\Util\TKHelpers.cpp(29,55):
          “unknown-type std::operator <=>(const std::array<_Ty,_Size> &,const std::array<_Ty,_Size> &)”: 无法从“std::span<const uint8,16>”推导出“const std::array<_Ty,_Size> &”的 模板 参数
      C:\Program Files\Microsoft Visual Studio\18\Insiders\VC\Tools\MSVC\14.51.36231\include\set(215,42):
      或 "unknown-type std::operator <=>(const std::set<_Kty,_Pr,_Alloc> &,const std::set<_Kty,_Pr,_Alloc> &)" [重写表达式 "0 < (x <=> y)"]
          E:\1.ClassicCataSlym\TrinityCoreCataClassic\src\server\scripts\Playerbots\Ai\Raid\TK\Util\TKHelpers.cpp(29,55):
          “unknown-type std::operator <=>(const std::set<_Kty,_Pr,_Alloc> &,const std::set<_Kty,_Pr,_Alloc> &)”: 无法从“std::span<const uint8,16>”推导出“const std::set<_Kty,_Pr,_Alloc> &”的 模板 参数
      C:\Program Files\Microsoft Visual Studio\18\Insiders\VC\Tools\MSVC\14.51.36231\include\set(429,42):
      或 "unknown-type std::operator <=>(const std::multiset<_Kty,_Pr,_Alloc> &,const std::multiset<_Kty,_Pr,_Alloc> &)" [重写表达式 "0 < (x <=> y)"]
          E:\1.ClassicCataSlym\TrinityCoreCataClassic\src\server\scripts\Playerbots\Ai\Raid\TK\Util\TKHelpers.cpp(29,55):
          “unknown-type std::operator <=>(const std::multiset<_Kty,_Pr,_Alloc> &,const std::multiset<_Kty,_Pr,_Alloc> &)”: 无法从“std::span<const uint8,16>”推导出“const std::multiset<_Kty,_Pr,_Alloc> &”的 模板 参数
      C:\Program Files\Microsoft Visual Studio\18\Insiders\VC\Tools\MSVC\14.51.36231\include\memory(1917,28):
      或 "std::strong_ordering std::operator <=>(const std::shared_ptr<_Ty> &,const std::shared_ptr<_Ty0> &) noexcept" [重写表达式 "0 < (x <=> y)"]
          E:\1.ClassicCataSlym\TrinityCoreCataClassic\src\server\scripts\Playerbots\Ai\Raid\TK\Util\TKHelpers.cpp(29,55):
          “std::strong_ordering std::operator <=>(const std::shared_ptr<_Ty> &,const std::shared_ptr<_Ty0> &) noexcept”: 无法从“std::span<const uint8,16>”推导出“const std::shared_ptr<_Ty> &”的 模板 参数
      C:\Program Files\Microsoft Visual Studio\18\Insiders\VC\Tools\MSVC\14.51.36231\include\memory(1954,28):
      或 "std::strong_ordering std::operator <=>(const std::shared_ptr<_Ty> &,std::nullptr_t) noexcept" [重写表达式 "0 < (x <=> y)"]
          E:\1.ClassicCataSlym\TrinityCoreCataClassic\src\server\scripts\Playerbots\Ai\Raid\TK\Util\TKHelpers.cpp(29,55):
          “std::strong_ordering std::operator <=>(const std::shared_ptr<_Ty> &,std::nullptr_t) noexcept”: 无法从“std::span<const uint8,16>”推导出“const std::shared_ptr<_Ty> &”的 模板 参数
      C:\Program Files\Microsoft Visual Studio\18\Insiders\VC\Tools\MSVC\14.51.36231\include\memory(3742,5):
      或 "unknown-type std::operator <=>(const std::unique_ptr<_Ty,_Dx> &,const std::unique_ptr<_Ty2,_Dx2> &)" [重写表达式 "0 < (x <=> y)"]
          E:\1.ClassicCataSlym\TrinityCoreCataClassic\src\server\scripts\Playerbots\Ai\Raid\TK\Util\TKHelpers.cpp(29,55):
          “unknown-type std::operator <=>(const std::unique_ptr<_Ty,_Dx> &,const std::unique_ptr<_Ty2,_Dx2> &)”: 无法从“std::span<const uint8,16>”推导出“const std::unique_ptr<_Ty,_Dx> &”的 模板 参数
      C:\Program Files\Microsoft Visual Studio\18\Insiders\VC\Tools\MSVC\14.51.36231\include\memory(3814,92):
      或 "unknown-type std::operator <=>(const std::unique_ptr<_Ty,_Dx> &,std::nullptr_t)" [重写表达式 "0 < (x <=> y)"]
          E:\1.ClassicCataSlym\TrinityCoreCataClassic\src\server\scripts\Playerbots\Ai\Raid\TK\Util\TKHelpers.cpp(29,55):
          “unknown-type std::operator <=>(const std::unique_ptr<_Ty,_Dx> &,std::nullptr_t)”: 无法从“std::span<const uint8,16>”推导出“const std::unique_ptr<_Ty,_Dx> &”的 模板 参数
      C:\Program Files\Microsoft Visual Studio\18\Insiders\VC\Tools\MSVC\14.51.36231\include\map(406,59):
      或 "unknown-type std::operator <=>(const std::map<_Kty,_Ty,_Pr,_Alloc> &,const std::map<_Kty,_Ty,_Pr,_Alloc> &)" [重写表达式 "0 < (x <=> y)"]
          E:\1.ClassicCataSlym\TrinityCoreCataClassic\src\server\scripts\Playerbots\Ai\Raid\TK\Util\TKHelpers.cpp(29,55):
          “unknown-type std::operator <=>(const std::map<_Kty,_Ty,_Pr,_Alloc> &,const std::map<_Kty,_Ty,_Pr,_Alloc> &)”: 无法从“std::span<const uint8,16>”推导出“const std::map<_Kty,_Ty,_Pr,_Alloc> &”的 模板 参数
      C:\Program Files\Microsoft Visual Studio\18\Insiders\VC\Tools\MSVC\14.51.36231\include\map(637,59):
      或 "unknown-type std::operator <=>(const std::multimap<_Kty,_Ty,_Pr,_Alloc> &,const std::multimap<_Kty,_Ty,_Pr,_Alloc> &)" [重写表达式 "0 < (x <=> y)"]
          E:\1.ClassicCataSlym\TrinityCoreCataClassic\src\server\scripts\Playerbots\Ai\Raid\TK\Util\TKHelpers.cpp(29,55):
          “unknown-type std::operator <=>(const std::multimap<_Kty,_Ty,_Pr,_Alloc> &,const std::multimap<_Kty,_Ty,_Pr,_Alloc> &)”: 无法从“std::span<const uint8,16>”推导出“const std::multimap<_Kty,_Ty,_Pr,_Alloc> &”的 模板 参数
      C:\Program Files\Microsoft Visual Studio\18\Insiders\VC\Tools\MSVC\14.51.36231\include\forward_list(1595,41):
      或 "unknown-type std::operator <=>(const std::forward_list<_Ty,_Alloc> &,const std::forward_list<_Ty,_Alloc> &)" [重写表达式 "0 < (x <=> y)"]
          E:\1.ClassicCataSlym\TrinityCoreCataClassic\src\server\scripts\Playerbots\Ai\Raid\TK\Util\TKHelpers.cpp(29,55):
          “unknown-type std::operator <=>(const std::forward_list<_Ty,_Alloc> &,const std::forward_list<_Ty,_Alloc> &)”: 无法从“std::span<const uint8,16>”推导出“const std::forward_list<_Ty,_Alloc> &”的 模板 参数
      C:\Program Files\Microsoft Visual Studio\18\Insiders\VC\Tools\MSVC\14.51.36231\include\deque(1801,41):
      或 "unknown-type std::operator <=>(const std::deque<_Ty,_Alloc> &,const std::deque<_Ty,_Alloc> &)" [重写表达式 "0 < (x <=> y)"]
          E:\1.ClassicCataSlym\TrinityCoreCataClassic\src\server\scripts\Playerbots\Ai\Raid\TK\Util\TKHelpers.cpp(29,55):
          “unknown-type std::operator <=>(const std::deque<_Ty,_Alloc> &,const std::deque<_Ty,_Alloc> &)”: 无法从“std::span<const uint8,16>”推导出“const std::deque<_Ty,_Alloc> &”的 模板 参数
      C:\Program Files\Microsoft Visual Studio\18\Insiders\VC\Tools\MSVC\14.51.36231\include\queue(214,51):
      或 "unknown-type std::operator <=>(const std::queue<_Ty,_Container> &,const std::queue<_Ty,_Container> &)" [重写表达式 "0 < (x <=> y)"]
          E:\1.ClassicCataSlym\TrinityCoreCataClassic\src\server\scripts\Playerbots\Ai\Raid\TK\Util\TKHelpers.cpp(29,55):
          “unknown-type std::operator <=>(const std::queue<_Ty,_Container> &,const std::queue<_Ty,_Container> &)”: 无法从“std::span<const uint8,16>”推导出“const std::queue<_Ty,_Container> &”的 模板 参数
      C:\Program Files\Microsoft Visual Studio\18\Insiders\VC\Tools\MSVC\14.51.36231\include\stack(200,51):
      或 "unknown-type std::operator <=>(const std::stack<_Ty,_Container> &,const std::stack<_Ty,_Container> &)" [重写表达式 "0 < (x <=> y)"]
          E:\1.ClassicCataSlym\TrinityCoreCataClassic\src\server\scripts\Playerbots\Ai\Raid\TK\Util\TKHelpers.cpp(29,55):
          “unknown-type std::operator <=>(const std::stack<_Ty,_Container> &,const std::stack<_Ty,_Container> &)”: 无法从“std::span<const uint8,16>”推导出“const std::stack<_Ty,_Container> &”的 模板 参数
      C:\Program Files\Microsoft Visual Studio\18\Insiders\VC\Tools\MSVC\14.51.36231\include\utility(568,5):
      或 "conditional<std::_Classify_category<unknown-type,unknown-type>&1!=0,void,conditional<std::_Classify_category<unknown-type,unknown-type>&2!=0,std::partial_ordering,conditional<std::_Classify_category<unknown-type,unknown-type>&4!=0,std::weak_ordering,std::strong_ordering>::type>::type>::type std::operator <=>(const std::pair<_Ty1,_Ty2> &,const std::pair<_Uty1,_Uty2> &)" [综合表达式 "(y <=> x) < 0"]
          E:\1.ClassicCataSlym\TrinityCoreCataClassic\src\server\scripts\Playerbots\Ai\Raid\TK\Util\TKHelpers.cpp(29,55):
          “conditional<std::_Classify_category<unknown-type,unknown-type>&1!=0,void,conditional<std::_Classify_category<unknown-type,unknown-type>&2!=0,std::partial_ordering,conditional<std::_Classify_category<unknown-type,unknown-type>&4!=0,std::weak_ordering,std::strong_ordering>::type>::type>::type std::operator <=>(const std::pair<_Ty1,_Ty2> &,const std::pair<_Uty1,_Uty2> &)”: 无法从“std::span<const uint8,16>”推导出“const std::pair<_Ty1,_Ty2> &”的 模板 参数
      C:\Program Files\Microsoft Visual Studio\18\Insiders\VC\Tools\MSVC\14.51.36231\include\xutility(2168,67):
      或 "unknown-type std::operator <=>(const std::reverse_iterator<_BidIt> &,const std::reverse_iterator<_BidIt2> &) noexcept(<expr>)" [综合表达式 "(y <=> x) < 0"]
          E:\1.ClassicCataSlym\TrinityCoreCataClassic\src\server\scripts\Playerbots\Ai\Raid\TK\Util\TKHelpers.cpp(29,55):
          “unknown-type std::operator <=>(const std::reverse_iterator<_BidIt> &,const std::reverse_iterator<_BidIt2> &) noexcept(<expr>)”: 无法从“std::span<const uint8,16>”推导出“const std::reverse_iterator<_BidIt> &”的 模板 参数
      C:\Program Files\Microsoft Visual Studio\18\Insiders\VC\Tools\MSVC\14.51.36231\include\xutility(4704,65):
      或 "unknown-type std::operator <=>(const std::move_iterator<_Iter> &,const std::move_iterator<_Iter2> &) noexcept(<expr>)" [综合表达式 "(y <=> x) < 0"]
          E:\1.ClassicCataSlym\TrinityCoreCataClassic\src\server\scripts\Playerbots\Ai\Raid\TK\Util\TKHelpers.cpp(29,55):
          “unknown-type std::operator <=>(const std::move_iterator<_Iter> &,const std::move_iterator<_Iter2> &) noexcept(<expr>)”: 无法从“std::span<const uint8,16>”推导出“const std::move_iterator<_Iter> &”的 模板 参数
      C:\Program Files\Microsoft Visual Studio\18\Insiders\VC\Tools\MSVC\14.51.36231\include\optional(785,61):
      或 "unknown-type std::operator <=>(const std::optional<_Ty> &,const std::optional<_Ty2> &) noexcept(<expr>)" [综合表达式 "(y <=> x) < 0"]
          E:\1.ClassicCataSlym\TrinityCoreCataClassic\src\server\scripts\Playerbots\Ai\Raid\TK\Util\TKHelpers.cpp(29,55):
          “unknown-type std::operator <=>(const std::optional<_Ty> &,const std::optional<_Ty2> &) noexcept(<expr>)”: 无法从“std::span<const uint8,16>”推导出“const std::optional<_Ty> &”的 模板 参数
      C:\Program Files\Microsoft Visual Studio\18\Insiders\VC\Tools\MSVC\14.51.36231\include\optional(804,38):
      或 "std::strong_ordering std::operator <=>(const std::optional<_Ty> &,std::nullopt_t) noexcept" [综合表达式 "(y <=> x) < 0"]
          E:\1.ClassicCataSlym\TrinityCoreCataClassic\src\server\scripts\Playerbots\Ai\Raid\TK\Util\TKHelpers.cpp(29,55):
          “std::strong_ordering std::operator <=>(const std::optional<_Ty> &,std::nullopt_t) noexcept”: 无法从“std::span<const uint8,16>”推导出“const std::optional<_Ty> &”的 模板 参数
      C:\Program Files\Microsoft Visual Studio\18\Insiders\VC\Tools\MSVC\14.51.36231\include\optional(1003,61):
      或 "unknown-type std::operator <=>(const std::optional<_Ty> &,const _Ty2 &) noexcept(<expr>)" [综合表达式 "(y <=> x) < 0"]
          E:\1.ClassicCataSlym\TrinityCoreCataClassic\src\server\scripts\Playerbots\Ai\Raid\TK\Util\TKHelpers.cpp(29,55):
          “unknown-type std::operator <=>(const std::optional<_Ty> &,const _Ty2 &) noexcept(<expr>)”: 无法从“std::span<const uint8,16>”推导出“const std::optional<_Ty> &”的 模板 参数
      C:\Program Files\Microsoft Visual Studio\18\Insiders\VC\Tools\MSVC\14.51.36231\include\tuple(1034,97):
      或 "conditional<std::_Classify_category<unknown-type...>&1!=0,void,conditional<std::_Classify_category<unknown-type...>&2!=0,std::partial_ordering,conditional<std::_Classify_category<unknown-type...>&4!=0,std::weak_ordering,std::strong_ordering>::type>::type>::type std::operator <=>(const std::tuple<_Types...> &,const std::tuple<_Types...> &)" [综合表达式 "(y <=> x) < 0"]
          E:\1.ClassicCataSlym\TrinityCoreCataClassic\src\server\scripts\Playerbots\Ai\Raid\TK\Util\TKHelpers.cpp(29,55):
          “conditional<std::_Classify_category<unknown-type...>&1!=0,void,conditional<std::_Classify_category<unknown-type...>&2!=0,std::partial_ordering,conditional<std::_Classify_category<unknown-type...>&4!=0,std::weak_ordering,std::strong_ordering>::type>::type>::type std::operator <=>(const std::tuple<_Types...> &,const std::tuple<_Types...> &)”: 无法从“std::span<const uint8,16>”推导出“const std::tuple<_Types...> &”的 模板 参数
      C:\Program Files\Microsoft Visual Studio\18\Insiders\VC\Tools\MSVC\14.51.36231\include\__msvc_string_view.hpp(1989,58):
      或 "_Get_comparison_category<_Traits>::type std::operator <=>(const std::basic_string_view<_Elem,_Traits>,const type_identity<std::basic_string_view<_Elem,_Traits>>::type) noexcept" [综合表达式 "(y <=> x) < 0"]
          E:\1.ClassicCataSlym\TrinityCoreCataClassic\src\server\scripts\Playerbots\Ai\Raid\TK\Util\TKHelpers.cpp(29,55):
          “_Get_comparison_category<_Traits>::type std::operator <=>(const std::basic_string_view<_Elem,_Traits>,const type_identity<std::basic_string_view<_Elem,_Traits>>::type) noexcept”: 无法从“std::span<const uint8,16>”推导出“const std::basic_string_view<_Elem,_Traits>”的 模板 参数
      C:\Program Files\Microsoft Visual Studio\18\Insiders\VC\Tools\MSVC\14.51.36231\include\xstring(3403,58):
      或 "_Get_comparison_category<_Traits>::type std::operator <=>(const std::basic_string<_Elem,_Traits,_Alloc> &,const std::basic_string<_Elem,_Traits,_Alloc> &) noexcept" [综合表达式 "(y <=> x) < 0"]
          E:\1.ClassicCataSlym\TrinityCoreCataClassic\src\server\scripts\Playerbots\Ai\Raid\TK\Util\TKHelpers.cpp(29,55):
          “_Get_comparison_category<_Traits>::type std::operator <=>(const std::basic_string<_Elem,_Traits,_Alloc> &,const std::basic_string<_Elem,_Traits,_Alloc> &) noexcept”: 无法从“std::span<const uint8,16>”推导出“const std::basic_string<_Elem,_Traits,_Alloc> &”的 模板 参数
      C:\Program Files\Microsoft Visual Studio\18\Insiders\VC\Tools\MSVC\14.51.36231\include\xstring(3409,58):
      或 "_Get_comparison_category<_Traits>::type std::operator <=>(const std::basic_string<_Elem,_Traits,_Alloc> &,const _Elem *const ) noexcept" [综合表达式 "(y <=> x) < 0"]
          E:\1.ClassicCataSlym\TrinityCoreCataClassic\src\server\scripts\Playerbots\Ai\Raid\TK\Util\TKHelpers.cpp(29,55):
          “_Get_comparison_category<_Traits>::type std::operator <=>(const std::basic_string<_Elem,_Traits,_Alloc> &,const _Elem *const ) noexcept”: 无法从“std::span<const uint8,16>”推导出“const std::basic_string<_Elem,_Traits,_Alloc> &”的 模板 参数
      C:\Program Files\Microsoft Visual Studio\18\Insiders\VC\Tools\MSVC\14.51.36231\include\variant(1381,90):
      或 "conditional<std::_Classify_category<unknown-type...>&1!=0,void,conditional<std::_Classify_category<unknown-type...>&2!=0,std::partial_ordering,conditional<std::_Classify_category<unknown-type...>&4!=0,std::weak_ordering,std::strong_ordering>::type>::type>::type std::operator <=>(const std::variant<_Types...> &,const std::variant<_Types...> &) noexcept(<expr>)" [综合表达式 "(y <=> x) < 0"]
          E:\1.ClassicCataSlym\TrinityCoreCataClassic\src\server\scripts\Playerbots\Ai\Raid\TK\Util\TKHelpers.cpp(29,55):
          “conditional<std::_Classify_category<unknown-type...>&1!=0,void,conditional<std::_Classify_category<unknown-type...>&2!=0,std::partial_ordering,conditional<std::_Classify_category<unknown-type...>&4!=0,std::weak_ordering,std::strong_ordering>::type>::type>::type std::operator <=>(const std::variant<_Types...> &,const std::variant<_Types...> &) noexcept(<expr>)”: 无法从“std::span<const uint8,16>”推导出“const std::variant<_Types...> &”的 模板 参数
      C:\Program Files\Microsoft Visual Studio\18\Insiders\VC\Tools\MSVC\14.51.36231\include\list(1897,41):
      或 "unknown-type std::operator <=>(const std::list<_Ty,_Alloc> &,const std::list<_Ty,_Alloc> &)" [综合表达式 "(y <=> x) < 0"]
          E:\1.ClassicCataSlym\TrinityCoreCataClassic\src\server\scripts\Playerbots\Ai\Raid\TK\Util\TKHelpers.cpp(29,55):
          “unknown-type std::operator <=>(const std::list<_Ty,_Alloc> &,const std::list<_Ty,_Alloc> &)”: 无法从“std::span<const uint8,16>”推导出“const std::list<_Ty,_Alloc> &”的 模板 参数
      C:\Program Files\Microsoft Visual Studio\18\Insiders\VC\Tools\MSVC\14.51.36231\include\vector(2338,51):
      或 "unknown-type std::operator <=>(const std::vector<_Ty,_Alloc> &,const std::vector<_Ty,_Alloc> &)" [综合表达式 "(y <=> x) < 0"]
          E:\1.ClassicCataSlym\TrinityCoreCataClassic\src\server\scripts\Playerbots\Ai\Raid\TK\Util\TKHelpers.cpp(29,55):
          “unknown-type std::operator <=>(const std::vector<_Ty,_Alloc> &,const std::vector<_Ty,_Alloc> &)”: 无法从“std::span<const uint8,16>”推导出“const std::vector<_Ty,_Alloc> &”的 模板 参数
      C:\Program Files\Microsoft Visual Studio\18\Insiders\VC\Tools\MSVC\14.51.36231\include\array(773,51):
      或 "unknown-type std::operator <=>(const std::array<_Ty,_Size> &,const std::array<_Ty,_Size> &)" [综合表达式 "(y <=> x) < 0"]
          E:\1.ClassicCataSlym\TrinityCoreCataClassic\src\server\scripts\Playerbots\Ai\Raid\TK\Util\TKHelpers.cpp(29,55):
          “unknown-type std::operator <=>(const std::array<_Ty,_Size> &,const std::array<_Ty,_Size> &)”: 无法从“std::span<const uint8,16>”推导出“const std::array<_Ty,_Size> &”的 模板 参数
      C:\Program Files\Microsoft Visual Studio\18\Insiders\VC\Tools\MSVC\14.51.36231\include\set(215,42):
      或 "unknown-type std::operator <=>(const std::set<_Kty,_Pr,_Alloc> &,const std::set<_Kty,_Pr,_Alloc> &)" [综合表达式 "(y <=> x) < 0"]
          E:\1.ClassicCataSlym\TrinityCoreCataClassic\src\server\scripts\Playerbots\Ai\Raid\TK\Util\TKHelpers.cpp(29,55):
          “unknown-type std::operator <=>(const std::set<_Kty,_Pr,_Alloc> &,const std::set<_Kty,_Pr,_Alloc> &)”: 无法从“std::span<const uint8,16>”推导出“const std::set<_Kty,_Pr,_Alloc> &”的 模板 参数
      C:\Program Files\Microsoft Visual Studio\18\Insiders\VC\Tools\MSVC\14.51.36231\include\set(429,42):
      或 "unknown-type std::operator <=>(const std::multiset<_Kty,_Pr,_Alloc> &,const std::multiset<_Kty,_Pr,_Alloc> &)" [综合表达式 "(y <=> x) < 0"]
          E:\1.ClassicCataSlym\TrinityCoreCataClassic\src\server\scripts\Playerbots\Ai\Raid\TK\Util\TKHelpers.cpp(29,55):
          “unknown-type std::operator <=>(const std::multiset<_Kty,_Pr,_Alloc> &,const std::multiset<_Kty,_Pr,_Alloc> &)”: 无法从“std::span<const uint8,16>”推导出“const std::multiset<_Kty,_Pr,_Alloc> &”的 模板 参数
      C:\Program Files\Microsoft Visual Studio\18\Insiders\VC\Tools\MSVC\14.51.36231\include\memory(1917,28):
      或 "std::strong_ordering std::operator <=>(const std::shared_ptr<_Ty> &,const std::shared_ptr<_Ty0> &) noexcept" [综合表达式 "(y <=> x) < 0"]
          E:\1.ClassicCataSlym\TrinityCoreCataClassic\src\server\scripts\Playerbots\Ai\Raid\TK\Util\TKHelpers.cpp(29,55):
          “std::strong_ordering std::operator <=>(const std::shared_ptr<_Ty> &,const std::shared_ptr<_Ty0> &) noexcept”: 无法从“std::span<const uint8,16>”推导出“const std::shared_ptr<_Ty> &”的 模板 参数
      C:\Program Files\Microsoft Visual Studio\18\Insiders\VC\Tools\MSVC\14.51.36231\include\memory(1954,28):
      或 "std::strong_ordering std::operator <=>(const std::shared_ptr<_Ty> &,std::nullptr_t) noexcept" [综合表达式 "(y <=> x) < 0"]
          E:\1.ClassicCataSlym\TrinityCoreCataClassic\src\server\scripts\Playerbots\Ai\Raid\TK\Util\TKHelpers.cpp(29,55):
          “std::strong_ordering std::operator <=>(const std::shared_ptr<_Ty> &,std::nullptr_t) noexcept”: 无法从“std::span<const uint8,16>”推导出“const std::shared_ptr<_Ty> &”的 模板 参数
      C:\Program Files\Microsoft Visual Studio\18\Insiders\VC\Tools\MSVC\14.51.36231\include\memory(3742,5):
      或 "unknown-type std::operator <=>(const std::unique_ptr<_Ty,_Dx> &,const std::unique_ptr<_Ty2,_Dx2> &)" [综合表达式 "(y <=> x) < 0"]
          E:\1.ClassicCataSlym\TrinityCoreCataClassic\src\server\scripts\Playerbots\Ai\Raid\TK\Util\TKHelpers.cpp(29,55):
          “unknown-type std::operator <=>(const std::unique_ptr<_Ty,_Dx> &,const std::unique_ptr<_Ty2,_Dx2> &)”: 无法从“std::span<const uint8,16>”推导出“const std::unique_ptr<_Ty,_Dx> &”的 模板 参数
      C:\Program Files\Microsoft Visual Studio\18\Insiders\VC\Tools\MSVC\14.51.36231\include\memory(3814,92):
      或 "unknown-type std::operator <=>(const std::unique_ptr<_Ty,_Dx> &,std::nullptr_t)" [综合表达式 "(y <=> x) < 0"]
          E:\1.ClassicCataSlym\TrinityCoreCataClassic\src\server\scripts\Playerbots\Ai\Raid\TK\Util\TKHelpers.cpp(29,55):
          “unknown-type std::operator <=>(const std::unique_ptr<_Ty,_Dx> &,std::nullptr_t)”: 无法从“std::span<const uint8,16>”推导出“const std::unique_ptr<_Ty,_Dx> &”的 模板 参数
      C:\Program Files\Microsoft Visual Studio\18\Insiders\VC\Tools\MSVC\14.51.36231\include\map(406,59):
      或 "unknown-type std::operator <=>(const std::map<_Kty,_Ty,_Pr,_Alloc> &,const std::map<_Kty,_Ty,_Pr,_Alloc> &)" [综合表达式 "(y <=> x) < 0"]
          E:\1.ClassicCataSlym\TrinityCoreCataClassic\src\server\scripts\Playerbots\Ai\Raid\TK\Util\TKHelpers.cpp(29,55):
          “unknown-type std::operator <=>(const std::map<_Kty,_Ty,_Pr,_Alloc> &,const std::map<_Kty,_Ty,_Pr,_Alloc> &)”: 无法从“std::span<const uint8,16>”推导出“const std::map<_Kty,_Ty,_Pr,_Alloc> &”的 模板 参数
      C:\Program Files\Microsoft Visual Studio\18\Insiders\VC\Tools\MSVC\14.51.36231\include\map(637,59):
      或 "unknown-type std::operator <=>(const std::multimap<_Kty,_Ty,_Pr,_Alloc> &,const std::multimap<_Kty,_Ty,_Pr,_Alloc> &)" [综合表达式 "(y <=> x) < 0"]
          E:\1.ClassicCataSlym\TrinityCoreCataClassic\src\server\scripts\Playerbots\Ai\Raid\TK\Util\TKHelpers.cpp(29,55):
          “unknown-type std::operator <=>(const std::multimap<_Kty,_Ty,_Pr,_Alloc> &,const std::multimap<_Kty,_Ty,_Pr,_Alloc> &)”: 无法从“std::span<const uint8,16>”推导出“const std::multimap<_Kty,_Ty,_Pr,_Alloc> &”的 模板 参数
      C:\Program Files\Microsoft Visual Studio\18\Insiders\VC\Tools\MSVC\14.51.36231\include\forward_list(1595,41):
      或 "unknown-type std::operator <=>(const std::forward_list<_Ty,_Alloc> &,const std::forward_list<_Ty,_Alloc> &)" [综合表达式 "(y <=> x) < 0"]
          E:\1.ClassicCataSlym\TrinityCoreCataClassic\src\server\scripts\Playerbots\Ai\Raid\TK\Util\TKHelpers.cpp(29,55):
          “unknown-type std::operator <=>(const std::forward_list<_Ty,_Alloc> &,const std::forward_list<_Ty,_Alloc> &)”: 无法从“std::span<const uint8,16>”推导出“const std::forward_list<_Ty,_Alloc> &”的 模板 参数
      C:\Program Files\Microsoft Visual Studio\18\Insiders\VC\Tools\MSVC\14.51.36231\include\deque(1801,41):
      或 "unknown-type std::operator <=>(const std::deque<_Ty,_Alloc> &,const std::deque<_Ty,_Alloc> &)" [综合表达式 "(y <=> x) < 0"]
          E:\1.ClassicCataSlym\TrinityCoreCataClassic\src\server\scripts\Playerbots\Ai\Raid\TK\Util\TKHelpers.cpp(29,55):
          “unknown-type std::operator <=>(const std::deque<_Ty,_Alloc> &,const std::deque<_Ty,_Alloc> &)”: 无法从“std::span<const uint8,16>”推导出“const std::deque<_Ty,_Alloc> &”的 模板 参数
      C:\Program Files\Microsoft Visual Studio\18\Insiders\VC\Tools\MSVC\14.51.36231\include\queue(214,51):
      或 "unknown-type std::operator <=>(const std::queue<_Ty,_Container> &,const std::queue<_Ty,_Container> &)" [综合表达式 "(y <=> x) < 0"]
          E:\1.ClassicCataSlym\TrinityCoreCataClassic\src\server\scripts\Playerbots\Ai\Raid\TK\Util\TKHelpers.cpp(29,55):
          “unknown-type std::operator <=>(const std::queue<_Ty,_Container> &,const std::queue<_Ty,_Container> &)”: 无法从“std::span<const uint8,16>”推导出“const std::queue<_Ty,_Container> &”的 模板 参数
      C:\Program Files\Microsoft Visual Studio\18\Insiders\VC\Tools\MSVC\14.51.36231\include\stack(200,51):
      或 "unknown-type std::operator <=>(const std::stack<_Ty,_Container> &,const std::stack<_Ty,_Container> &)" [综合表达式 "(y <=> x) < 0"]
          E:\1.ClassicCataSlym\TrinityCoreCataClassic\src\server\scripts\Playerbots\Ai\Raid\TK\Util\TKHelpers.cpp(29,55):
          “unknown-type std::operator <=>(const std::stack<_Ty,_Container> &,const std::stack<_Ty,_Container> &)”: 无法从“std::span<const uint8,16>”推导出“const std::stack<_Ty,_Container> &”的 模板 参数
      E:\1.ClassicCataSlym\TrinityCoreCataClassic\src\server\scripts\Playerbots\Ai\Raid\TK\Util\TKHelpers.cpp(29,55):
      尝试匹配参数列表“(std::span<const uint8,16>, std::span<const uint8,16>)”时
  
E:\1.ClassicCataSlym\TrinityCoreCataClassic\src\server\scripts\Playerbots\Ai\Raid\TK\Util\TKHelpers.cpp(32,56): error C2678: 二进制“>”: 没有找到接受“std::span<const uint8,16>”类型的左操作数的运算符(或没有可接受的转换) [E:\1.ClassicCataSlym\CataslymBuild\src\server\scripts\scripts.vcxproj]
  (编译源文件“../../../../TrinityCoreCataClassic/src/server/scripts/Playerbots/Ai/Raid/TK/Util/TKHelpers.cpp”)
      C:\Program Files\Microsoft Visual Studio\18\Insiders\VC\Tools\MSVC\14.51.36231\include\utility(1041,50):
      可以是 "std::strong_ordering std::operator <=>(std::monostate,std::monostate) noexcept" [重写表达式 "0 > (x <=> y)"]
          E:\1.ClassicCataSlym\TrinityCoreCataClassic\src\server\scripts\Playerbots\Ai\Raid\TK\Util\TKHelpers.cpp(32,56):
          “std::strong_ordering std::operator <=>(std::monostate,std::monostate) noexcept”: 无法将参数 1 从“std::span<const uint8,16>”转换为“std::monostate”
              E:\1.ClassicCataSlym\TrinityCoreCataClassic\src\server\scripts\Playerbots\Ai\Raid\TK\Util\TKHelpers.cpp(32,56):
              没有可用于执行该转换的用户定义的转换运算符，或者无法调用该运算符
      C:\Program Files\Microsoft Visual Studio\18\Insiders\VC\Tools\MSVC\14.51.36231\include\thread(272,47):
      或 "std::strong_ordering std::operator <=>(std::thread::id,std::thread::id) noexcept" [重写表达式 "0 > (x <=> y)"]
          E:\1.ClassicCataSlym\TrinityCoreCataClassic\src\server\scripts\Playerbots\Ai\Raid\TK\Util\TKHelpers.cpp(32,56):
          “std::strong_ordering std::operator <=>(std::thread::id,std::thread::id) noexcept”: 无法将参数 1 从“std::span<const uint8,16>”转换为“std::thread::id”
              E:\1.ClassicCataSlym\TrinityCoreCataClassic\src\server\scripts\Playerbots\Ai\Raid\TK\Util\TKHelpers.cpp(32,56):
              没有可用于执行该转换的用户定义的转换运算符，或者无法调用该运算符
      C:\Program Files\Microsoft Visual Studio\18\Insiders\VC\Tools\MSVC\14.51.36231\include\utility(1041,50):
      或 "std::strong_ordering std::operator <=>(std::monostate,std::monostate) noexcept" [综合表达式 "(y <=> x) > 0"]
          E:\1.ClassicCataSlym\TrinityCoreCataClassic\src\server\scripts\Playerbots\Ai\Raid\TK\Util\TKHelpers.cpp(32,56):
          “std::strong_ordering std::operator <=>(std::monostate,std::monostate) noexcept”: 无法将参数 1 从“std::span<const uint8,16>”转换为“std::monostate”
              E:\1.ClassicCataSlym\TrinityCoreCataClassic\src\server\scripts\Playerbots\Ai\Raid\TK\Util\TKHelpers.cpp(32,91):
              没有可用于执行该转换的用户定义的转换运算符，或者无法调用该运算符
      C:\Program Files\Microsoft Visual Studio\18\Insiders\VC\Tools\MSVC\14.51.36231\include\thread(272,47):
      或 "std::strong_ordering std::operator <=>(std::thread::id,std::thread::id) noexcept" [综合表达式 "(y <=> x) > 0"]
          E:\1.ClassicCataSlym\TrinityCoreCataClassic\src\server\scripts\Playerbots\Ai\Raid\TK\Util\TKHelpers.cpp(32,56):
          “std::strong_ordering std::operator <=>(std::thread::id,std::thread::id) noexcept”: 无法将参数 1 从“std::span<const uint8,16>”转换为“std::thread::id”
              E:\1.ClassicCataSlym\TrinityCoreCataClassic\src\server\scripts\Playerbots\Ai\Raid\TK\Util\TKHelpers.cpp(32,91):
              没有可用于执行该转换的用户定义的转换运算符，或者无法调用该运算符
      C:\Program Files\Microsoft Visual Studio\18\Insiders\VC\Tools\MSVC\14.51.36231\include\xutility(2131,30):
      或    “bool std::operator >(const std::reverse_iterator<_BidIt> &,const std::reverse_iterator<_BidIt2> &) noexcept(<expr>)”
          E:\1.ClassicCataSlym\TrinityCoreCataClassic\src\server\scripts\Playerbots\Ai\Raid\TK\Util\TKHelpers.cpp(32,56):
          “bool std::operator >(const std::reverse_iterator<_BidIt> &,const std::reverse_iterator<_BidIt2> &) noexcept(<expr>)”: 无法从“std::span<const uint8,16>”推导出“const std::reverse_iterator<_BidIt> &”的 模板 参数
      C:\Program Files\Microsoft Visual Studio\18\Insiders\VC\Tools\MSVC\14.51.36231\include\xutility(4673,30):
      或    “bool std::operator >(const std::move_iterator<_Iter> &,const std::move_iterator<_Iter2> &) noexcept(<expr>)”
          E:\1.ClassicCataSlym\TrinityCoreCataClassic\src\server\scripts\Playerbots\Ai\Raid\TK\Util\TKHelpers.cpp(32,56):
          “bool std::operator >(const std::move_iterator<_Iter> &,const std::move_iterator<_Iter2> &) noexcept(<expr>)”: 无法从“std::span<const uint8,16>”推导出“const std::move_iterator<_Iter> &”的 模板 参数
      C:\Program Files\Microsoft Visual Studio\18\Insiders\VC\Tools\MSVC\14.51.36231\include\optional(733,27):
      或    “bool std::operator >(const std::optional<_Ty> &,const std::optional<_Ty2> &) noexcept(<expr>)”
          E:\1.ClassicCataSlym\TrinityCoreCataClassic\src\server\scripts\Playerbots\Ai\Raid\TK\Util\TKHelpers.cpp(32,56):
          “bool std::operator >(const std::optional<_Ty> &,const std::optional<_Ty2> &) noexcept(<expr>)”: 无法从“std::span<const uint8,16>”推导出“const std::optional<_Ty> &”的 模板 参数
      C:\Program Files\Microsoft Visual Studio\18\Insiders\VC\Tools\MSVC\14.51.36231\include\optional(939,27):
      或    “bool std::operator >(const std::optional<_Ty> &,const _Ty2 &) noexcept(<expr>)”
          E:\1.ClassicCataSlym\TrinityCoreCataClassic\src\server\scripts\Playerbots\Ai\Raid\TK\Util\TKHelpers.cpp(32,56):
          “bool std::operator >(const std::optional<_Ty> &,const _Ty2 &) noexcept(<expr>)”: 无法从“std::span<const uint8,16>”推导出“const std::optional<_Ty> &”的 模板 参数
      C:\Program Files\Microsoft Visual Studio\18\Insiders\VC\Tools\MSVC\14.51.36231\include\optional(947,27):
      或    “bool std::operator >(const _Ty1 &,const std::optional<_Ty2> &) noexcept(<expr>)”
          E:\1.ClassicCataSlym\TrinityCoreCataClassic\src\server\scripts\Playerbots\Ai\Raid\TK\Util\TKHelpers.cpp(32,56):
          “bool std::operator >(const _Ty1 &,const std::optional<_Ty2> &) noexcept(<expr>)”: 无法从“std::span<const uint8,16>”推导出“const std::optional<_Ty2> &”的 模板 参数
      C:\Program Files\Microsoft Visual Studio\18\Insiders\VC\Tools\MSVC\14.51.36231\include\variant(1340,27):
      或    “bool std::operator >(const std::variant<_Types...> &,const std::variant<_Types...> &) noexcept(<expr>)”
          E:\1.ClassicCataSlym\TrinityCoreCataClassic\src\server\scripts\Playerbots\Ai\Raid\TK\Util\TKHelpers.cpp(32,56):
          “bool std::operator >(const std::variant<_Types...> &,const std::variant<_Types...> &) noexcept(<expr>)”: 无法从“std::span<const uint8,16>”推导出“const std::variant<_Types...> &”的 模板 参数
      C:\Program Files\Microsoft Visual Studio\18\Insiders\VC\Tools\MSVC\14.51.36231\include\memory(3727,17):
      或    “bool std::operator >(const std::unique_ptr<_Ty,_Dx> &,const std::unique_ptr<_Ty2,_Dx2> &)”
          E:\1.ClassicCataSlym\TrinityCoreCataClassic\src\server\scripts\Playerbots\Ai\Raid\TK\Util\TKHelpers.cpp(32,56):
          “bool std::operator >(const std::unique_ptr<_Ty,_Dx> &,const std::unique_ptr<_Ty2,_Dx2> &)”: 无法从“std::span<const uint8,16>”推导出“const std::unique_ptr<_Ty,_Dx> &”的 模板 参数
      C:\Program Files\Microsoft Visual Studio\18\Insiders\VC\Tools\MSVC\14.51.36231\include\memory(3792,30):
      或    “bool std::operator >(const std::unique_ptr<_Ty,_Dx> &,std::nullptr_t)”
          E:\1.ClassicCataSlym\TrinityCoreCataClassic\src\server\scripts\Playerbots\Ai\Raid\TK\Util\TKHelpers.cpp(32,56):
          “bool std::operator >(const std::unique_ptr<_Ty,_Dx> &,std::nullptr_t)”: 无法从“std::span<const uint8,16>”推导出“const std::unique_ptr<_Ty,_Dx> &”的 模板 参数
      C:\Program Files\Microsoft Visual Studio\18\Insiders\VC\Tools\MSVC\14.51.36231\include\memory(3797,30):
      或    “bool std::operator >(std::nullptr_t,const std::unique_ptr<_Ty,_Dx> &)”
          E:\1.ClassicCataSlym\TrinityCoreCataClassic\src\server\scripts\Playerbots\Ai\Raid\TK\Util\TKHelpers.cpp(32,56):
          “bool std::operator >(std::nullptr_t,const std::unique_ptr<_Ty,_Dx> &)”: 无法从“std::span<const uint8,16>”推导出“const std::unique_ptr<_Ty,_Dx> &”的 模板 参数
      C:\Program Files\Microsoft Visual Studio\18\Insiders\VC\Tools\MSVC\14.51.36231\include\queue(198,17):
      或    “bool std::operator >(const std::queue<_Ty,_Container> &,const std::queue<_Ty,_Container> &)”
          E:\1.ClassicCataSlym\TrinityCoreCataClassic\src\server\scripts\Playerbots\Ai\Raid\TK\Util\TKHelpers.cpp(32,56):
          “bool std::operator >(const std::queue<_Ty,_Container> &,const std::queue<_Ty,_Container> &)”: 无法从“std::span<const uint8,16>”推导出“const std::queue<_Ty,_Container> &”的 模板 参数
      C:\Program Files\Microsoft Visual Studio\18\Insiders\VC\Tools\MSVC\14.51.36231\include\stack(184,17):
      或    “bool std::operator >(const std::stack<_Ty,_Container> &,const std::stack<_Ty,_Container> &)”
          E:\1.ClassicCataSlym\TrinityCoreCataClassic\src\server\scripts\Playerbots\Ai\Raid\TK\Util\TKHelpers.cpp(32,56):
          “bool std::operator >(const std::stack<_Ty,_Container> &,const std::stack<_Ty,_Container> &)”: 无法从“std::span<const uint8,16>”推导出“const std::stack<_Ty,_Container> &”的 模板 参数
      C:\Program Files\Microsoft Visual Studio\18\Insiders\VC\Tools\MSVC\14.51.36231\include\utility(568,5):
      或 "conditional<std::_Classify_category<unknown-type,unknown-type>&1!=0,void,conditional<std::_Classify_category<unknown-type,unknown-type>&2!=0,std::partial_ordering,conditional<std::_Classify_category<unknown-type,unknown-type>&4!=0,std::weak_ordering,std::strong_ordering>::type>::type>::type std::operator <=>(const std::pair<_Ty1,_Ty2> &,const std::pair<_Uty1,_Uty2> &)" [重写表达式 "0 > (x <=> y)"]
          E:\1.ClassicCataSlym\TrinityCoreCataClassic\src\server\scripts\Playerbots\Ai\Raid\TK\Util\TKHelpers.cpp(32,56):
          “conditional<std::_Classify_category<unknown-type,unknown-type>&1!=0,void,conditional<std::_Classify_category<unknown-type,unknown-type>&2!=0,std::partial_ordering,conditional<std::_Classify_category<unknown-type,unknown-type>&4!=0,std::weak_ordering,std::strong_ordering>::type>::type>::type std::operator <=>(const std::pair<_Ty1,_Ty2> &,const std::pair<_Uty1,_Uty2> &)”: 无法从“std::span<const uint8,16>”推导出“const std::pair<_Ty1,_Ty2> &”的 模板 参数
      C:\Program Files\Microsoft Visual Studio\18\Insiders\VC\Tools\MSVC\14.51.36231\include\xutility(2168,67):
      或 "unknown-type std::operator <=>(const std::reverse_iterator<_BidIt> &,const std::reverse_iterator<_BidIt2> &) noexcept(<expr>)" [重写表达式 "0 > (x <=> y)"]
          E:\1.ClassicCataSlym\TrinityCoreCataClassic\src\server\scripts\Playerbots\Ai\Raid\TK\Util\TKHelpers.cpp(32,56):
          “unknown-type std::operator <=>(const std::reverse_iterator<_BidIt> &,const std::reverse_iterator<_BidIt2> &) noexcept(<expr>)”: 无法从“std::span<const uint8,16>”推导出“const std::reverse_iterator<_BidIt> &”的 模板 参数
      C:\Program Files\Microsoft Visual Studio\18\Insiders\VC\Tools\MSVC\14.51.36231\include\xutility(4704,65):
      或 "unknown-type std::operator <=>(const std::move_iterator<_Iter> &,const std::move_iterator<_Iter2> &) noexcept(<expr>)" [重写表达式 "0 > (x <=> y)"]
          E:\1.ClassicCataSlym\TrinityCoreCataClassic\src\server\scripts\Playerbots\Ai\Raid\TK\Util\TKHelpers.cpp(32,56):
          “unknown-type std::operator <=>(const std::move_iterator<_Iter> &,const std::move_iterator<_Iter2> &) noexcept(<expr>)”: 无法从“std::span<const uint8,16>”推导出“const std::move_iterator<_Iter> &”的 模板 参数
      C:\Program Files\Microsoft Visual Studio\18\Insiders\VC\Tools\MSVC\14.51.36231\include\optional(785,61):
      或 "unknown-type std::operator <=>(const std::optional<_Ty> &,const std::optional<_Ty2> &) noexcept(<expr>)" [重写表达式 "0 > (x <=> y)"]
          E:\1.ClassicCataSlym\TrinityCoreCataClassic\src\server\scripts\Playerbots\Ai\Raid\TK\Util\TKHelpers.cpp(32,56):
          “unknown-type std::operator <=>(const std::optional<_Ty> &,const std::optional<_Ty2> &) noexcept(<expr>)”: 无法从“std::span<const uint8,16>”推导出“const std::optional<_Ty> &”的 模板 参数
      C:\Program Files\Microsoft Visual Studio\18\Insiders\VC\Tools\MSVC\14.51.36231\include\optional(804,38):
      或 "std::strong_ordering std::operator <=>(const std::optional<_Ty> &,std::nullopt_t) noexcept" [重写表达式 "0 > (x <=> y)"]
          E:\1.ClassicCataSlym\TrinityCoreCataClassic\src\server\scripts\Playerbots\Ai\Raid\TK\Util\TKHelpers.cpp(32,56):
          “std::strong_ordering std::operator <=>(const std::optional<_Ty> &,std::nullopt_t) noexcept”: 无法从“std::span<const uint8,16>”推导出“const std::optional<_Ty> &”的 模板 参数
      C:\Program Files\Microsoft Visual Studio\18\Insiders\VC\Tools\MSVC\14.51.36231\include\optional(1003,61):
      或 "unknown-type std::operator <=>(const std::optional<_Ty> &,const _Ty2 &) noexcept(<expr>)" [重写表达式 "0 > (x <=> y)"]
          E:\1.ClassicCataSlym\TrinityCoreCataClassic\src\server\scripts\Playerbots\Ai\Raid\TK\Util\TKHelpers.cpp(32,56):
          “unknown-type std::operator <=>(const std::optional<_Ty> &,const _Ty2 &) noexcept(<expr>)”: 无法从“std::span<const uint8,16>”推导出“const std::optional<_Ty> &”的 模板 参数
      C:\Program Files\Microsoft Visual Studio\18\Insiders\VC\Tools\MSVC\14.51.36231\include\tuple(1034,97):
      或 "conditional<std::_Classify_category<unknown-type...>&1!=0,void,conditional<std::_Classify_category<unknown-type...>&2!=0,std::partial_ordering,conditional<std::_Classify_category<unknown-type...>&4!=0,std::weak_ordering,std::strong_ordering>::type>::type>::type std::operator <=>(const std::tuple<_Types...> &,const std::tuple<_Types...> &)" [重写表达式 "0 > (x <=> y)"]
          E:\1.ClassicCataSlym\TrinityCoreCataClassic\src\server\scripts\Playerbots\Ai\Raid\TK\Util\TKHelpers.cpp(32,56):
          “conditional<std::_Classify_category<unknown-type...>&1!=0,void,conditional<std::_Classify_category<unknown-type...>&2!=0,std::partial_ordering,conditional<std::_Classify_category<unknown-type...>&4!=0,std::weak_ordering,std::strong_ordering>::type>::type>::type std::operator <=>(const std::tuple<_Types...> &,const std::tuple<_Types...> &)”: 无法从“std::span<const uint8,16>”推导出“const std::tuple<_Types...> &”的 模板 参数
      C:\Program Files\Microsoft Visual Studio\18\Insiders\VC\Tools\MSVC\14.51.36231\include\__msvc_string_view.hpp(1989,58):
      或 "_Get_comparison_category<_Traits>::type std::operator <=>(const std::basic_string_view<_Elem,_Traits>,const type_identity<std::basic_string_view<_Elem,_Traits>>::type) noexcept" [重写表达式 "0 > (x <=> y)"]
          E:\1.ClassicCataSlym\TrinityCoreCataClassic\src\server\scripts\Playerbots\Ai\Raid\TK\Util\TKHelpers.cpp(32,56):
          “_Get_comparison_category<_Traits>::type std::operator <=>(const std::basic_string_view<_Elem,_Traits>,const type_identity<std::basic_string_view<_Elem,_Traits>>::type) noexcept”: 无法从“std::span<const uint8,16>”推导出“const std::basic_string_view<_Elem,_Traits>”的 模板 参数
      C:\Program Files\Microsoft Visual Studio\18\Insiders\VC\Tools\MSVC\14.51.36231\include\xstring(3403,58):
      或 "_Get_comparison_category<_Traits>::type std::operator <=>(const std::basic_string<_Elem,_Traits,_Alloc> &,const std::basic_string<_Elem,_Traits,_Alloc> &) noexcept" [重写表达式 "0 > (x <=> y)"]
          E:\1.ClassicCataSlym\TrinityCoreCataClassic\src\server\scripts\Playerbots\Ai\Raid\TK\Util\TKHelpers.cpp(32,56):
          “_Get_comparison_category<_Traits>::type std::operator <=>(const std::basic_string<_Elem,_Traits,_Alloc> &,const std::basic_string<_Elem,_Traits,_Alloc> &) noexcept”: 无法从“std::span<const uint8,16>”推导出“const std::basic_string<_Elem,_Traits,_Alloc> &”的 模板 参数
      C:\Program Files\Microsoft Visual Studio\18\Insiders\VC\Tools\MSVC\14.51.36231\include\xstring(3409,58):
      或 "_Get_comparison_category<_Traits>::type std::operator <=>(const std::basic_string<_Elem,_Traits,_Alloc> &,const _Elem *const ) noexcept" [重写表达式 "0 > (x <=> y)"]
          E:\1.ClassicCataSlym\TrinityCoreCataClassic\src\server\scripts\Playerbots\Ai\Raid\TK\Util\TKHelpers.cpp(32,56):
          “_Get_comparison_category<_Traits>::type std::operator <=>(const std::basic_string<_Elem,_Traits,_Alloc> &,const _Elem *const ) noexcept”: 无法从“std::span<const uint8,16>”推导出“const std::basic_string<_Elem,_Traits,_Alloc> &”的 模板 参数
      C:\Program Files\Microsoft Visual Studio\18\Insiders\VC\Tools\MSVC\14.51.36231\include\variant(1381,90):
      或 "conditional<std::_Classify_category<unknown-type...>&1!=0,void,conditional<std::_Classify_category<unknown-type...>&2!=0,std::partial_ordering,conditional<std::_Classify_category<unknown-type...>&4!=0,std::weak_ordering,std::strong_ordering>::type>::type>::type std::operator <=>(const std::variant<_Types...> &,const std::variant<_Types...> &) noexcept(<expr>)" [重写表达式 "0 > (x <=> y)"]
          E:\1.ClassicCataSlym\TrinityCoreCataClassic\src\server\scripts\Playerbots\Ai\Raid\TK\Util\TKHelpers.cpp(32,56):
          “conditional<std::_Classify_category<unknown-type...>&1!=0,void,conditional<std::_Classify_category<unknown-type...>&2!=0,std::partial_ordering,conditional<std::_Classify_category<unknown-type...>&4!=0,std::weak_ordering,std::strong_ordering>::type>::type>::type std::operator <=>(const std::variant<_Types...> &,const std::variant<_Types...> &) noexcept(<expr>)”: 无法从“std::span<const uint8,16>”推导出“const std::variant<_Types...> &”的 模板 参数
      C:\Program Files\Microsoft Visual Studio\18\Insiders\VC\Tools\MSVC\14.51.36231\include\list(1897,41):
      或 "unknown-type std::operator <=>(const std::list<_Ty,_Alloc> &,const std::list<_Ty,_Alloc> &)" [重写表达式 "0 > (x <=> y)"]
          E:\1.ClassicCataSlym\TrinityCoreCataClassic\src\server\scripts\Playerbots\Ai\Raid\TK\Util\TKHelpers.cpp(32,56):
          “unknown-type std::operator <=>(const std::list<_Ty,_Alloc> &,const std::list<_Ty,_Alloc> &)”: 无法从“std::span<const uint8,16>”推导出“const std::list<_Ty,_Alloc> &”的 模板 参数
      C:\Program Files\Microsoft Visual Studio\18\Insiders\VC\Tools\MSVC\14.51.36231\include\vector(2338,51):
      或 "unknown-type std::operator <=>(const std::vector<_Ty,_Alloc> &,const std::vector<_Ty,_Alloc> &)" [重写表达式 "0 > (x <=> y)"]
          E:\1.ClassicCataSlym\TrinityCoreCataClassic\src\server\scripts\Playerbots\Ai\Raid\TK\Util\TKHelpers.cpp(32,56):
          “unknown-type std::operator <=>(const std::vector<_Ty,_Alloc> &,const std::vector<_Ty,_Alloc> &)”: 无法从“std::span<const uint8,16>”推导出“const std::vector<_Ty,_Alloc> &”的 模板 参数
      C:\Program Files\Microsoft Visual Studio\18\Insiders\VC\Tools\MSVC\14.51.36231\include\array(773,51):
      或 "unknown-type std::operator <=>(const std::array<_Ty,_Size> &,const std::array<_Ty,_Size> &)" [重写表达式 "0 > (x <=> y)"]
          E:\1.ClassicCataSlym\TrinityCoreCataClassic\src\server\scripts\Playerbots\Ai\Raid\TK\Util\TKHelpers.cpp(32,56):
          “unknown-type std::operator <=>(const std::array<_Ty,_Size> &,const std::array<_Ty,_Size> &)”: 无法从“std::span<const uint8,16>”推导出“const std::array<_Ty,_Size> &”的 模板 参数
      C:\Program Files\Microsoft Visual Studio\18\Insiders\VC\Tools\MSVC\14.51.36231\include\set(215,42):
      或 "unknown-type std::operator <=>(const std::set<_Kty,_Pr,_Alloc> &,const std::set<_Kty,_Pr,_Alloc> &)" [重写表达式 "0 > (x <=> y)"]
          E:\1.ClassicCataSlym\TrinityCoreCataClassic\src\server\scripts\Playerbots\Ai\Raid\TK\Util\TKHelpers.cpp(32,56):
          “unknown-type std::operator <=>(const std::set<_Kty,_Pr,_Alloc> &,const std::set<_Kty,_Pr,_Alloc> &)”: 无法从“std::span<const uint8,16>”推导出“const std::set<_Kty,_Pr,_Alloc> &”的 模板 参数
      C:\Program Files\Microsoft Visual Studio\18\Insiders\VC\Tools\MSVC\14.51.36231\include\set(429,42):
      或 "unknown-type std::operator <=>(const std::multiset<_Kty,_Pr,_Alloc> &,const std::multiset<_Kty,_Pr,_Alloc> &)" [重写表达式 "0 > (x <=> y)"]
          E:\1.ClassicCataSlym\TrinityCoreCataClassic\src\server\scripts\Playerbots\Ai\Raid\TK\Util\TKHelpers.cpp(32,56):
          “unknown-type std::operator <=>(const std::multiset<_Kty,_Pr,_Alloc> &,const std::multiset<_Kty,_Pr,_Alloc> &)”: 无法从“std::span<const uint8,16>”推导出“const std::multiset<_Kty,_Pr,_Alloc> &”的 模板 参数
      C:\Program Files\Microsoft Visual Studio\18\Insiders\VC\Tools\MSVC\14.51.36231\include\memory(1917,28):
      或 "std::strong_ordering std::operator <=>(const std::shared_ptr<_Ty> &,const std::shared_ptr<_Ty0> &) noexcept" [重写表达式 "0 > (x <=> y)"]
          E:\1.ClassicCataSlym\TrinityCoreCataClassic\src\server\scripts\Playerbots\Ai\Raid\TK\Util\TKHelpers.cpp(32,56):
          “std::strong_ordering std::operator <=>(const std::shared_ptr<_Ty> &,const std::shared_ptr<_Ty0> &) noexcept”: 无法从“std::span<const uint8,16>”推导出“const std::shared_ptr<_Ty> &”的 模板 参数
      C:\Program Files\Microsoft Visual Studio\18\Insiders\VC\Tools\MSVC\14.51.36231\include\memory(1954,28):
      或 "std::strong_ordering std::operator <=>(const std::shared_ptr<_Ty> &,std::nullptr_t) noexcept" [重写表达式 "0 > (x <=> y)"]
          E:\1.ClassicCataSlym\TrinityCoreCataClassic\src\server\scripts\Playerbots\Ai\Raid\TK\Util\TKHelpers.cpp(32,56):
          “std::strong_ordering std::operator <=>(const std::shared_ptr<_Ty> &,std::nullptr_t) noexcept”: 无法从“std::span<const uint8,16>”推导出“const std::shared_ptr<_Ty> &”的 模板 参数
      C:\Program Files\Microsoft Visual Studio\18\Insiders\VC\Tools\MSVC\14.51.36231\include\memory(3742,5):
      或 "unknown-type std::operator <=>(const std::unique_ptr<_Ty,_Dx> &,const std::unique_ptr<_Ty2,_Dx2> &)" [重写表达式 "0 > (x <=> y)"]
          E:\1.ClassicCataSlym\TrinityCoreCataClassic\src\server\scripts\Playerbots\Ai\Raid\TK\Util\TKHelpers.cpp(32,56):
          “unknown-type std::operator <=>(const std::unique_ptr<_Ty,_Dx> &,const std::unique_ptr<_Ty2,_Dx2> &)”: 无法从“std::span<const uint8,16>”推导出“const std::unique_ptr<_Ty,_Dx> &”的 模板 参数
      C:\Program Files\Microsoft Visual Studio\18\Insiders\VC\Tools\MSVC\14.51.36231\include\memory(3814,92):
      或 "unknown-type std::operator <=>(const std::unique_ptr<_Ty,_Dx> &,std::nullptr_t)" [重写表达式 "0 > (x <=> y)"]
          E:\1.ClassicCataSlym\TrinityCoreCataClassic\src\server\scripts\Playerbots\Ai\Raid\TK\Util\TKHelpers.cpp(32,56):
          “unknown-type std::operator <=>(const std::unique_ptr<_Ty,_Dx> &,std::nullptr_t)”: 无法从“std::span<const uint8,16>”推导出“const std::unique_ptr<_Ty,_Dx> &”的 模板 参数
      C:\Program Files\Microsoft Visual Studio\18\Insiders\VC\Tools\MSVC\14.51.36231\include\map(406,59):
      或 "unknown-type std::operator <=>(const std::map<_Kty,_Ty,_Pr,_Alloc> &,const std::map<_Kty,_Ty,_Pr,_Alloc> &)" [重写表达式 "0 > (x <=> y)"]
          E:\1.ClassicCataSlym\TrinityCoreCataClassic\src\server\scripts\Playerbots\Ai\Raid\TK\Util\TKHelpers.cpp(32,56):
          “unknown-type std::operator <=>(const std::map<_Kty,_Ty,_Pr,_Alloc> &,const std::map<_Kty,_Ty,_Pr,_Alloc> &)”: 无法从“std::span<const uint8,16>”推导出“const std::map<_Kty,_Ty,_Pr,_Alloc> &”的 模板 参数
      C:\Program Files\Microsoft Visual Studio\18\Insiders\VC\Tools\MSVC\14.51.36231\include\map(637,59):
      或 "unknown-type std::operator <=>(const std::multimap<_Kty,_Ty,_Pr,_Alloc> &,const std::multimap<_Kty,_Ty,_Pr,_Alloc> &)" [重写表达式 "0 > (x <=> y)"]
          E:\1.ClassicCataSlym\TrinityCoreCataClassic\src\server\scripts\Playerbots\Ai\Raid\TK\Util\TKHelpers.cpp(32,56):
          “unknown-type std::operator <=>(const std::multimap<_Kty,_Ty,_Pr,_Alloc> &,const std::multimap<_Kty,_Ty,_Pr,_Alloc> &)”: 无法从“std::span<const uint8,16>”推导出“const std::multimap<_Kty,_Ty,_Pr,_Alloc> &”的 模板 参数
      C:\Program Files\Microsoft Visual Studio\18\Insiders\VC\Tools\MSVC\14.51.36231\include\forward_list(1595,41):
      或 "unknown-type std::operator <=>(const std::forward_list<_Ty,_Alloc> &,const std::forward_list<_Ty,_Alloc> &)" [重写表达式 "0 > (x <=> y)"]
          E:\1.ClassicCataSlym\TrinityCoreCataClassic\src\server\scripts\Playerbots\Ai\Raid\TK\Util\TKHelpers.cpp(32,56):
          “unknown-type std::operator <=>(const std::forward_list<_Ty,_Alloc> &,const std::forward_list<_Ty,_Alloc> &)”: 无法从“std::span<const uint8,16>”推导出“const std::forward_list<_Ty,_Alloc> &”的 模板 参数
      C:\Program Files\Microsoft Visual Studio\18\Insiders\VC\Tools\MSVC\14.51.36231\include\deque(1801,41):
      或 "unknown-type std::operator <=>(const std::deque<_Ty,_Alloc> &,const std::deque<_Ty,_Alloc> &)" [重写表达式 "0 > (x <=> y)"]
          E:\1.ClassicCataSlym\TrinityCoreCataClassic\src\server\scripts\Playerbots\Ai\Raid\TK\Util\TKHelpers.cpp(32,56):
          “unknown-type std::operator <=>(const std::deque<_Ty,_Alloc> &,const std::deque<_Ty,_Alloc> &)”: 无法从“std::span<const uint8,16>”推导出“const std::deque<_Ty,_Alloc> &”的 模板 参数
      C:\Program Files\Microsoft Visual Studio\18\Insiders\VC\Tools\MSVC\14.51.36231\include\queue(214,51):
      或 "unknown-type std::operator <=>(const std::queue<_Ty,_Container> &,const std::queue<_Ty,_Container> &)" [重写表达式 "0 > (x <=> y)"]
          E:\1.ClassicCataSlym\TrinityCoreCataClassic\src\server\scripts\Playerbots\Ai\Raid\TK\Util\TKHelpers.cpp(32,56):
          “unknown-type std::operator <=>(const std::queue<_Ty,_Container> &,const std::queue<_Ty,_Container> &)”: 无法从“std::span<const uint8,16>”推导出“const std::queue<_Ty,_Container> &”的 模板 参数
      C:\Program Files\Microsoft Visual Studio\18\Insiders\VC\Tools\MSVC\14.51.36231\include\stack(200,51):
      或 "unknown-type std::operator <=>(const std::stack<_Ty,_Container> &,const std::stack<_Ty,_Container> &)" [重写表达式 "0 > (x <=> y)"]
          E:\1.ClassicCataSlym\TrinityCoreCataClassic\src\server\scripts\Playerbots\Ai\Raid\TK\Util\TKHelpers.cpp(32,56):
          “unknown-type std::operator <=>(const std::stack<_Ty,_Container> &,const std::stack<_Ty,_Container> &)”: 无法从“std::span<const uint8,16>”推导出“const std::stack<_Ty,_Container> &”的 模板 参数
      C:\Program Files\Microsoft Visual Studio\18\Insiders\VC\Tools\MSVC\14.51.36231\include\utility(568,5):
      或 "conditional<std::_Classify_category<unknown-type,unknown-type>&1!=0,void,conditional<std::_Classify_category<unknown-type,unknown-type>&2!=0,std::partial_ordering,conditional<std::_Classify_category<unknown-type,unknown-type>&4!=0,std::weak_ordering,std::strong_ordering>::type>::type>::type std::operator <=>(const std::pair<_Ty1,_Ty2> &,const std::pair<_Uty1,_Uty2> &)" [综合表达式 "(y <=> x) > 0"]
          E:\1.ClassicCataSlym\TrinityCoreCataClassic\src\server\scripts\Playerbots\Ai\Raid\TK\Util\TKHelpers.cpp(32,56):
          “conditional<std::_Classify_category<unknown-type,unknown-type>&1!=0,void,conditional<std::_Classify_category<unknown-type,unknown-type>&2!=0,std::partial_ordering,conditional<std::_Classify_category<unknown-type,unknown-type>&4!=0,std::weak_ordering,std::strong_ordering>::type>::type>::type std::operator <=>(const std::pair<_Ty1,_Ty2> &,const std::pair<_Uty1,_Uty2> &)”: 无法从“std::span<const uint8,16>”推导出“const std::pair<_Ty1,_Ty2> &”的 模板 参数
      C:\Program Files\Microsoft Visual Studio\18\Insiders\VC\Tools\MSVC\14.51.36231\include\xutility(2168,67):
      或 "unknown-type std::operator <=>(const std::reverse_iterator<_BidIt> &,const std::reverse_iterator<_BidIt2> &) noexcept(<expr>)" [综合表达式 "(y <=> x) > 0"]
          E:\1.ClassicCataSlym\TrinityCoreCataClassic\src\server\scripts\Playerbots\Ai\Raid\TK\Util\TKHelpers.cpp(32,56):
          “unknown-type std::operator <=>(const std::reverse_iterator<_BidIt> &,const std::reverse_iterator<_BidIt2> &) noexcept(<expr>)”: 无法从“std::span<const uint8,16>”推导出“const std::reverse_iterator<_BidIt> &”的 模板 参数
      C:\Program Files\Microsoft Visual Studio\18\Insiders\VC\Tools\MSVC\14.51.36231\include\xutility(4704,65):
      或 "unknown-type std::operator <=>(const std::move_iterator<_Iter> &,const std::move_iterator<_Iter2> &) noexcept(<expr>)" [综合表达式 "(y <=> x) > 0"]
          E:\1.ClassicCataSlym\TrinityCoreCataClassic\src\server\scripts\Playerbots\Ai\Raid\TK\Util\TKHelpers.cpp(32,56):
          “unknown-type std::operator <=>(const std::move_iterator<_Iter> &,const std::move_iterator<_Iter2> &) noexcept(<expr>)”: 无法从“std::span<const uint8,16>”推导出“const std::move_iterator<_Iter> &”的 模板 参数
      C:\Program Files\Microsoft Visual Studio\18\Insiders\VC\Tools\MSVC\14.51.36231\include\optional(785,61):
      或 "unknown-type std::operator <=>(const std::optional<_Ty> &,const std::optional<_Ty2> &) noexcept(<expr>)" [综合表达式 "(y <=> x) > 0"]
          E:\1.ClassicCataSlym\TrinityCoreCataClassic\src\server\scripts\Playerbots\Ai\Raid\TK\Util\TKHelpers.cpp(32,56):
          “unknown-type std::operator <=>(const std::optional<_Ty> &,const std::optional<_Ty2> &) noexcept(<expr>)”: 无法从“std::span<const uint8,16>”推导出“const std::optional<_Ty> &”的 模板 参数
      C:\Program Files\Microsoft Visual Studio\18\Insiders\VC\Tools\MSVC\14.51.36231\include\optional(804,38):
      或 "std::strong_ordering std::operator <=>(const std::optional<_Ty> &,std::nullopt_t) noexcept" [综合表达式 "(y <=> x) > 0"]
          E:\1.ClassicCataSlym\TrinityCoreCataClassic\src\server\scripts\Playerbots\Ai\Raid\TK\Util\TKHelpers.cpp(32,56):
          “std::strong_ordering std::operator <=>(const std::optional<_Ty> &,std::nullopt_t) noexcept”: 无法从“std::span<const uint8,16>”推导出“const std::optional<_Ty> &”的 模板 参数
      C:\Program Files\Microsoft Visual Studio\18\Insiders\VC\Tools\MSVC\14.51.36231\include\optional(1003,61):
      或 "unknown-type std::operator <=>(const std::optional<_Ty> &,const _Ty2 &) noexcept(<expr>)" [综合表达式 "(y <=> x) > 0"]
          E:\1.ClassicCataSlym\TrinityCoreCataClassic\src\server\scripts\Playerbots\Ai\Raid\TK\Util\TKHelpers.cpp(32,56):
          “unknown-type std::operator <=>(const std::optional<_Ty> &,const _Ty2 &) noexcept(<expr>)”: 无法从“std::span<const uint8,16>”推导出“const std::optional<_Ty> &”的 模板 参数
      C:\Program Files\Microsoft Visual Studio\18\Insiders\VC\Tools\MSVC\14.51.36231\include\tuple(1034,97):
      或 "conditional<std::_Classify_category<unknown-type...>&1!=0,void,conditional<std::_Classify_category<unknown-type...>&2!=0,std::partial_ordering,conditional<std::_Classify_category<unknown-type...>&4!=0,std::weak_ordering,std::strong_ordering>::type>::type>::type std::operator <=>(const std::tuple<_Types...> &,const std::tuple<_Types...> &)" [综合表达式 "(y <=> x) > 0"]
          E:\1.ClassicCataSlym\TrinityCoreCataClassic\src\server\scripts\Playerbots\Ai\Raid\TK\Util\TKHelpers.cpp(32,56):
          “conditional<std::_Classify_category<unknown-type...>&1!=0,void,conditional<std::_Classify_category<unknown-type...>&2!=0,std::partial_ordering,conditional<std::_Classify_category<unknown-type...>&4!=0,std::weak_ordering,std::strong_ordering>::type>::type>::type std::operator <=>(const std::tuple<_Types...> &,const std::tuple<_Types...> &)”: 无法从“std::span<const uint8,16>”推导出“const std::tuple<_Types...> &”的 模板 参数
      C:\Program Files\Microsoft Visual Studio\18\Insiders\VC\Tools\MSVC\14.51.36231\include\__msvc_string_view.hpp(1989,58):
      或 "_Get_comparison_category<_Traits>::type std::operator <=>(const std::basic_string_view<_Elem,_Traits>,const type_identity<std::basic_string_view<_Elem,_Traits>>::type) noexcept" [综合表达式 "(y <=> x) > 0"]
          E:\1.ClassicCataSlym\TrinityCoreCataClassic\src\server\scripts\Playerbots\Ai\Raid\TK\Util\TKHelpers.cpp(32,56):
          “_Get_comparison_category<_Traits>::type std::operator <=>(const std::basic_string_view<_Elem,_Traits>,const type_identity<std::basic_string_view<_Elem,_Traits>>::type) noexcept”: 无法从“std::span<const uint8,16>”推导出“const std::basic_string_view<_Elem,_Traits>”的 模板 参数
      C:\Program Files\Microsoft Visual Studio\18\Insiders\VC\Tools\MSVC\14.51.36231\include\xstring(3403,58):
      或 "_Get_comparison_category<_Traits>::type std::operator <=>(const std::basic_string<_Elem,_Traits,_Alloc> &,const std::basic_string<_Elem,_Traits,_Alloc> &) noexcept" [综合表达式 "(y <=> x) > 0"]
          E:\1.ClassicCataSlym\TrinityCoreCataClassic\src\server\scripts\Playerbots\Ai\Raid\TK\Util\TKHelpers.cpp(32,56):
          “_Get_comparison_category<_Traits>::type std::operator <=>(const std::basic_string<_Elem,_Traits,_Alloc> &,const std::basic_string<_Elem,_Traits,_Alloc> &) noexcept”: 无法从“std::span<const uint8,16>”推导出“const std::basic_string<_Elem,_Traits,_Alloc> &”的 模板 参数
      C:\Program Files\Microsoft Visual Studio\18\Insiders\VC\Tools\MSVC\14.51.36231\include\xstring(3409,58):
      或 "_Get_comparison_category<_Traits>::type std::operator <=>(const std::basic_string<_Elem,_Traits,_Alloc> &,const _Elem *const ) noexcept" [综合表达式 "(y <=> x) > 0"]
          E:\1.ClassicCataSlym\TrinityCoreCataClassic\src\server\scripts\Playerbots\Ai\Raid\TK\Util\TKHelpers.cpp(32,56):
          “_Get_comparison_category<_Traits>::type std::operator <=>(const std::basic_string<_Elem,_Traits,_Alloc> &,const _Elem *const ) noexcept”: 无法从“std::span<const uint8,16>”推导出“const std::basic_string<_Elem,_Traits,_Alloc> &”的 模板 参数
      C:\Program Files\Microsoft Visual Studio\18\Insiders\VC\Tools\MSVC\14.51.36231\include\variant(1381,90):
      或 "conditional<std::_Classify_category<unknown-type...>&1!=0,void,conditional<std::_Classify_category<unknown-type...>&2!=0,std::partial_ordering,conditional<std::_Classify_category<unknown-type...>&4!=0,std::weak_ordering,std::strong_ordering>::type>::type>::type std::operator <=>(const std::variant<_Types...> &,const std::variant<_Types...> &) noexcept(<expr>)" [综合表达式 "(y <=> x) > 0"]
          E:\1.ClassicCataSlym\TrinityCoreCataClassic\src\server\scripts\Playerbots\Ai\Raid\TK\Util\TKHelpers.cpp(32,56):
          “conditional<std::_Classify_category<unknown-type...>&1!=0,void,conditional<std::_Classify_category<unknown-type...>&2!=0,std::partial_ordering,conditional<std::_Classify_category<unknown-type...>&4!=0,std::weak_ordering,std::strong_ordering>::type>::type>::type std::operator <=>(const std::variant<_Types...> &,const std::variant<_Types...> &) noexcept(<expr>)”: 无法从“std::span<const uint8,16>”推导出“const std::variant<_Types...> &”的 模板 参数
      C:\Program Files\Microsoft Visual Studio\18\Insiders\VC\Tools\MSVC\14.51.36231\include\list(1897,41):
      或 "unknown-type std::operator <=>(const std::list<_Ty,_Alloc> &,const std::list<_Ty,_Alloc> &)" [综合表达式 "(y <=> x) > 0"]
          E:\1.ClassicCataSlym\TrinityCoreCataClassic\src\server\scripts\Playerbots\Ai\Raid\TK\Util\TKHelpers.cpp(32,56):
          “unknown-type std::operator <=>(const std::list<_Ty,_Alloc> &,const std::list<_Ty,_Alloc> &)”: 无法从“std::span<const uint8,16>”推导出“const std::list<_Ty,_Alloc> &”的 模板 参数
      C:\Program Files\Microsoft Visual Studio\18\Insiders\VC\Tools\MSVC\14.51.36231\include\vector(2338,51):
      或 "unknown-type std::operator <=>(const std::vector<_Ty,_Alloc> &,const std::vector<_Ty,_Alloc> &)" [综合表达式 "(y <=> x) > 0"]
          E:\1.ClassicCataSlym\TrinityCoreCataClassic\src\server\scripts\Playerbots\Ai\Raid\TK\Util\TKHelpers.cpp(32,56):
          “unknown-type std::operator <=>(const std::vector<_Ty,_Alloc> &,const std::vector<_Ty,_Alloc> &)”: 无法从“std::span<const uint8,16>”推导出“const std::vector<_Ty,_Alloc> &”的 模板 参数
      C:\Program Files\Microsoft Visual Studio\18\Insiders\VC\Tools\MSVC\14.51.36231\include\array(773,51):
      或 "unknown-type std::operator <=>(const std::array<_Ty,_Size> &,const std::array<_Ty,_Size> &)" [综合表达式 "(y <=> x) > 0"]
          E:\1.ClassicCataSlym\TrinityCoreCataClassic\src\server\scripts\Playerbots\Ai\Raid\TK\Util\TKHelpers.cpp(32,56):
          “unknown-type std::operator <=>(const std::array<_Ty,_Size> &,const std::array<_Ty,_Size> &)”: 无法从“std::span<const uint8,16>”推导出“const std::array<_Ty,_Size> &”的 模板 参数
      C:\Program Files\Microsoft Visual Studio\18\Insiders\VC\Tools\MSVC\14.51.36231\include\set(215,42):
      或 "unknown-type std::operator <=>(const std::set<_Kty,_Pr,_Alloc> &,const std::set<_Kty,_Pr,_Alloc> &)" [综合表达式 "(y <=> x) > 0"]
          E:\1.ClassicCataSlym\TrinityCoreCataClassic\src\server\scripts\Playerbots\Ai\Raid\TK\Util\TKHelpers.cpp(32,56):
          “unknown-type std::operator <=>(const std::set<_Kty,_Pr,_Alloc> &,const std::set<_Kty,_Pr,_Alloc> &)”: 无法从“std::span<const uint8,16>”推导出“const std::set<_Kty,_Pr,_Alloc> &”的 模板 参数
      C:\Program Files\Microsoft Visual Studio\18\Insiders\VC\Tools\MSVC\14.51.36231\include\set(429,42):
      或 "unknown-type std::operator <=>(const std::multiset<_Kty,_Pr,_Alloc> &,const std::multiset<_Kty,_Pr,_Alloc> &)" [综合表达式 "(y <=> x) > 0"]
          E:\1.ClassicCataSlym\TrinityCoreCataClassic\src\server\scripts\Playerbots\Ai\Raid\TK\Util\TKHelpers.cpp(32,56):
          “unknown-type std::operator <=>(const std::multiset<_Kty,_Pr,_Alloc> &,const std::multiset<_Kty,_Pr,_Alloc> &)”: 无法从“std::span<const uint8,16>”推导出“const std::multiset<_Kty,_Pr,_Alloc> &”的 模板 参数
      C:\Program Files\Microsoft Visual Studio\18\Insiders\VC\Tools\MSVC\14.51.36231\include\memory(1917,28):
      或 "std::strong_ordering std::operator <=>(const std::shared_ptr<_Ty> &,const std::shared_ptr<_Ty0> &) noexcept" [综合表达式 "(y <=> x) > 0"]
          E:\1.ClassicCataSlym\TrinityCoreCataClassic\src\server\scripts\Playerbots\Ai\Raid\TK\Util\TKHelpers.cpp(32,56):
          “std::strong_ordering std::operator <=>(const std::shared_ptr<_Ty> &,const std::shared_ptr<_Ty0> &) noexcept”: 无法从“std::span<const uint8,16>”推导出“const std::shared_ptr<_Ty> &”的 模板 参数
      C:\Program Files\Microsoft Visual Studio\18\Insiders\VC\Tools\MSVC\14.51.36231\include\memory(1954,28):
      或 "std::strong_ordering std::operator <=>(const std::shared_ptr<_Ty> &,std::nullptr_t) noexcept" [综合表达式 "(y <=> x) > 0"]
          E:\1.ClassicCataSlym\TrinityCoreCataClassic\src\server\scripts\Playerbots\Ai\Raid\TK\Util\TKHelpers.cpp(32,56):
          “std::strong_ordering std::operator <=>(const std::shared_ptr<_Ty> &,std::nullptr_t) noexcept”: 无法从“std::span<const uint8,16>”推导出“const std::shared_ptr<_Ty> &”的 模板 参数
      C:\Program Files\Microsoft Visual Studio\18\Insiders\VC\Tools\MSVC\14.51.36231\include\memory(3742,5):
      或 "unknown-type std::operator <=>(const std::unique_ptr<_Ty,_Dx> &,const std::unique_ptr<_Ty2,_Dx2> &)" [综合表达式 "(y <=> x) > 0"]
          E:\1.ClassicCataSlym\TrinityCoreCataClassic\src\server\scripts\Playerbots\Ai\Raid\TK\Util\TKHelpers.cpp(32,56):
          “unknown-type std::operator <=>(const std::unique_ptr<_Ty,_Dx> &,const std::unique_ptr<_Ty2,_Dx2> &)”: 无法从“std::span<const uint8,16>”推导出“const std::unique_ptr<_Ty,_Dx> &”的 模板 参数
      C:\Program Files\Microsoft Visual Studio\18\Insiders\VC\Tools\MSVC\14.51.36231\include\memory(3814,92):
      或 "unknown-type std::operator <=>(const std::unique_ptr<_Ty,_Dx> &,std::nullptr_t)" [综合表达式 "(y <=> x) > 0"]
          E:\1.ClassicCataSlym\TrinityCoreCataClassic\src\server\scripts\Playerbots\Ai\Raid\TK\Util\TKHelpers.cpp(32,56):
          “unknown-type std::operator <=>(const std::unique_ptr<_Ty,_Dx> &,std::nullptr_t)”: 无法从“std::span<const uint8,16>”推导出“const std::unique_ptr<_Ty,_Dx> &”的 模板 参数
      C:\Program Files\Microsoft Visual Studio\18\Insiders\VC\Tools\MSVC\14.51.36231\include\map(406,59):
      或 "unknown-type std::operator <=>(const std::map<_Kty,_Ty,_Pr,_Alloc> &,const std::map<_Kty,_Ty,_Pr,_Alloc> &)" [综合表达式 "(y <=> x) > 0"]
          E:\1.ClassicCataSlym\TrinityCoreCataClassic\src\server\scripts\Playerbots\Ai\Raid\TK\Util\TKHelpers.cpp(32,56):
          “unknown-type std::operator <=>(const std::map<_Kty,_Ty,_Pr,_Alloc> &,const std::map<_Kty,_Ty,_Pr,_Alloc> &)”: 无法从“std::span<const uint8,16>”推导出“const std::map<_Kty,_Ty,_Pr,_Alloc> &”的 模板 参数
      C:\Program Files\Microsoft Visual Studio\18\Insiders\VC\Tools\MSVC\14.51.36231\include\map(637,59):
      或 "unknown-type std::operator <=>(const std::multimap<_Kty,_Ty,_Pr,_Alloc> &,const std::multimap<_Kty,_Ty,_Pr,_Alloc> &)" [综合表达式 "(y <=> x) > 0"]
          E:\1.ClassicCataSlym\TrinityCoreCataClassic\src\server\scripts\Playerbots\Ai\Raid\TK\Util\TKHelpers.cpp(32,56):
          “unknown-type std::operator <=>(const std::multimap<_Kty,_Ty,_Pr,_Alloc> &,const std::multimap<_Kty,_Ty,_Pr,_Alloc> &)”: 无法从“std::span<const uint8,16>”推导出“const std::multimap<_Kty,_Ty,_Pr,_Alloc> &”的 模板 参数
      C:\Program Files\Microsoft Visual Studio\18\Insiders\VC\Tools\MSVC\14.51.36231\include\forward_list(1595,41):
      或 "unknown-type std::operator <=>(const std::forward_list<_Ty,_Alloc> &,const std::forward_list<_Ty,_Alloc> &)" [综合表达式 "(y <=> x) > 0"]
          E:\1.ClassicCataSlym\TrinityCoreCataClassic\src\server\scripts\Playerbots\Ai\Raid\TK\Util\TKHelpers.cpp(32,56):
          “unknown-type std::operator <=>(const std::forward_list<_Ty,_Alloc> &,const std::forward_list<_Ty,_Alloc> &)”: 无法从“std::span<const uint8,16>”推导出“const std::forward_list<_Ty,_Alloc> &”的 模板 参数
      C:\Program Files\Microsoft Visual Studio\18\Insiders\VC\Tools\MSVC\14.51.36231\include\deque(1801,41):
      或 "unknown-type std::operator <=>(const std::deque<_Ty,_Alloc> &,const std::deque<_Ty,_Alloc> &)" [综合表达式 "(y <=> x) > 0"]
          E:\1.ClassicCataSlym\TrinityCoreCataClassic\src\server\scripts\Playerbots\Ai\Raid\TK\Util\TKHelpers.cpp(32,56):
          “unknown-type std::operator <=>(const std::deque<_Ty,_Alloc> &,const std::deque<_Ty,_Alloc> &)”: 无法从“std::span<const uint8,16>”推导出“const std::deque<_Ty,_Alloc> &”的 模板 参数
      C:\Program Files\Microsoft Visual Studio\18\Insiders\VC\Tools\MSVC\14.51.36231\include\queue(214,51):
      或 "unknown-type std::operator <=>(const std::queue<_Ty,_Container> &,const std::queue<_Ty,_Container> &)" [综合表达式 "(y <=> x) > 0"]
          E:\1.ClassicCataSlym\TrinityCoreCataClassic\src\server\scripts\Playerbots\Ai\Raid\TK\Util\TKHelpers.cpp(32,56):
          “unknown-type std::operator <=>(const std::queue<_Ty,_Container> &,const std::queue<_Ty,_Container> &)”: 无法从“std::span<const uint8,16>”推导出“const std::queue<_Ty,_Container> &”的 模板 参数
      C:\Program Files\Microsoft Visual Studio\18\Insiders\VC\Tools\MSVC\14.51.36231\include\stack(200,51):
      或 "unknown-type std::operator <=>(const std::stack<_Ty,_Container> &,const std::stack<_Ty,_Container> &)" [综合表达式 "(y <=> x) > 0"]
          E:\1.ClassicCataSlym\TrinityCoreCataClassic\src\server\scripts\Playerbots\Ai\Raid\TK\Util\TKHelpers.cpp(32,56):
          “unknown-type std::operator <=>(const std::stack<_Ty,_Container> &,const std::stack<_Ty,_Container> &)”: 无法从“std::span<const uint8,16>”推导出“const std::stack<_Ty,_Container> &”的 模板 参数
      E:\1.ClassicCataSlym\TrinityCoreCataClassic\src\server\scripts\Playerbots\Ai\Raid\TK\Util\TKHelpers.cpp(32,56):
      尝试匹配参数列表“(std::span<const uint8,16>, std::span<const uint8,16>)”时
  
  NewRpgInfo.cpp
  NewRpgAction.cpp
  NewRpgBaseAction.cpp
  NewRpgOutdoorPvP.cpp
  RpgAction.cpp
  RpgSubActions.cpp
  NewRpgStrategy.cpp
  RpgStrategy.cpp
  NewRpgTrigger.cpp
  ForceRebuff.cpp
  PlayerbotAI.cpp
  PlayerbotMgr.cpp
  RandomBotLevelMgr.cpp
  RandomPlayerbotMgr.cpp
E:\1.ClassicCataSlym\TrinityCoreCataClassic\src\server\scripts\Playerbots\Ai\World\Rpg\Action\NewRpgAction.cpp(568,32): error C2039: "map_id": 不是 "TaxiNodesEntry" 的成员 [E:\1.ClassicCataSlym\CataslymBuild\src\server\scripts\scripts.vcxproj]
  (编译源文件“../../../../TrinityCoreCataClassic/src/server/scripts/Playerbots/Ai/World/Rpg/Action/NewRpgAction.cpp”)
      E:\1.ClassicCataSlym\TrinityCoreCataClassic\src\server\game\DataStores\DB2Structure.h(3731,8):
      参见“TaxiNodesEntry”的声明
  
E:\1.ClassicCataSlym\TrinityCoreCataClassic\src\server\scripts\Playerbots\Ai\World\Rpg\Action\NewRpgAction.cpp(577,5): error C2039: "map_id": 不是 "TaxiNodesEntry" 的成员 [E:\1.ClassicCataSlym\CataslymBuild\src\server\scripts\scripts.vcxproj]
  (编译源文件“../../../../TrinityCoreCataClassic/src/server/scripts/Playerbots/Ai/World/Rpg/Action/NewRpgAction.cpp”)
      E:\1.ClassicCataSlym\TrinityCoreCataClassic\src\server\game\DataStores\DB2Structure.h(3731,8):
      参见“TaxiNodesEntry”的声明
  
E:\1.ClassicCataSlym\TrinityCoreCataClassic\src\server\scripts\Playerbots\Ai\World\Rpg\Action\NewRpgAction.cpp(591,31): error C2039: "map_id": 不是 "TaxiNodesEntry" 的成员 [E:\1.ClassicCataSlym\CataslymBuild\src\server\scripts\scripts.vcxproj]
  (编译源文件“../../../../TrinityCoreCataClassic/src/server/scripts/Playerbots/Ai/World/Rpg/Action/NewRpgAction.cpp”)
      E:\1.ClassicCataSlym\TrinityCoreCataClassic\src\server\game\DataStores\DB2Structure.h(3731,8):
      参见“TaxiNodesEntry”的声明
  
E:\1.ClassicCataSlym\TrinityCoreCataClassic\src\server\scripts\Playerbots\Ai\World\Rpg\Action\NewRpgAction.cpp(591,47): error C2039: "x": 不是 "TaxiPathNodeEntry" 的成员 [E:\1.ClassicCataSlym\CataslymBuild\src\server\scripts\scripts.vcxproj]
  (编译源文件“../../../../TrinityCoreCataClassic/src/server/scripts/Playerbots/Ai/World/Rpg/Action/NewRpgAction.cpp”)
      E:\1.ClassicCataSlym\TrinityCoreCataClassic\src\server\game\DataStores\DB2Structure.h(3781,8):
      参见“TaxiPathNodeEntry”的声明
  
E:\1.ClassicCataSlym\TrinityCoreCataClassic\src\server\scripts\Playerbots\Ai\World\Rpg\Action\NewRpgAction.cpp(591,58): error C2039: "y": 不是 "TaxiPathNodeEntry" 的成员 [E:\1.ClassicCataSlym\CataslymBuild\src\server\scripts\scripts.vcxproj]
  (编译源文件“../../../../TrinityCoreCataClassic/src/server/scripts/Playerbots/Ai/World/Rpg/Action/NewRpgAction.cpp”)
      E:\1.ClassicCataSlym\TrinityCoreCataClassic\src\server\game\DataStores\DB2Structure.h(3781,8):
      参见“TaxiPathNodeEntry”的声明
  
E:\1.ClassicCataSlym\TrinityCoreCataClassic\src\server\scripts\Playerbots\Ai\World\Rpg\Action\NewRpgAction.cpp(591,69): error C2039: "z": 不是 "TaxiPathNodeEntry" 的成员 [E:\1.ClassicCataSlym\CataslymBuild\src\server\scripts\scripts.vcxproj]
  (编译源文件“../../../../TrinityCoreCataClassic/src/server/scripts/Playerbots/Ai/World/Rpg/Action/NewRpgAction.cpp”)
      E:\1.ClassicCataSlym\TrinityCoreCataClassic\src\server\game\DataStores\DB2Structure.h(3781,8):
      参见“TaxiPathNodeEntry”的声明
  
E:\1.ClassicCataSlym\TrinityCoreCataClassic\src\server\scripts\Playerbots\Ai\World\Rpg\Action\NewRpgAction.cpp(577,5): error C7595: “fmt::v12::fstring<const std::string &,uint32 &>::fstring”: 对即时函数的调用不是常量表达式 [E:\1.ClassicCataSlym\CataslymBuild\src\server\scripts\scripts.vcxproj]
  (编译源文件“../../../../TrinityCoreCataClassic/src/server/scripts/Playerbots/Ai/World/Rpg/Action/NewRpgAction.cpp”)
      E:\1.ClassicCataSlym\TrinityCoreCataClassic\dep\fmt\include\fmt\base.h(2465,48):
      对未定义的函数或为未声明为“constexpr”的函数的调用导致了故障
      E:\1.ClassicCataSlym\TrinityCoreCataClassic\dep\fmt\include\fmt\base.h(2465,48):
      请参见“fmt::v12::report_error”的用法
      E:\1.ClassicCataSlym\TrinityCoreCataClassic\src\server\scripts\Playerbots\Ai\World\Rpg\Action\NewRpgAction.cpp(577,5):
      计算的调用堆栈(最旧的调用优先)是
          E:\1.ClassicCataSlym\TrinityCoreCataClassic\src\server\scripts\Playerbots\Ai\World\Rpg\Action\NewRpgAction.cpp(577,5):
          在计算函数 "fmt::v12::fstring<const std::string &,uint32 &>::fstring<Trinity::FormatStringView,0>(const S &)”时
          with
          [
              S=Trinity::FormatStringView
          ]
          E:\1.ClassicCataSlym\TrinityCoreCataClassic\dep\fmt\include\fmt\base.h(2767,40):
          在计算函数 "void fmt::v12::detail::parse_format_string<char,fmt::v12::detail::format_string_checker<char,2,0,false>>(fmt::v12::basic_string_view<char>,Handler &&)”时
          with
          [
              Handler=fmt::v12::detail::format_string_checker<char,2,0,false>
          ]
          E:\1.ClassicCataSlym\TrinityCoreCataClassic\dep\fmt\include\fmt\base.h(1660,42):
          在计算函数 "const Char *fmt::v12::detail::parse_replacement_field<Char,Handler&>(const Char *,const Char *,fmt::v12::detail::format_string_checker<Char,2,0,false>&)”时
          with
          [
              Char=char,
              Handler=fmt::v12::detail::format_string_checker<char,2,0,false>
          ]
          E:\1.ClassicCataSlym\TrinityCoreCataClassic\dep\fmt\include\fmt\base.h(1617,51):
          在计算函数 "int fmt::v12::detail::format_string_checker<char,2,0,false>::on_arg_id(void)”时
          E:\1.ClassicCataSlym\TrinityCoreCataClassic\dep\fmt\include\fmt\base.h(1727,70):
          在计算函数 "int fmt::v12::detail::compile_parse_context<Char>::next_arg_id(void)”时
          with
          [
              Char=char
          ]
          E:\1.ClassicCataSlym\TrinityCoreCataClassic\dep\fmt\include\fmt\base.h(1266,31):
          在计算函数 "int fmt::v12::parse_context<char>::next_arg_id(void)”时
          E:\1.ClassicCataSlym\TrinityCoreCataClassic\dep\fmt\include\fmt\base.h(893,20):
          在计算函数 "void fmt::v12::parse_context<char>::do_check_arg_id(int)”时
          E:\1.ClassicCataSlym\TrinityCoreCataClassic\dep\fmt\include\fmt\base.h(2465,48):
          在计算函数 "void fmt::v12::report_error(const char *)”时
  
E:\1.ClassicCataSlym\TrinityCoreCataClassic\src\server\scripts\Playerbots\Ai\World\Rpg\Action\NewRpgBaseAction.cpp(274,18): error C2660: “Map::IsInWater”: 函数不接受 6 个参数 [E:\1.ClassicCataSlym\CataslymBuild\src\server\scripts\scripts.vcxproj]
  (编译源文件“../../../../TrinityCoreCataClassic/src/server/scripts/Playerbots/Ai/World/Rpg/Action/NewRpgBaseAction.cpp”)
      E:\1.ClassicCataSlym\TrinityCoreCataClassic\src\server\game\Maps\Map.h(332,14):
      参见“Map::IsInWater”的声明
      E:\1.ClassicCataSlym\TrinityCoreCataClassic\src\server\scripts\Playerbots\Ai\World\Rpg\Action\NewRpgBaseAction.cpp(274,18):
      尝试匹配参数列表“(PhaseShift, float, float, float, nullptr, float)”时
  
E:\1.ClassicCataSlym\TrinityCoreCataClassic\src\server\scripts\Playerbots\Ai\World\Rpg\Action\NewRpgBaseAction.cpp(600,16): error C2039: "GetType": 不是 "Quest" 的成员 [E:\1.ClassicCataSlym\CataslymBuild\src\server\scripts\scripts.vcxproj]
  (编译源文件“../../../../TrinityCoreCataClassic/src/server/scripts/Playerbots/Ai/World/Rpg/Action/NewRpgBaseAction.cpp”)
      E:\1.ClassicCataSlym\TrinityCoreCataClassic\src\server\game\Quests\QuestDef.h(541,19):
      参见“Quest”的声明
  
E:\1.ClassicCataSlym\TrinityCoreCataClassic\src\server\scripts\Playerbots\Ai\World\Rpg\Action\NewRpgBaseAction.cpp(956,30): error C2039: "CreatureOrGOCount": 不是 "QuestStatusData" 的成员 [E:\1.ClassicCataSlym\CataslymBuild\src\server\scripts\scripts.vcxproj]
  (编译源文件“../../../../TrinityCoreCataClassic/src/server/scripts/Playerbots/Ai/World/Rpg/Action/NewRpgBaseAction.cpp”)
      E:\1.ClassicCataSlym\TrinityCoreCataClassic\src\server\game\Quests\QuestDef.h(856,8):
      参见“QuestStatusData”的声明
  
E:\1.ClassicCataSlym\TrinityCoreCataClassic\src\server\scripts\Playerbots\Ai\World\Rpg\Action\NewRpgOutdoorPvP.cpp(37,74): error C2039: "GetCapturePoints": 不是 "OutdoorPvP" 的成员 [E:\1.ClassicCataSlym\CataslymBuild\src\server\scripts\scripts.vcxproj]
  (编译源文件“../../../../TrinityCoreCataClassic/src/server/scripts/Playerbots/Ai/World/Rpg/Action/NewRpgOutdoorPvP.cpp”)
      E:\1.ClassicCataSlym\TrinityCoreCataClassic\src\server\game\OutdoorPvP\OutdoorPvP.h(127,19):
      参见“OutdoorPvP”的声明
  
E:\1.ClassicCataSlym\TrinityCoreCataClassic\src\server\scripts\Playerbots\Ai\World\Rpg\Action\NewRpgOutdoorPvP.cpp(37,60): error C2530: “capturePointMap”: 必须初始化引用 [E:\1.ClassicCataSlym\CataslymBuild\src\server\scripts\scripts.vcxproj]
  (编译源文件“../../../../TrinityCoreCataClassic/src/server/scripts/Playerbots/Ai/World/Rpg/Action/NewRpgOutdoorPvP.cpp”)
  
E:\1.ClassicCataSlym\TrinityCoreCataClassic\src\server\scripts\Playerbots\Ai\World\Rpg\Action\NewRpgOutdoorPvP.cpp(106,52): error C2039: "posX": 不是 "GameObjectData" 的成员 [E:\1.ClassicCataSlym\CataslymBuild\src\server\scripts\scripts.vcxproj]
  (编译源文件“../../../../TrinityCoreCataClassic/src/server/scripts/Playerbots/Ai/World/Rpg/Action/NewRpgOutdoorPvP.cpp”)
      E:\1.ClassicCataSlym\TrinityCoreCataClassic\src\server\game\Entities\GameObject\GameObjectData.h(1398,8):
      参见“GameObjectData”的声明
  
E:\1.ClassicCataSlym\TrinityCoreCataClassic\src\server\scripts\Playerbots\Ai\World\Rpg\Action\NewRpgOutdoorPvP.cpp(106,68): error C2039: "posY": 不是 "GameObjectData" 的成员 [E:\1.ClassicCataSlym\CataslymBuild\src\server\scripts\scripts.vcxproj]
  (编译源文件“../../../../TrinityCoreCataClassic/src/server/scripts/Playerbots/Ai/World/Rpg/Action/NewRpgOutdoorPvP.cpp”)
      E:\1.ClassicCataSlym\TrinityCoreCataClassic\src\server\game\Entities\GameObject\GameObjectData.h(1398,8):
      参见“GameObjectData”的声明
  
E:\1.ClassicCataSlym\TrinityCoreCataClassic\src\server\scripts\Playerbots\Ai\World\Rpg\Action\NewRpgOutdoorPvP.cpp(106,84): error C2039: "posZ": 不是 "GameObjectData" 的成员 [E:\1.ClassicCataSlym\CataslymBuild\src\server\scripts\scripts.vcxproj]
  (编译源文件“../../../../TrinityCoreCataClassic/src/server/scripts/Playerbots/Ai/World/Rpg/Action/NewRpgOutdoorPvP.cpp”)
      E:\1.ClassicCataSlym\TrinityCoreCataClassic\src\server\game\Entities\GameObject\GameObjectData.h(1398,8):
      参见“GameObjectData”的声明
  
E:\1.ClassicCataSlym\TrinityCoreCataClassic\src\server\scripts\Playerbots\Ai\World\Rpg\Action\NewRpgOutdoorPvP.cpp(106,100): error C2039: "orientation": 不是 "GameObjectData" 的成员 [E:\1.ClassicCataSlym\CataslymBuild\src\server\scripts\scripts.vcxproj]
  (编译源文件“../../../../TrinityCoreCataClassic/src/server/scripts/Playerbots/Ai/World/Rpg/Action/NewRpgOutdoorPvP.cpp”)
      E:\1.ClassicCataSlym\TrinityCoreCataClassic\src\server\game\Entities\GameObject\GameObjectData.h(1398,8):
      参见“GameObjectData”的声明
  
E:\1.ClassicCataSlym\TrinityCoreCataClassic\src\server\scripts\Playerbots\Ai\World\Rpg\Action\NewRpgOutdoorPvP.cpp(106,28): error C2665: “WorldPosition::WorldPosition”: 没有重载函数可以转换所有参数类型 [E:\1.ClassicCataSlym\CataslymBuild\src\server\scripts\scripts.vcxproj]
  (编译源文件“../../../../TrinityCoreCataClassic/src/server/scripts/Playerbots/Ai/World/Rpg/Action/NewRpgOutdoorPvP.cpp”)
      E:\1.ClassicCataSlym\TrinityCoreCataClassic\src\server\scripts\Playerbots\Mgr\Travel\TravelMgr.h(88,5):
      可能是“WorldPosition::WorldPosition(const WorldPosition &)”
          E:\1.ClassicCataSlym\TrinityCoreCataClassic\src\server\scripts\Playerbots\Ai\World\Rpg\Action\NewRpgOutdoorPvP.cpp(106,28):
          “WorldPosition::WorldPosition(const WorldPosition &)”: 无法将参数 1 从“const uint32”转换为“const WorldPosition &”
              E:\1.ClassicCataSlym\TrinityCoreCataClassic\src\server\scripts\Playerbots\Ai\World\Rpg\Action\NewRpgOutdoorPvP.cpp(106,35):
              原因如下: 无法从“const uint32”转换为“const WorldPosition”
      E:\1.ClassicCataSlym\TrinityCoreCataClassic\src\server\scripts\Playerbots\Mgr\Travel\TravelMgr.h(95,5):
      或    “WorldPosition::WorldPosition(const WorldObject *)”
          E:\1.ClassicCataSlym\TrinityCoreCataClassic\src\server\scripts\Playerbots\Ai\World\Rpg\Action\NewRpgOutdoorPvP.cpp(106,28):
          “WorldPosition::WorldPosition(const WorldObject *)”: 无法将参数 1 从“const uint32”转换为“const WorldObject *”
              E:\1.ClassicCataSlym\TrinityCoreCataClassic\src\server\scripts\Playerbots\Ai\World\Rpg\Action\NewRpgOutdoorPvP.cpp(106,35):
              从整型类型转换为指针类型需要 reinterpret_cast、C 样式转换或带圆括号的函数样式强制转换
      E:\1.ClassicCataSlym\TrinityCoreCataClassic\src\server\scripts\Playerbots\Mgr\Travel\TravelMgr.h(89,5):
      或    “WorldPosition::WorldPosition(const std::string)”
          E:\1.ClassicCataSlym\TrinityCoreCataClassic\src\server\scripts\Playerbots\Ai\World\Rpg\Action\NewRpgOutdoorPvP.cpp(106,28):
          “WorldPosition::WorldPosition(const std::string)”: 无法将参数 1 从“const uint32”转换为“const std::string”
              E:\1.ClassicCataSlym\TrinityCoreCataClassic\src\server\scripts\Playerbots\Ai\World\Rpg\Action\NewRpgOutdoorPvP.cpp(106,35):
              “std::basic_string<char,std::char_traits<char>,std::allocator<char>>::basic_string”: 没有重载函数可以转换所有参数类型
                  C:\Program Files\Microsoft Visual Studio\18\Insiders\VC\Tools\MSVC\14.51.36231\include\xstring(818,5):
                  可能是“std::basic_string<char,std::char_traits<char>,std::allocator<char>>::basic_string(const _Elem *const )”
          with
          [
              _Elem=char
          ]
                      E:\1.ClassicCataSlym\TrinityCoreCataClassic\src\server\scripts\Playerbots\Ai\World\Rpg\Action\NewRpgOutdoorPvP.cpp(106,35):
                      “std::basic_string<char,std::char_traits<char>,std::allocator<char>>::basic_string(const _Elem *const )”: 无法将参数 1 从“const uint32”转换为“const _Elem *const ”
          with
          [
              _Elem=char
          ]
                          E:\1.ClassicCataSlym\TrinityCoreCataClassic\src\server\scripts\Playerbots\Ai\World\Rpg\Action\NewRpgOutdoorPvP.cpp(106,35):
                          从整型类型转换为指针类型需要 reinterpret_cast、C 样式转换或带圆括号的函数样式强制转换
                  C:\Program Files\Microsoft Visual Studio\18\Insiders\VC\Tools\MSVC\14.51.36231\include\xstring(1390,5):
                  或    “std::basic_string<char,std::char_traits<char>,std::allocator<char>>::basic_string(std::initializer_list<_Elem>,const _Alloc &)”
          with
          [
              _Elem=char,
              _Alloc=std::allocator<char>
          ]
                      E:\1.ClassicCataSlym\TrinityCoreCataClassic\src\server\scripts\Playerbots\Ai\World\Rpg\Action\NewRpgOutdoorPvP.cpp(106,35):
                      “std::basic_string<char,std::char_traits<char>,std::allocator<char>>::basic_string(std::initializer_list<_Elem>,const _Alloc &)”: 无法将参数 1 从“const uint32”转换为“std::initializer_list<_Elem>”
          with
          [
              _Elem=char,
              _Alloc=std::allocator<char>
          ]
          and
          [
              _Elem=char
          ]
                          E:\1.ClassicCataSlym\TrinityCoreCataClassic\src\server\scripts\Playerbots\Ai\World\Rpg\Action\NewRpgOutdoorPvP.cpp(106,35):
                          转换要求第二个用户定义的转换运算符或构造函数
                  C:\Program Files\Microsoft Visual Studio\18\Insiders\VC\Tools\MSVC\14.51.36231\include\xstring(1207,5):
                  或    “std::basic_string<char,std::char_traits<char>,std::allocator<char>>::basic_string(const _Ty &,const unsigned __int64,const unsigned __int64,const _Alloc &)”
          with
          [
              _Alloc=std::allocator<char>
          ]
                  C:\Program Files\Microsoft Visual Studio\18\Insiders\VC\Tools\MSVC\14.51.36231\include\xstring(848,5):
                  或    “std::basic_string<char,std::char_traits<char>,std::allocator<char>>::basic_string(_Iter,_Iter,const _Alloc &)”
          with
          [
              _Alloc=std::allocator<char>
          ]
                  C:\Program Files\Microsoft Visual Studio\18\Insiders\VC\Tools\MSVC\14.51.36231\include\xstring(842,5):
                  或    “std::basic_string<char,std::char_traits<char>,std::allocator<char>>::basic_string(const unsigned __int64,const _Elem,const _Alloc &)”
          with
          [
              _Elem=char,
              _Alloc=std::allocator<char>
          ]
                  C:\Program Files\Microsoft Visual Studio\18\Insiders\VC\Tools\MSVC\14.51.36231\include\xstring(825,5):
                  或    “std::basic_string<char,std::char_traits<char>,std::allocator<char>>::basic_string(const _Elem *const ,const _Alloc &)”
          with
          [
              _Elem=char,
              _Alloc=std::allocator<char>
          ]
                  C:\Program Files\Microsoft Visual Studio\18\Insiders\VC\Tools\MSVC\14.51.36231\include\xstring(812,5):
                  或    “std::basic_string<char,std::char_traits<char>,std::allocator<char>>::basic_string(const _Elem *const ,const unsigned __int64,const _Alloc &)”
          with
          [
              _Elem=char,
              _Alloc=std::allocator<char>
          ]
                  E:\1.ClassicCataSlym\TrinityCoreCataClassic\src\server\scripts\Playerbots\Ai\World\Rpg\Action\NewRpgOutdoorPvP.cpp(106,35):
                  尝试匹配参数列表“(const uint32)”时
      E:\1.ClassicCataSlym\TrinityCoreCataClassic\src\server\scripts\Playerbots\Mgr\Travel\TravelMgr.h(87,5):
      或    “WorldPosition::WorldPosition(const WorldLocation &)”
          E:\1.ClassicCataSlym\TrinityCoreCataClassic\src\server\scripts\Playerbots\Ai\World\Rpg\Action\NewRpgOutdoorPvP.cpp(106,28):
          “WorldPosition::WorldPosition(const WorldLocation &)”: 无法将参数 1 从“const uint32”转换为“const WorldLocation &”
              E:\1.ClassicCataSlym\TrinityCoreCataClassic\src\server\scripts\Playerbots\Ai\World\Rpg\Action\NewRpgOutdoorPvP.cpp(106,35):
              原因如下: 无法从“const uint32”转换为“const WorldLocation”
              E:\1.ClassicCataSlym\TrinityCoreCataClassic\src\server\scripts\Playerbots\Ai\World\Rpg\Action\NewRpgOutdoorPvP.cpp(106,35):
              “WorldLocation::WorldLocation”: 没有重载函数可以转换所有参数类型
                  E:\1.ClassicCataSlym\TrinityCoreCataClassic\src\server\game\Entities\Object\Position.h(221,1):
                  可能是“WorldLocation::WorldLocation(WorldLocation &&)”
                      E:\1.ClassicCataSlym\TrinityCoreCataClassic\src\server\scripts\Playerbots\Ai\World\Rpg\Action\NewRpgOutdoorPvP.cpp(106,35):
                      “WorldLocation::WorldLocation(WorldLocation &&)”: 无法将参数 1 从“const uint32”转换为“WorldLocation &&”
                          E:\1.ClassicCataSlym\TrinityCoreCataClassic\src\server\scripts\Playerbots\Ai\World\Rpg\Action\NewRpgOutdoorPvP.cpp(106,35):
                          原因如下: 无法从“const uint32”转换为“WorldLocation”
                          E:\1.ClassicCataSlym\TrinityCoreCataClassic\src\server\scripts\Playerbots\Ai\World\Rpg\Action\NewRpgOutdoorPvP.cpp(106,35):
                          转换要求第二个用户定义的转换运算符或构造函数
                  E:\1.ClassicCataSlym\TrinityCoreCataClassic\src\server\game\Entities\Object\Position.h(221,1):
                  或    “WorldLocation::WorldLocation(const WorldLocation &)”
                      E:\1.ClassicCataSlym\TrinityCoreCataClassic\src\server\scripts\Playerbots\Ai\World\Rpg\Action\NewRpgOutdoorPvP.cpp(106,35):
                      “WorldLocation::WorldLocation(const WorldLocation &)”: 无法将参数 1 从“const uint32”转换为“const WorldLocation &”
                          E:\1.ClassicCataSlym\TrinityCoreCataClassic\src\server\scripts\Playerbots\Ai\World\Rpg\Action\NewRpgOutdoorPvP.cpp(106,35):
                          原因如下: 无法从“const uint32”转换为“const WorldLocation”
                          E:\1.ClassicCataSlym\TrinityCoreCataClassic\src\server\scripts\Playerbots\Ai\World\Rpg\Action\NewRpgOutdoorPvP.cpp(106,35):
                          转换要求第二个用户定义的转换运算符或构造函数
                  E:\1.ClassicCataSlym\TrinityCoreCataClassic\src\server\scripts\Playerbots\Ai\World\Rpg\Action\NewRpgOutdoorPvP.cpp(106,35):
                  尝试匹配参数列表“(const uint32)”时
      E:\1.ClassicCataSlym\TrinityCoreCataClassic\src\server\scripts\Playerbots\Ai\World\Rpg\Action\NewRpgOutdoorPvP.cpp(106,28):
      尝试匹配参数列表“(const uint32)”时
  
  ChatFilter.cpp
E:\1.ClassicCataSlym\TrinityCoreCataClassic\src\server\scripts\Playerbots\Ai\World\Rpg\Action\RpgSubActions.cpp(295,19): error C2039: "IsTrainerValidForPlayer": 不是 "Trainer::Trainer" 的成员 [E:\1.ClassicCataSlym\CataslymBuild\src\server\scripts\scripts.vcxproj]
  (编译源文件“../../../../TrinityCoreCataClassic/src/server/scripts/Playerbots/Ai/World/Rpg/Action/RpgSubActions.cpp”)
      E:\1.ClassicCataSlym\TrinityCoreCataClassic\src\server\game\Entities\Creature\Trainer.h(65,11):
      参见“Trainer::Trainer”的声明
  
E:\1.ClassicCataSlym\TrinityCoreCataClassic\src\server\scripts\Playerbots\Ai\World\Rpg\Action\RpgSubActions.cpp(302,33): error C2039: "GetSpells": 不是 "Trainer::Trainer" 的成员 [E:\1.ClassicCataSlym\CataslymBuild\src\server\scripts\scripts.vcxproj]
  (编译源文件“../../../../TrinityCoreCataClassic/src/server/scripts/Playerbots/Ai/World/Rpg/Action/RpgSubActions.cpp”)
      E:\1.ClassicCataSlym\TrinityCoreCataClassic\src\server\game\Entities\Creature\Trainer.h(65,11):
      参见“Trainer::Trainer”的声明
  
E:\1.ClassicCataSlym\TrinityCoreCataClassic\src\server\scripts\Playerbots\Ai\World\Rpg\Action\RpgSubActions.cpp(302,16): error C2530: “spell”: 必须初始化引用 [E:\1.ClassicCataSlym\CataslymBuild\src\server\scripts\scripts.vcxproj]
  (编译源文件“../../../../TrinityCoreCataClassic/src/server/scripts/Playerbots/Ai/World/Rpg/Action/RpgSubActions.cpp”)
  
E:\1.ClassicCataSlym\TrinityCoreCataClassic\src\server\scripts\Playerbots\Ai\World\Rpg\Action\RpgSubActions.cpp(302,16): error C3531: “spell”: 类型包含“auto”的符号必须具有初始值设定项 [E:\1.ClassicCataSlym\CataslymBuild\src\server\scripts\scripts.vcxproj]
  (编译源文件“../../../../TrinityCoreCataClassic/src/server/scripts/Playerbots/Ai/World/Rpg/Action/RpgSubActions.cpp”)
  
E:\1.ClassicCataSlym\TrinityCoreCataClassic\src\server\scripts\Playerbots\Ai\World\Rpg\Action\RpgSubActions.cpp(302,22): error C2143: 语法错误: 缺少“;”(在“:”的前面) [E:\1.ClassicCataSlym\CataslymBuild\src\server\scripts\scripts.vcxproj]
  (编译源文件“../../../../TrinityCoreCataClassic/src/server/scripts/Playerbots/Ai/World/Rpg/Action/RpgSubActions.cpp”)
  
E:\1.ClassicCataSlym\TrinityCoreCataClassic\src\server\scripts\Playerbots\Ai\World\Rpg\Action\RpgSubActions.cpp(302,44): error C2143: 语法错误: 缺少“;”(在“)”的前面) [E:\1.ClassicCataSlym\CataslymBuild\src\server\scripts\scripts.vcxproj]
  (编译源文件“../../../../TrinityCoreCataClassic/src/server/scripts/Playerbots/Ai/World/Rpg/Action/RpgSubActions.cpp”)
  
E:\1.ClassicCataSlym\TrinityCoreCataClassic\src\server\scripts\Playerbots\Ai\World\Rpg\Action\RpgSubActions.cpp(308,23): error C2248: “Trainer::Trainer::CanTeachSpell”: 无法访问 private 成员(在“Trainer::Trainer”类中声明) [E:\1.ClassicCataSlym\CataslymBuild\src\server\scripts\scripts.vcxproj]
  (编译源文件“../../../../TrinityCoreCataClassic/src/server/scripts/Playerbots/Ai/World/Rpg/Action/RpgSubActions.cpp”)
      E:\1.ClassicCataSlym\TrinityCoreCataClassic\src\server\game\Entities\Creature\Trainer.h(75,14):
      参见“Trainer::Trainer::CanTeachSpell”的声明
      E:\1.ClassicCataSlym\TrinityCoreCataClassic\src\server\game\Entities\Creature\Trainer.h(65,11):
      参见“Trainer::Trainer”的声明
  
  ChatHelper.cpp
  PlayerbotCommandServer.cpp
  PerfMonitor.cpp
  AiObject.cpp
  AiObjectContext.cpp
  BuildSharedActionContexts.cpp
  BuildSharedStrategyContexts.cpp
  BuildSharedTriggerContexts.cpp
  BuildSharedValueContexts.cpp
  Engine.cpp
  ExternalEventHelper.cpp
  NamedObjectContext.cpp
  PassiveMultiplier.cpp
E:\1.ClassicCataSlym\TrinityCoreCataClassic\src\server\scripts\Playerbots\Bot\PlayerbotMgr.cpp(109,75): error C2039: "GetMemberRankId": 不是 "Guild" 的成员 [E:\1.ClassicCataSlym\CataslymBuild\src\server\scripts\scripts.vcxproj]
  (编译源文件“../../../../TrinityCoreCataClassic/src/server/scripts/Playerbots/Bot/PlayerbotMgr.cpp”)
      E:\1.ClassicCataSlym\TrinityCoreCataClassic\src\server\game\Guilds\Guild.h(333,19):
      参见“Guild”的声明
  
E:\1.ClassicCataSlym\TrinityCoreCataClassic\src\server\scripts\Playerbots\Bot\PlayerbotMgr.cpp(173,13): error C2039: "AddQueryHolderCallback": 不是 "World" 的成员 [E:\1.ClassicCataSlym\CataslymBuild\src\server\scripts\scripts.vcxproj]
  (编译源文件“../../../../TrinityCoreCataClassic/src/server/scripts/Playerbots/Bot/PlayerbotMgr.cpp”)
      E:\1.ClassicCataSlym\TrinityCoreCataClassic\src\server\game\World\World.h(549,19):
      参见“World”的声明
  
E:\1.ClassicCataSlym\TrinityCoreCataClassic\src\server\scripts\Playerbots\Bot\PlayerbotMgr.cpp(222,25): error C2661: “WorldSession::WorldSession”: 没有重载函数接受 12 个参数 [E:\1.ClassicCataSlym\CataslymBuild\src\server\scripts\scripts.vcxproj]
  (编译源文件“../../../../TrinityCoreCataClassic/src/server/scripts/Playerbots/Bot/PlayerbotMgr.cpp”)
      E:\1.ClassicCataSlym\TrinityCoreCataClassic\src\server\scripts\Playerbots\Bot\PlayerbotMgr.cpp(222,25):
      尝试匹配参数列表“(uint32, const char [1], int, nullptr, AccountTypes, Expansions, time_t, const char [1], Minutes, LocaleConstant, int, bool)”时
  
E:\1.ClassicCataSlym\TrinityCoreCataClassic\src\server\scripts\Playerbots\Ai\Base\Actions\GuildManagementActions.h(19,21): warning C4309: “默认参数”: 截断常量值 [E:\1.ClassicCataSlym\CataslymBuild\src\server\scripts\scripts.vcxproj]
  (编译源文件“../../../../TrinityCoreCataClassic/src/server/scripts/Playerbots/Bot/Engine/BuildSharedActionContexts.cpp”)
  
E:\1.ClassicCataSlym\TrinityCoreCataClassic\src\server\scripts\Playerbots\Ai\Base\Actions\GuildManagementActions.h(39,22): warning C4309: “默认参数”: 截断常量值 [E:\1.ClassicCataSlym\CataslymBuild\src\server\scripts\scripts.vcxproj]
  (编译源文件“../../../../TrinityCoreCataClassic/src/server/scripts/Playerbots/Bot/Engine/BuildSharedActionContexts.cpp”)
  
E:\1.ClassicCataSlym\TrinityCoreCataClassic\src\server\scripts\Playerbots\Ai\Base\Actions\GuildManagementActions.h(53,23): warning C4309: “默认参数”: 截断常量值 [E:\1.ClassicCataSlym\CataslymBuild\src\server\scripts\scripts.vcxproj]
  (编译源文件“../../../../TrinityCoreCataClassic/src/server/scripts/Playerbots/Bot/Engine/BuildSharedActionContexts.cpp”)
  
E:\1.ClassicCataSlym\TrinityCoreCataClassic\src\server\scripts\Playerbots\Ai\Base\Actions\GuildManagementActions.h(67,22): warning C4309: “默认参数”: 截断常量值 [E:\1.ClassicCataSlym\CataslymBuild\src\server\scripts\scripts.vcxproj]
  (编译源文件“../../../../TrinityCoreCataClassic/src/server/scripts/Playerbots/Bot/Engine/BuildSharedActionContexts.cpp”)
  
E:\1.ClassicCataSlym\TrinityCoreCataClassic\src\server\scripts\Playerbots\Ai\Base\Actions\GuildManagementActions.h(81,22): warning C4309: “默认参数”: 截断常量值 [E:\1.ClassicCataSlym\CataslymBuild\src\server\scripts\scripts.vcxproj]
  (编译源文件“../../../../TrinityCoreCataClassic/src/server/scripts/Playerbots/Bot/Engine/BuildSharedActionContexts.cpp”)
  
  PlayerbotAIBase.cpp
  Action.cpp
E:\1.ClassicCataSlym\TrinityCoreCataClassic\src\server\scripts\Playerbots\Bot\PlayerbotAI.cpp(136,7): warning C5038: 数据成员“PlayerbotAI::chatFilter”将在 数据成员“PlayerbotAI::security”后初始化 [E:\1.ClassicCataSlym\CataslymBuild\src\server\scripts\scripts.vcxproj]
  (编译源文件“../../../../TrinityCoreCataClassic/src/server/scripts/Playerbots/Bot/PlayerbotAI.cpp”)
  
E:\1.ClassicCataSlym\TrinityCoreCataClassic\src\server\scripts\Playerbots\Bot\PlayerbotAI.cpp(137,7): warning C5038: 数据成员“PlayerbotAI::security”将在 数据成员“PlayerbotAI::forceRebuff”后初始化 [E:\1.ClassicCataSlym\CataslymBuild\src\server\scripts\scripts.vcxproj]
  (编译源文件“../../../../TrinityCoreCataClassic/src/server/scripts/Playerbots/Bot/PlayerbotAI.cpp”)
  
E:\1.ClassicCataSlym\TrinityCoreCataClassic\src\server\scripts\Playerbots\Bot\PlayerbotAI.cpp(166,45): warning C4305: “参数”: 从“OpcodeClient”到“uint16”截断 [E:\1.ClassicCataSlym\CataslymBuild\src\server\scripts\scripts.vcxproj]
  (编译源文件“../../../../TrinityCoreCataClassic/src/server/scripts/Playerbots/Bot/PlayerbotAI.cpp”)
  
E:\1.ClassicCataSlym\TrinityCoreCataClassic\src\server\scripts\Playerbots\Bot\PlayerbotAI.cpp(166,45): warning C4309: “参数”: 截断常量值 [E:\1.ClassicCataSlym\CataslymBuild\src\server\scripts\scripts.vcxproj]
  (编译源文件“../../../../TrinityCoreCataClassic/src/server/scripts/Playerbots/Bot/PlayerbotAI.cpp”)
  
E:\1.ClassicCataSlym\TrinityCoreCataClassic\src\server\scripts\Playerbots\Bot\PlayerbotAI.cpp(167,45): warning C4305: “参数”: 从“OpcodeClient”到“uint16”截断 [E:\1.ClassicCataSlym\CataslymBuild\src\server\scripts\scripts.vcxproj]
  (编译源文件“../../../../TrinityCoreCataClassic/src/server/scripts/Playerbots/Bot/PlayerbotAI.cpp”)
  
E:\1.ClassicCataSlym\TrinityCoreCataClassic\src\server\scripts\Playerbots\Bot\PlayerbotAI.cpp(167,45): warning C4309: “参数”: 截断常量值 [E:\1.ClassicCataSlym\CataslymBuild\src\server\scripts\scripts.vcxproj]
  (编译源文件“../../../../TrinityCoreCataClassic/src/server/scripts/Playerbots/Bot/PlayerbotAI.cpp”)
  
E:\1.ClassicCataSlym\TrinityCoreCataClassic\src\server\scripts\Playerbots\Bot\PlayerbotAI.cpp(170,45): warning C4305: “参数”: 从“OpcodeClient”到“uint16”截断 [E:\1.ClassicCataSlym\CataslymBuild\src\server\scripts\scripts.vcxproj]
  (编译源文件“../../../../TrinityCoreCataClassic/src/server/scripts/Playerbots/Bot/PlayerbotAI.cpp”)
  
E:\1.ClassicCataSlym\TrinityCoreCataClassic\src\server\scripts\Playerbots\Bot\PlayerbotAI.cpp(170,45): warning C4309: “参数”: 截断常量值 [E:\1.ClassicCataSlym\CataslymBuild\src\server\scripts\scripts.vcxproj]
  (编译源文件“../../../../TrinityCoreCataClassic/src/server/scripts/Playerbots/Bot/PlayerbotAI.cpp”)
  
E:\1.ClassicCataSlym\TrinityCoreCataClassic\src\server\scripts\Playerbots\Bot\PlayerbotAI.cpp(171,45): warning C4305: “参数”: 从“OpcodeClient”到“uint16”截断 [E:\1.ClassicCataSlym\CataslymBuild\src\server\scripts\scripts.vcxproj]
  (编译源文件“../../../../TrinityCoreCataClassic/src/server/scripts/Playerbots/Bot/PlayerbotAI.cpp”)
  
E:\1.ClassicCataSlym\TrinityCoreCataClassic\src\server\scripts\Playerbots\Bot\PlayerbotAI.cpp(171,45): warning C4309: “参数”: 截断常量值 [E:\1.ClassicCataSlym\CataslymBuild\src\server\scripts\scripts.vcxproj]
  (编译源文件“../../../../TrinityCoreCataClassic/src/server/scripts/Playerbots/Bot/PlayerbotAI.cpp”)
  
E:\1.ClassicCataSlym\TrinityCoreCataClassic\src\server\scripts\Playerbots\Bot\PlayerbotAI.cpp(174,45): warning C4305: “参数”: 从“OpcodeClient”到“uint16”截断 [E:\1.ClassicCataSlym\CataslymBuild\src\server\scripts\scripts.vcxproj]
  (编译源文件“../../../../TrinityCoreCataClassic/src/server/scripts/Playerbots/Bot/PlayerbotAI.cpp”)
  
E:\1.ClassicCataSlym\TrinityCoreCataClassic\src\server\scripts\Playerbots\Bot\PlayerbotAI.cpp(174,45): warning C4309: “参数”: 截断常量值 [E:\1.ClassicCataSlym\CataslymBuild\src\server\scripts\scripts.vcxproj]
  (编译源文件“../../../../TrinityCoreCataClassic/src/server/scripts/Playerbots/Bot/PlayerbotAI.cpp”)
  
E:\1.ClassicCataSlym\TrinityCoreCataClassic\src\server\scripts\Playerbots\Bot\PlayerbotAI.cpp(175,45): warning C4305: “参数”: 从“OpcodeClient”到“uint16”截断 [E:\1.ClassicCataSlym\CataslymBuild\src\server\scripts\scripts.vcxproj]
  (编译源文件“../../../../TrinityCoreCataClassic/src/server/scripts/Playerbots/Bot/PlayerbotAI.cpp”)
  
E:\1.ClassicCataSlym\TrinityCoreCataClassic\src\server\scripts\Playerbots\Bot\PlayerbotAI.cpp(175,45): warning C4309: “参数”: 截断常量值 [E:\1.ClassicCataSlym\CataslymBuild\src\server\scripts\scripts.vcxproj]
  (编译源文件“../../../../TrinityCoreCataClassic/src/server/scripts/Playerbots/Bot/PlayerbotAI.cpp”)
  
E:\1.ClassicCataSlym\TrinityCoreCataClassic\src\server\scripts\Playerbots\Bot\PlayerbotAI.cpp(176,45): warning C4305: “参数”: 从“OpcodeClient”到“uint16”截断 [E:\1.ClassicCataSlym\CataslymBuild\src\server\scripts\scripts.vcxproj]
  (编译源文件“../../../../TrinityCoreCataClassic/src/server/scripts/Playerbots/Bot/PlayerbotAI.cpp”)
  
E:\1.ClassicCataSlym\TrinityCoreCataClassic\src\server\scripts\Playerbots\Bot\PlayerbotAI.cpp(176,45): warning C4309: “参数”: 截断常量值 [E:\1.ClassicCataSlym\CataslymBuild\src\server\scripts\scripts.vcxproj]
  (编译源文件“../../../../TrinityCoreCataClassic/src/server/scripts/Playerbots/Bot/PlayerbotAI.cpp”)
  
E:\1.ClassicCataSlym\TrinityCoreCataClassic\src\server\scripts\Playerbots\Bot\PlayerbotAI.cpp(177,45): warning C4305: “参数”: 从“OpcodeClient”到“uint16”截断 [E:\1.ClassicCataSlym\CataslymBuild\src\server\scripts\scripts.vcxproj]
  (编译源文件“../../../../TrinityCoreCataClassic/src/server/scripts/Playerbots/Bot/PlayerbotAI.cpp”)
  
E:\1.ClassicCataSlym\TrinityCoreCataClassic\src\server\scripts\Playerbots\Bot\PlayerbotAI.cpp(177,45): warning C4309: “参数”: 截断常量值 [E:\1.ClassicCataSlym\CataslymBuild\src\server\scripts\scripts.vcxproj]
  (编译源文件“../../../../TrinityCoreCataClassic/src/server/scripts/Playerbots/Bot/PlayerbotAI.cpp”)
  
E:\1.ClassicCataSlym\TrinityCoreCataClassic\src\server\scripts\Playerbots\Bot\PlayerbotAI.cpp(179,45): warning C4305: “参数”: 从“OpcodeClient”到“uint16”截断 [E:\1.ClassicCataSlym\CataslymBuild\src\server\scripts\scripts.vcxproj]
  (编译源文件“../../../../TrinityCoreCataClassic/src/server/scripts/Playerbots/Bot/PlayerbotAI.cpp”)
  
E:\1.ClassicCataSlym\TrinityCoreCataClassic\src\server\scripts\Playerbots\Bot\PlayerbotAI.cpp(179,45): warning C4309: “参数”: 截断常量值 [E:\1.ClassicCataSlym\CataslymBuild\src\server\scripts\scripts.vcxproj]
  (编译源文件“../../../../TrinityCoreCataClassic/src/server/scripts/Playerbots/Bot/PlayerbotAI.cpp”)
  
E:\1.ClassicCataSlym\TrinityCoreCataClassic\src\server\scripts\Playerbots\Bot\PlayerbotAI.cpp(181,45): warning C4305: “参数”: 从“OpcodeClient”到“uint16”截断 [E:\1.ClassicCataSlym\CataslymBuild\src\server\scripts\scripts.vcxproj]
  (编译源文件“../../../../TrinityCoreCataClassic/src/server/scripts/Playerbots/Bot/PlayerbotAI.cpp”)
  
E:\1.ClassicCataSlym\TrinityCoreCataClassic\src\server\scripts\Playerbots\Bot\PlayerbotAI.cpp(181,45): warning C4309: “参数”: 截断常量值 [E:\1.ClassicCataSlym\CataslymBuild\src\server\scripts\scripts.vcxproj]
  (编译源文件“../../../../TrinityCoreCataClassic/src/server/scripts/Playerbots/Bot/PlayerbotAI.cpp”)
  
E:\1.ClassicCataSlym\TrinityCoreCataClassic\src\server\scripts\Playerbots\Bot\PlayerbotAI.cpp(182,45): warning C4305: “参数”: 从“OpcodeClient”到“uint16”截断 [E:\1.ClassicCataSlym\CataslymBuild\src\server\scripts\scripts.vcxproj]
  (编译源文件“../../../../TrinityCoreCataClassic/src/server/scripts/Playerbots/Bot/PlayerbotAI.cpp”)
  
E:\1.ClassicCataSlym\TrinityCoreCataClassic\src\server\scripts\Playerbots\Bot\PlayerbotAI.cpp(182,45): warning C4309: “参数”: 截断常量值 [E:\1.ClassicCataSlym\CataslymBuild\src\server\scripts\scripts.vcxproj]
  (编译源文件“../../../../TrinityCoreCataClassic/src/server/scripts/Playerbots/Bot/PlayerbotAI.cpp”)
  
E:\1.ClassicCataSlym\TrinityCoreCataClassic\src\server\scripts\Playerbots\Bot\PlayerbotAI.cpp(183,45): warning C4305: “参数”: 从“OpcodeClient”到“uint16”截断 [E:\1.ClassicCataSlym\CataslymBuild\src\server\scripts\scripts.vcxproj]
  (编译源文件“../../../../TrinityCoreCataClassic/src/server/scripts/Playerbots/Bot/PlayerbotAI.cpp”)
  
E:\1.ClassicCataSlym\TrinityCoreCataClassic\src\server\scripts\Playerbots\Bot\PlayerbotAI.cpp(183,45): warning C4309: “参数”: 截断常量值 [E:\1.ClassicCataSlym\CataslymBuild\src\server\scripts\scripts.vcxproj]
  (编译源文件“../../../../TrinityCoreCataClassic/src/server/scripts/Playerbots/Bot/PlayerbotAI.cpp”)
  
E:\1.ClassicCataSlym\TrinityCoreCataClassic\src\server\scripts\Playerbots\Bot\PlayerbotAI.cpp(185,42): warning C4305: “参数”: 从“OpcodeServer”到“uint16”截断 [E:\1.ClassicCataSlym\CataslymBuild\src\server\scripts\scripts.vcxproj]
  (编译源文件“../../../../TrinityCoreCataClassic/src/server/scripts/Playerbots/Bot/PlayerbotAI.cpp”)
  
E:\1.ClassicCataSlym\TrinityCoreCataClassic\src\server\scripts\Playerbots\Bot\PlayerbotAI.cpp(185,42): warning C4309: “参数”: 截断常量值 [E:\1.ClassicCataSlym\CataslymBuild\src\server\scripts\scripts.vcxproj]
  (编译源文件“../../../../TrinityCoreCataClassic/src/server/scripts/Playerbots/Bot/PlayerbotAI.cpp”)
  
E:\1.ClassicCataSlym\TrinityCoreCataClassic\src\server\scripts\Playerbots\Bot\PlayerbotAI.cpp(186,42): warning C4305: “参数”: 从“OpcodeServer”到“uint16”截断 [E:\1.ClassicCataSlym\CataslymBuild\src\server\scripts\scripts.vcxproj]
  (编译源文件“../../../../TrinityCoreCataClassic/src/server/scripts/Playerbots/Bot/PlayerbotAI.cpp”)
  
E:\1.ClassicCataSlym\TrinityCoreCataClassic\src\server\scripts\Playerbots\Bot\PlayerbotAI.cpp(186,42): warning C4309: “参数”: 截断常量值 [E:\1.ClassicCataSlym\CataslymBuild\src\server\scripts\scripts.vcxproj]
  (编译源文件“../../../../TrinityCoreCataClassic/src/server/scripts/Playerbots/Bot/PlayerbotAI.cpp”)
  
E:\1.ClassicCataSlym\TrinityCoreCataClassic\src\server\scripts\Playerbots\Bot\PlayerbotAI.cpp(187,42): warning C4305: “参数”: 从“OpcodeServer”到“uint16”截断 [E:\1.ClassicCataSlym\CataslymBuild\src\server\scripts\scripts.vcxproj]
  (编译源文件“../../../../TrinityCoreCataClassic/src/server/scripts/Playerbots/Bot/PlayerbotAI.cpp”)
  
E:\1.ClassicCataSlym\TrinityCoreCataClassic\src\server\scripts\Playerbots\Bot\PlayerbotAI.cpp(187,42): warning C4309: “参数”: 截断常量值 [E:\1.ClassicCataSlym\CataslymBuild\src\server\scripts\scripts.vcxproj]
  (编译源文件“../../../../TrinityCoreCataClassic/src/server/scripts/Playerbots/Bot/PlayerbotAI.cpp”)
  
E:\1.ClassicCataSlym\TrinityCoreCataClassic\src\server\scripts\Playerbots\Bot\PlayerbotAI.cpp(190,42): warning C4305: “参数”: 从“OpcodeServer”到“uint16”截断 [E:\1.ClassicCataSlym\CataslymBuild\src\server\scripts\scripts.vcxproj]
  (编译源文件“../../../../TrinityCoreCataClassic/src/server/scripts/Playerbots/Bot/PlayerbotAI.cpp”)
  
E:\1.ClassicCataSlym\TrinityCoreCataClassic\src\server\scripts\Playerbots\Bot\PlayerbotAI.cpp(190,42): warning C4309: “参数”: 截断常量值 [E:\1.ClassicCataSlym\CataslymBuild\src\server\scripts\scripts.vcxproj]
  (编译源文件“../../../../TrinityCoreCataClassic/src/server/scripts/Playerbots/Bot/PlayerbotAI.cpp”)
  
E:\1.ClassicCataSlym\TrinityCoreCataClassic\src\server\scripts\Playerbots\Bot\PlayerbotAI.cpp(191,42): warning C4305: “参数”: 从“OpcodeServer”到“uint16”截断 [E:\1.ClassicCataSlym\CataslymBuild\src\server\scripts\scripts.vcxproj]
  (编译源文件“../../../../TrinityCoreCataClassic/src/server/scripts/Playerbots/Bot/PlayerbotAI.cpp”)
  
E:\1.ClassicCataSlym\TrinityCoreCataClassic\src\server\scripts\Playerbots\Bot\PlayerbotAI.cpp(191,42): warning C4309: “参数”: 截断常量值 [E:\1.ClassicCataSlym\CataslymBuild\src\server\scripts\scripts.vcxproj]
  (编译源文件“../../../../TrinityCoreCataClassic/src/server/scripts/Playerbots/Bot/PlayerbotAI.cpp”)
  
E:\1.ClassicCataSlym\TrinityCoreCataClassic\src\server\scripts\Playerbots\Bot\PlayerbotAI.cpp(192,42): warning C4305: “参数”: 从“OpcodeServer”到“uint16”截断 [E:\1.ClassicCataSlym\CataslymBuild\src\server\scripts\scripts.vcxproj]
  (编译源文件“../../../../TrinityCoreCataClassic/src/server/scripts/Playerbots/Bot/PlayerbotAI.cpp”)
  
E:\1.ClassicCataSlym\TrinityCoreCataClassic\src\server\scripts\Playerbots\Bot\PlayerbotAI.cpp(192,42): warning C4309: “参数”: 截断常量值 [E:\1.ClassicCataSlym\CataslymBuild\src\server\scripts\scripts.vcxproj]
  (编译源文件“../../../../TrinityCoreCataClassic/src/server/scripts/Playerbots/Bot/PlayerbotAI.cpp”)
  
E:\1.ClassicCataSlym\TrinityCoreCataClassic\src\server\scripts\Playerbots\Bot\PlayerbotAI.cpp(193,42): warning C4305: “参数”: 从“OpcodeServer”到“uint16”截断 [E:\1.ClassicCataSlym\CataslymBuild\src\server\scripts\scripts.vcxproj]
  (编译源文件“../../../../TrinityCoreCataClassic/src/server/scripts/Playerbots/Bot/PlayerbotAI.cpp”)
  
E:\1.ClassicCataSlym\TrinityCoreCataClassic\src\server\scripts\Playerbots\Bot\PlayerbotAI.cpp(193,42): warning C4309: “参数”: 截断常量值 [E:\1.ClassicCataSlym\CataslymBuild\src\server\scripts\scripts.vcxproj]
  (编译源文件“../../../../TrinityCoreCataClassic/src/server/scripts/Playerbots/Bot/PlayerbotAI.cpp”)
  
E:\1.ClassicCataSlym\TrinityCoreCataClassic\src\server\scripts\Playerbots\Bot\PlayerbotAI.cpp(194,42): warning C4305: “参数”: 从“OpcodeServer”到“uint16”截断 [E:\1.ClassicCataSlym\CataslymBuild\src\server\scripts\scripts.vcxproj]
  (编译源文件“../../../../TrinityCoreCataClassic/src/server/scripts/Playerbots/Bot/PlayerbotAI.cpp”)
  
E:\1.ClassicCataSlym\TrinityCoreCataClassic\src\server\scripts\Playerbots\Bot\PlayerbotAI.cpp(194,42): warning C4309: “参数”: 截断常量值 [E:\1.ClassicCataSlym\CataslymBuild\src\server\scripts\scripts.vcxproj]
  (编译源文件“../../../../TrinityCoreCataClassic/src/server/scripts/Playerbots/Bot/PlayerbotAI.cpp”)
  
E:\1.ClassicCataSlym\TrinityCoreCataClassic\src\server\scripts\Playerbots\Bot\PlayerbotAI.cpp(195,42): warning C4305: “参数”: 从“OpcodeServer”到“uint16”截断 [E:\1.ClassicCataSlym\CataslymBuild\src\server\scripts\scripts.vcxproj]
  (编译源文件“../../../../TrinityCoreCataClassic/src/server/scripts/Playerbots/Bot/PlayerbotAI.cpp”)
  
E:\1.ClassicCataSlym\TrinityCoreCataClassic\src\server\scripts\Playerbots\Bot\PlayerbotAI.cpp(195,42): warning C4309: “参数”: 截断常量值 [E:\1.ClassicCataSlym\CataslymBuild\src\server\scripts\scripts.vcxproj]
  (编译源文件“../../../../TrinityCoreCataClassic/src/server/scripts/Playerbots/Bot/PlayerbotAI.cpp”)
  
E:\1.ClassicCataSlym\TrinityCoreCataClassic\src\server\scripts\Playerbots\Bot\PlayerbotAI.cpp(196,42): warning C4305: “参数”: 从“OpcodeServer”到“uint16”截断 [E:\1.ClassicCataSlym\CataslymBuild\src\server\scripts\scripts.vcxproj]
  (编译源文件“../../../../TrinityCoreCataClassic/src/server/scripts/Playerbots/Bot/PlayerbotAI.cpp”)
  
E:\1.ClassicCataSlym\TrinityCoreCataClassic\src\server\scripts\Playerbots\Bot\PlayerbotAI.cpp(196,42): warning C4309: “参数”: 截断常量值 [E:\1.ClassicCataSlym\CataslymBuild\src\server\scripts\scripts.vcxproj]
  (编译源文件“../../../../TrinityCoreCataClassic/src/server/scripts/Playerbots/Bot/PlayerbotAI.cpp”)
  
E:\1.ClassicCataSlym\TrinityCoreCataClassic\src\server\scripts\Playerbots\Bot\PlayerbotAI.cpp(197,42): warning C4305: “参数”: 从“OpcodeServer”到“uint16”截断 [E:\1.ClassicCataSlym\CataslymBuild\src\server\scripts\scripts.vcxproj]
  (编译源文件“../../../../TrinityCoreCataClassic/src/server/scripts/Playerbots/Bot/PlayerbotAI.cpp”)
  
E:\1.ClassicCataSlym\TrinityCoreCataClassic\src\server\scripts\Playerbots\Bot\PlayerbotAI.cpp(197,42): warning C4309: “参数”: 截断常量值 [E:\1.ClassicCataSlym\CataslymBuild\src\server\scripts\scripts.vcxproj]
  (编译源文件“../../../../TrinityCoreCataClassic/src/server/scripts/Playerbots/Bot/PlayerbotAI.cpp”)
  
E:\1.ClassicCataSlym\TrinityCoreCataClassic\src\server\scripts\Playerbots\Bot\PlayerbotAI.cpp(198,42): warning C4305: “参数”: 从“OpcodeServer”到“uint16”截断 [E:\1.ClassicCataSlym\CataslymBuild\src\server\scripts\scripts.vcxproj]
  (编译源文件“../../../../TrinityCoreCataClassic/src/server/scripts/Playerbots/Bot/PlayerbotAI.cpp”)
  
E:\1.ClassicCataSlym\TrinityCoreCataClassic\src\server\scripts\Playerbots\Bot\PlayerbotAI.cpp(198,42): warning C4309: “参数”: 截断常量值 [E:\1.ClassicCataSlym\CataslymBuild\src\server\scripts\scripts.vcxproj]
  (编译源文件“../../../../TrinityCoreCataClassic/src/server/scripts/Playerbots/Bot/PlayerbotAI.cpp”)
  
E:\1.ClassicCataSlym\TrinityCoreCataClassic\src\server\scripts\Playerbots\Bot\PlayerbotAI.cpp(199,42): warning C4305: “参数”: 从“OpcodeServer”到“uint16”截断 [E:\1.ClassicCataSlym\CataslymBuild\src\server\scripts\scripts.vcxproj]
  (编译源文件“../../../../TrinityCoreCataClassic/src/server/scripts/Playerbots/Bot/PlayerbotAI.cpp”)
  
E:\1.ClassicCataSlym\TrinityCoreCataClassic\src\server\scripts\Playerbots\Bot\PlayerbotAI.cpp(199,42): warning C4309: “参数”: 截断常量值 [E:\1.ClassicCataSlym\CataslymBuild\src\server\scripts\scripts.vcxproj]
  (编译源文件“../../../../TrinityCoreCataClassic/src/server/scripts/Playerbots/Bot/PlayerbotAI.cpp”)
  
E:\1.ClassicCataSlym\TrinityCoreCataClassic\src\server\scripts\Playerbots\Bot\PlayerbotAI.cpp(200,42): warning C4305: “参数”: 从“OpcodeServer”到“uint16”截断 [E:\1.ClassicCataSlym\CataslymBuild\src\server\scripts\scripts.vcxproj]
  (编译源文件“../../../../TrinityCoreCataClassic/src/server/scripts/Playerbots/Bot/PlayerbotAI.cpp”)
  
E:\1.ClassicCataSlym\TrinityCoreCataClassic\src\server\scripts\Playerbots\Bot\PlayerbotAI.cpp(200,42): warning C4309: “参数”: 截断常量值 [E:\1.ClassicCataSlym\CataslymBuild\src\server\scripts\scripts.vcxproj]
  (编译源文件“../../../../TrinityCoreCataClassic/src/server/scripts/Playerbots/Bot/PlayerbotAI.cpp”)
  
E:\1.ClassicCataSlym\TrinityCoreCataClassic\src\server\scripts\Playerbots\Bot\PlayerbotAI.cpp(201,42): warning C4305: “参数”: 从“OpcodeServer”到“uint16”截断 [E:\1.ClassicCataSlym\CataslymBuild\src\server\scripts\scripts.vcxproj]
  (编译源文件“../../../../TrinityCoreCataClassic/src/server/scripts/Playerbots/Bot/PlayerbotAI.cpp”)
  
E:\1.ClassicCataSlym\TrinityCoreCataClassic\src\server\scripts\Playerbots\Bot\PlayerbotAI.cpp(201,42): warning C4309: “参数”: 截断常量值 [E:\1.ClassicCataSlym\CataslymBuild\src\server\scripts\scripts.vcxproj]
  (编译源文件“../../../../TrinityCoreCataClassic/src/server/scripts/Playerbots/Bot/PlayerbotAI.cpp”)
  
E:\1.ClassicCataSlym\TrinityCoreCataClassic\src\server\scripts\Playerbots\Bot\PlayerbotAI.cpp(202,42): warning C4305: “参数”: 从“OpcodeServer”到“uint16”截断 [E:\1.ClassicCataSlym\CataslymBuild\src\server\scripts\scripts.vcxproj]
  (编译源文件“../../../../TrinityCoreCataClassic/src/server/scripts/Playerbots/Bot/PlayerbotAI.cpp”)
  
E:\1.ClassicCataSlym\TrinityCoreCataClassic\src\server\scripts\Playerbots\Bot\PlayerbotAI.cpp(202,42): warning C4309: “参数”: 截断常量值 [E:\1.ClassicCataSlym\CataslymBuild\src\server\scripts\scripts.vcxproj]
  (编译源文件“../../../../TrinityCoreCataClassic/src/server/scripts/Playerbots/Bot/PlayerbotAI.cpp”)
  
E:\1.ClassicCataSlym\TrinityCoreCataClassic\src\server\scripts\Playerbots\Bot\PlayerbotAI.cpp(203,42): warning C4305: “参数”: 从“OpcodeServer”到“uint16”截断 [E:\1.ClassicCataSlym\CataslymBuild\src\server\scripts\scripts.vcxproj]
  (编译源文件“../../../../TrinityCoreCataClassic/src/server/scripts/Playerbots/Bot/PlayerbotAI.cpp”)
  
E:\1.ClassicCataSlym\TrinityCoreCataClassic\src\server\scripts\Playerbots\Bot\PlayerbotAI.cpp(203,42): warning C4309: “参数”: 截断常量值 [E:\1.ClassicCataSlym\CataslymBuild\src\server\scripts\scripts.vcxproj]
  (编译源文件“../../../../TrinityCoreCataClassic/src/server/scripts/Playerbots/Bot/PlayerbotAI.cpp”)
  
E:\1.ClassicCataSlym\TrinityCoreCataClassic\src\server\scripts\Playerbots\Bot\PlayerbotAI.cpp(204,42): warning C4305: “参数”: 从“OpcodeServer”到“uint16”截断 [E:\1.ClassicCataSlym\CataslymBuild\src\server\scripts\scripts.vcxproj]
  (编译源文件“../../../../TrinityCoreCataClassic/src/server/scripts/Playerbots/Bot/PlayerbotAI.cpp”)
  
E:\1.ClassicCataSlym\TrinityCoreCataClassic\src\server\scripts\Playerbots\Bot\PlayerbotAI.cpp(204,42): warning C4309: “参数”: 截断常量值 [E:\1.ClassicCataSlym\CataslymBuild\src\server\scripts\scripts.vcxproj]
  (编译源文件“../../../../TrinityCoreCataClassic/src/server/scripts/Playerbots/Bot/PlayerbotAI.cpp”)
  
E:\1.ClassicCataSlym\TrinityCoreCataClassic\src\server\scripts\Playerbots\Bot\PlayerbotAI.cpp(205,42): warning C4305: “参数”: 从“OpcodeServer”到“uint16”截断 [E:\1.ClassicCataSlym\CataslymBuild\src\server\scripts\scripts.vcxproj]
  (编译源文件“../../../../TrinityCoreCataClassic/src/server/scripts/Playerbots/Bot/PlayerbotAI.cpp”)
  
E:\1.ClassicCataSlym\TrinityCoreCataClassic\src\server\scripts\Playerbots\Bot\PlayerbotAI.cpp(205,42): warning C4309: “参数”: 截断常量值 [E:\1.ClassicCataSlym\CataslymBuild\src\server\scripts\scripts.vcxproj]
  (编译源文件“../../../../TrinityCoreCataClassic/src/server/scripts/Playerbots/Bot/PlayerbotAI.cpp”)
  
E:\1.ClassicCataSlym\TrinityCoreCataClassic\src\server\scripts\Playerbots\Bot\PlayerbotAI.cpp(206,42): warning C4305: “参数”: 从“OpcodeServer”到“uint16”截断 [E:\1.ClassicCataSlym\CataslymBuild\src\server\scripts\scripts.vcxproj]
  (编译源文件“../../../../TrinityCoreCataClassic/src/server/scripts/Playerbots/Bot/PlayerbotAI.cpp”)
  
E:\1.ClassicCataSlym\TrinityCoreCataClassic\src\server\scripts\Playerbots\Bot\PlayerbotAI.cpp(206,42): warning C4309: “参数”: 截断常量值 [E:\1.ClassicCataSlym\CataslymBuild\src\server\scripts\scripts.vcxproj]
  (编译源文件“../../../../TrinityCoreCataClassic/src/server/scripts/Playerbots/Bot/PlayerbotAI.cpp”)
  
E:\1.ClassicCataSlym\TrinityCoreCataClassic\src\server\scripts\Playerbots\Bot\PlayerbotAI.cpp(207,42): warning C4305: “参数”: 从“OpcodeServer”到“uint16”截断 [E:\1.ClassicCataSlym\CataslymBuild\src\server\scripts\scripts.vcxproj]
  (编译源文件“../../../../TrinityCoreCataClassic/src/server/scripts/Playerbots/Bot/PlayerbotAI.cpp”)
  
E:\1.ClassicCataSlym\TrinityCoreCataClassic\src\server\scripts\Playerbots\Bot\PlayerbotAI.cpp(207,42): warning C4309: “参数”: 截断常量值 [E:\1.ClassicCataSlym\CataslymBuild\src\server\scripts\scripts.vcxproj]
  (编译源文件“../../../../TrinityCoreCataClassic/src/server/scripts/Playerbots/Bot/PlayerbotAI.cpp”)
  
E:\1.ClassicCataSlym\TrinityCoreCataClassic\src\server\scripts\Playerbots\Bot\PlayerbotAI.cpp(208,42): warning C4305: “参数”: 从“OpcodeServer”到“uint16”截断 [E:\1.ClassicCataSlym\CataslymBuild\src\server\scripts\scripts.vcxproj]
  (编译源文件“../../../../TrinityCoreCataClassic/src/server/scripts/Playerbots/Bot/PlayerbotAI.cpp”)
  
E:\1.ClassicCataSlym\TrinityCoreCataClassic\src\server\scripts\Playerbots\Bot\PlayerbotAI.cpp(208,42): warning C4309: “参数”: 截断常量值 [E:\1.ClassicCataSlym\CataslymBuild\src\server\scripts\scripts.vcxproj]
  (编译源文件“../../../../TrinityCoreCataClassic/src/server/scripts/Playerbots/Bot/PlayerbotAI.cpp”)
  
E:\1.ClassicCataSlym\TrinityCoreCataClassic\src\server\scripts\Playerbots\Bot\PlayerbotAI.cpp(209,42): warning C4305: “参数”: 从“OpcodeServer”到“uint16”截断 [E:\1.ClassicCataSlym\CataslymBuild\src\server\scripts\scripts.vcxproj]
  (编译源文件“../../../../TrinityCoreCataClassic/src/server/scripts/Playerbots/Bot/PlayerbotAI.cpp”)
  
E:\1.ClassicCataSlym\TrinityCoreCataClassic\src\server\scripts\Playerbots\Bot\PlayerbotAI.cpp(209,42): warning C4309: “参数”: 截断常量值 [E:\1.ClassicCataSlym\CataslymBuild\src\server\scripts\scripts.vcxproj]
  (编译源文件“../../../../TrinityCoreCataClassic/src/server/scripts/Playerbots/Bot/PlayerbotAI.cpp”)
  
E:\1.ClassicCataSlym\TrinityCoreCataClassic\src\server\scripts\Playerbots\Bot\PlayerbotAI.cpp(210,42): warning C4305: “参数”: 从“OpcodeServer”到“uint16”截断 [E:\1.ClassicCataSlym\CataslymBuild\src\server\scripts\scripts.vcxproj]
  (编译源文件“../../../../TrinityCoreCataClassic/src/server/scripts/Playerbots/Bot/PlayerbotAI.cpp”)
  
E:\1.ClassicCataSlym\TrinityCoreCataClassic\src\server\scripts\Playerbots\Bot\PlayerbotAI.cpp(210,42): warning C4309: “参数”: 截断常量值 [E:\1.ClassicCataSlym\CataslymBuild\src\server\scripts\scripts.vcxproj]
  (编译源文件“../../../../TrinityCoreCataClassic/src/server/scripts/Playerbots/Bot/PlayerbotAI.cpp”)
  
E:\1.ClassicCataSlym\TrinityCoreCataClassic\src\server\scripts\Playerbots\Bot\PlayerbotAI.cpp(211,42): warning C4305: “参数”: 从“OpcodeServer”到“uint16”截断 [E:\1.ClassicCataSlym\CataslymBuild\src\server\scripts\scripts.vcxproj]
  (编译源文件“../../../../TrinityCoreCataClassic/src/server/scripts/Playerbots/Bot/PlayerbotAI.cpp”)
  
E:\1.ClassicCataSlym\TrinityCoreCataClassic\src\server\scripts\Playerbots\Bot\PlayerbotAI.cpp(211,42): warning C4309: “参数”: 截断常量值 [E:\1.ClassicCataSlym\CataslymBuild\src\server\scripts\scripts.vcxproj]
  (编译源文件“../../../../TrinityCoreCataClassic/src/server/scripts/Playerbots/Bot/PlayerbotAI.cpp”)
  
E:\1.ClassicCataSlym\TrinityCoreCataClassic\src\server\scripts\Playerbots\Bot\PlayerbotAI.cpp(212,42): warning C4305: “参数”: 从“OpcodeServer”到“uint16”截断 [E:\1.ClassicCataSlym\CataslymBuild\src\server\scripts\scripts.vcxproj]
  (编译源文件“../../../../TrinityCoreCataClassic/src/server/scripts/Playerbots/Bot/PlayerbotAI.cpp”)
  
E:\1.ClassicCataSlym\TrinityCoreCataClassic\src\server\scripts\Playerbots\Bot\PlayerbotAI.cpp(212,42): warning C4309: “参数”: 截断常量值 [E:\1.ClassicCataSlym\CataslymBuild\src\server\scripts\scripts.vcxproj]
  (编译源文件“../../../../TrinityCoreCataClassic/src/server/scripts/Playerbots/Bot/PlayerbotAI.cpp”)
  
E:\1.ClassicCataSlym\TrinityCoreCataClassic\src\server\scripts\Playerbots\Bot\PlayerbotAI.cpp(213,42): warning C4305: “参数”: 从“OpcodeServer”到“uint16”截断 [E:\1.ClassicCataSlym\CataslymBuild\src\server\scripts\scripts.vcxproj]
  (编译源文件“../../../../TrinityCoreCataClassic/src/server/scripts/Playerbots/Bot/PlayerbotAI.cpp”)
  
E:\1.ClassicCataSlym\TrinityCoreCataClassic\src\server\scripts\Playerbots\Bot\PlayerbotAI.cpp(213,42): warning C4309: “参数”: 截断常量值 [E:\1.ClassicCataSlym\CataslymBuild\src\server\scripts\scripts.vcxproj]
  (编译源文件“../../../../TrinityCoreCataClassic/src/server/scripts/Playerbots/Bot/PlayerbotAI.cpp”)
  
E:\1.ClassicCataSlym\TrinityCoreCataClassic\src\server\scripts\Playerbots\Bot\PlayerbotAI.cpp(215,45): warning C4305: “参数”: 从“OpcodeServer”到“uint16”截断 [E:\1.ClassicCataSlym\CataslymBuild\src\server\scripts\scripts.vcxproj]
  (编译源文件“../../../../TrinityCoreCataClassic/src/server/scripts/Playerbots/Bot/PlayerbotAI.cpp”)
  
E:\1.ClassicCataSlym\TrinityCoreCataClassic\src\server\scripts\Playerbots\Bot\PlayerbotAI.cpp(215,45): warning C4309: “参数”: 截断常量值 [E:\1.ClassicCataSlym\CataslymBuild\src\server\scripts\scripts.vcxproj]
  (编译源文件“../../../../TrinityCoreCataClassic/src/server/scripts/Playerbots/Bot/PlayerbotAI.cpp”)
  
E:\1.ClassicCataSlym\TrinityCoreCataClassic\src\server\scripts\Playerbots\Bot\PlayerbotAI.cpp(216,45): warning C4305: “参数”: 从“OpcodeServer”到“uint16”截断 [E:\1.ClassicCataSlym\CataslymBuild\src\server\scripts\scripts.vcxproj]
  (编译源文件“../../../../TrinityCoreCataClassic/src/server/scripts/Playerbots/Bot/PlayerbotAI.cpp”)
  
E:\1.ClassicCataSlym\TrinityCoreCataClassic\src\server\scripts\Playerbots\Bot\PlayerbotAI.cpp(216,45): warning C4309: “参数”: 截断常量值 [E:\1.ClassicCataSlym\CataslymBuild\src\server\scripts\scripts.vcxproj]
  (编译源文件“../../../../TrinityCoreCataClassic/src/server/scripts/Playerbots/Bot/PlayerbotAI.cpp”)
  
E:\1.ClassicCataSlym\TrinityCoreCataClassic\src\server\scripts\Playerbots\Bot\PlayerbotAI.cpp(217,45): warning C4305: “参数”: 从“OpcodeServer”到“uint16”截断 [E:\1.ClassicCataSlym\CataslymBuild\src\server\scripts\scripts.vcxproj]
  (编译源文件“../../../../TrinityCoreCataClassic/src/server/scripts/Playerbots/Bot/PlayerbotAI.cpp”)
  
E:\1.ClassicCataSlym\TrinityCoreCataClassic\src\server\scripts\Playerbots\Bot\PlayerbotAI.cpp(217,45): warning C4309: “参数”: 截断常量值 [E:\1.ClassicCataSlym\CataslymBuild\src\server\scripts\scripts.vcxproj]
  (编译源文件“../../../../TrinityCoreCataClassic/src/server/scripts/Playerbots/Bot/PlayerbotAI.cpp”)
  
E:\1.ClassicCataSlym\TrinityCoreCataClassic\src\server\scripts\Playerbots\Bot\PlayerbotAI.cpp(218,45): warning C4305: “参数”: 从“OpcodeServer”到“uint16”截断 [E:\1.ClassicCataSlym\CataslymBuild\src\server\scripts\scripts.vcxproj]
  (编译源文件“../../../../TrinityCoreCataClassic/src/server/scripts/Playerbots/Bot/PlayerbotAI.cpp”)
  
E:\1.ClassicCataSlym\TrinityCoreCataClassic\src\server\scripts\Playerbots\Bot\PlayerbotAI.cpp(218,45): warning C4309: “参数”: 截断常量值 [E:\1.ClassicCataSlym\CataslymBuild\src\server\scripts\scripts.vcxproj]
  (编译源文件“../../../../TrinityCoreCataClassic/src/server/scripts/Playerbots/Bot/PlayerbotAI.cpp”)
  
E:\1.ClassicCataSlym\TrinityCoreCataClassic\src\server\scripts\Playerbots\Bot\PlayerbotAI.cpp(221,45): warning C4305: “参数”: 从“OpcodeClient”到“uint16”截断 [E:\1.ClassicCataSlym\CataslymBuild\src\server\scripts\scripts.vcxproj]
  (编译源文件“../../../../TrinityCoreCataClassic/src/server/scripts/Playerbots/Bot/PlayerbotAI.cpp”)
  
E:\1.ClassicCataSlym\TrinityCoreCataClassic\src\server\scripts\Playerbots\Bot\PlayerbotAI.cpp(221,45): warning C4309: “参数”: 截断常量值 [E:\1.ClassicCataSlym\CataslymBuild\src\server\scripts\scripts.vcxproj]
  (编译源文件“../../../../TrinityCoreCataClassic/src/server/scripts/Playerbots/Bot/PlayerbotAI.cpp”)
  
E:\1.ClassicCataSlym\TrinityCoreCataClassic\src\server\scripts\Playerbots\Bot\PlayerbotAI.cpp(222,45): warning C4305: “参数”: 从“OpcodeClient”到“uint16”截断 [E:\1.ClassicCataSlym\CataslymBuild\src\server\scripts\scripts.vcxproj]
  (编译源文件“../../../../TrinityCoreCataClassic/src/server/scripts/Playerbots/Bot/PlayerbotAI.cpp”)
  
E:\1.ClassicCataSlym\TrinityCoreCataClassic\src\server\scripts\Playerbots\Bot\PlayerbotAI.cpp(222,45): warning C4309: “参数”: 截断常量值 [E:\1.ClassicCataSlym\CataslymBuild\src\server\scripts\scripts.vcxproj]
  (编译源文件“../../../../TrinityCoreCataClassic/src/server/scripts/Playerbots/Bot/PlayerbotAI.cpp”)
  
E:\1.ClassicCataSlym\TrinityCoreCataClassic\src\server\scripts\Playerbots\Bot\PlayerbotAI.cpp(223,45): warning C4305: “参数”: 从“OpcodeClient”到“uint16”截断 [E:\1.ClassicCataSlym\CataslymBuild\src\server\scripts\scripts.vcxproj]
  (编译源文件“../../../../TrinityCoreCataClassic/src/server/scripts/Playerbots/Bot/PlayerbotAI.cpp”)
  
E:\1.ClassicCataSlym\TrinityCoreCataClassic\src\server\scripts\Playerbots\Bot\PlayerbotAI.cpp(223,45): warning C4309: “参数”: 截断常量值 [E:\1.ClassicCataSlym\CataslymBuild\src\server\scripts\scripts.vcxproj]
  (编译源文件“../../../../TrinityCoreCataClassic/src/server/scripts/Playerbots/Bot/PlayerbotAI.cpp”)
  
E:\1.ClassicCataSlym\TrinityCoreCataClassic\src\server\scripts\Playerbots\Bot\PlayerbotAI.cpp(224,45): warning C4305: “参数”: 从“OpcodeClient”到“uint16”截断 [E:\1.ClassicCataSlym\CataslymBuild\src\server\scripts\scripts.vcxproj]
  (编译源文件“../../../../TrinityCoreCataClassic/src/server/scripts/Playerbots/Bot/PlayerbotAI.cpp”)
  
E:\1.ClassicCataSlym\TrinityCoreCataClassic\src\server\scripts\Playerbots\Bot\PlayerbotAI.cpp(224,45): warning C4309: “参数”: 截断常量值 [E:\1.ClassicCataSlym\CataslymBuild\src\server\scripts\scripts.vcxproj]
  (编译源文件“../../../../TrinityCoreCataClassic/src/server/scripts/Playerbots/Bot/PlayerbotAI.cpp”)
  
E:\1.ClassicCataSlym\TrinityCoreCataClassic\src\server\scripts\Playerbots\Bot\PlayerbotAI.cpp(225,42): warning C4305: “参数”: 从“OpcodeServer”到“uint16”截断 [E:\1.ClassicCataSlym\CataslymBuild\src\server\scripts\scripts.vcxproj]
  (编译源文件“../../../../TrinityCoreCataClassic/src/server/scripts/Playerbots/Bot/PlayerbotAI.cpp”)
  
E:\1.ClassicCataSlym\TrinityCoreCataClassic\src\server\scripts\Playerbots\Bot\PlayerbotAI.cpp(225,42): warning C4309: “参数”: 截断常量值 [E:\1.ClassicCataSlym\CataslymBuild\src\server\scripts\scripts.vcxproj]
  (编译源文件“../../../../TrinityCoreCataClassic/src/server/scripts/Playerbots/Bot/PlayerbotAI.cpp”)
  
E:\1.ClassicCataSlym\TrinityCoreCataClassic\src\server\scripts\Playerbots\Bot\PlayerbotAI.cpp(226,42): warning C4305: “参数”: 从“OpcodeServer”到“uint16”截断 [E:\1.ClassicCataSlym\CataslymBuild\src\server\scripts\scripts.vcxproj]
  (编译源文件“../../../../TrinityCoreCataClassic/src/server/scripts/Playerbots/Bot/PlayerbotAI.cpp”)
  
E:\1.ClassicCataSlym\TrinityCoreCataClassic\src\server\scripts\Playerbots\Bot\PlayerbotAI.cpp(226,42): warning C4309: “参数”: 截断常量值 [E:\1.ClassicCataSlym\CataslymBuild\src\server\scripts\scripts.vcxproj]
  (编译源文件“../../../../TrinityCoreCataClassic/src/server/scripts/Playerbots/Bot/PlayerbotAI.cpp”)
  
E:\1.ClassicCataSlym\TrinityCoreCataClassic\src\server\scripts\Playerbots\Bot\PlayerbotAI.cpp(228,42): warning C4305: “参数”: 从“OpcodeServer”到“uint16”截断 [E:\1.ClassicCataSlym\CataslymBuild\src\server\scripts\scripts.vcxproj]
  (编译源文件“../../../../TrinityCoreCataClassic/src/server/scripts/Playerbots/Bot/PlayerbotAI.cpp”)
  
E:\1.ClassicCataSlym\TrinityCoreCataClassic\src\server\scripts\Playerbots\Bot\PlayerbotAI.cpp(228,42): warning C4309: “参数”: 截断常量值 [E:\1.ClassicCataSlym\CataslymBuild\src\server\scripts\scripts.vcxproj]
  (编译源文件“../../../../TrinityCoreCataClassic/src/server/scripts/Playerbots/Bot/PlayerbotAI.cpp”)
  
E:\1.ClassicCataSlym\TrinityCoreCataClassic\src\server\scripts\Playerbots\Bot\PlayerbotAI.cpp(229,42): warning C4305: “参数”: 从“OpcodeServer”到“uint16”截断 [E:\1.ClassicCataSlym\CataslymBuild\src\server\scripts\scripts.vcxproj]
  (编译源文件“../../../../TrinityCoreCataClassic/src/server/scripts/Playerbots/Bot/PlayerbotAI.cpp”)
  
E:\1.ClassicCataSlym\TrinityCoreCataClassic\src\server\scripts\Playerbots\Bot\PlayerbotAI.cpp(229,42): warning C4309: “参数”: 截断常量值 [E:\1.ClassicCataSlym\CataslymBuild\src\server\scripts\scripts.vcxproj]
  (编译源文件“../../../../TrinityCoreCataClassic/src/server/scripts/Playerbots/Bot/PlayerbotAI.cpp”)
  
E:\1.ClassicCataSlym\TrinityCoreCataClassic\src\server\scripts\Playerbots\Bot\PlayerbotAI.cpp(233,42): warning C4305: “参数”: 从“OpcodeServer”到“uint16”截断 [E:\1.ClassicCataSlym\CataslymBuild\src\server\scripts\scripts.vcxproj]
  (编译源文件“../../../../TrinityCoreCataClassic/src/server/scripts/Playerbots/Bot/PlayerbotAI.cpp”)
  
E:\1.ClassicCataSlym\TrinityCoreCataClassic\src\server\scripts\Playerbots\Bot\PlayerbotAI.cpp(233,42): warning C4309: “参数”: 截断常量值 [E:\1.ClassicCataSlym\CataslymBuild\src\server\scripts\scripts.vcxproj]
  (编译源文件“../../../../TrinityCoreCataClassic/src/server/scripts/Playerbots/Bot/PlayerbotAI.cpp”)
  
E:\1.ClassicCataSlym\TrinityCoreCataClassic\src\server\scripts\Playerbots\Bot\PlayerbotAI.cpp(406,50): error C2039: "GetTransportForPos": 不是 "Map" 的成员 [E:\1.ClassicCataSlym\CataslymBuild\src\server\scripts\scripts.vcxproj]
  (编译源文件“../../../../TrinityCoreCataClassic/src/server/scripts/Playerbots/Bot/PlayerbotAI.cpp”)
      E:\1.ClassicCataSlym\TrinityCoreCataClassic\src\server\game\Maps\Map.h(225,19):
      参见“Map”的声明
  
E:\1.ClassicCataSlym\TrinityCoreCataClassic\src\server\scripts\Playerbots\Bot\PlayerbotAI.cpp(417,31): error C2660: “Transport::AddPassenger”: 函数不接受 1 个参数 [E:\1.ClassicCataSlym\CataslymBuild\src\server\scripts\scripts.vcxproj]
  (编译源文件“../../../../TrinityCoreCataClassic/src/server/scripts/Playerbots/Bot/PlayerbotAI.cpp”)
      E:\1.ClassicCataSlym\TrinityCoreCataClassic\src\server\game\Entities\Transport\Transport.h(46,14):
      参见“Transport::AddPassenger”的声明
      E:\1.ClassicCataSlym\TrinityCoreCataClassic\src\server\scripts\Playerbots\Bot\PlayerbotAI.cpp(417,31):
      尝试匹配参数列表“(Player *)”时
  
E:\1.ClassicCataSlym\TrinityCoreCataClassic\src\server\scripts\Playerbots\Bot\PlayerbotAI.cpp(419,18): error C2039: "StopMovingOnCurrentPos": 不是 "Player" 的成员 [E:\1.ClassicCataSlym\CataslymBuild\src\server\scripts\scripts.vcxproj]
  (编译源文件“../../../../TrinityCoreCataClassic/src/server/scripts/Playerbots/Bot/PlayerbotAI.cpp”)
      E:\1.ClassicCataSlym\TrinityCoreCataClassic\src\server\game\Entities\Player\Player.h(1147,19):
      参见“Player”的声明
  
E:\1.ClassicCataSlym\TrinityCoreCataClassic\src\server\scripts\Playerbots\Bot\PlayerbotAI.cpp(918,22): error C2039: "BuildChatPacket": 不是 "ChatHandler" 的成员 [E:\1.ClassicCataSlym\CataslymBuild\src\server\scripts\scripts.vcxproj]
  (编译源文件“../../../../TrinityCoreCataClassic/src/server/scripts/Playerbots/Bot/PlayerbotAI.cpp”)
      E:\1.ClassicCataSlym\TrinityCoreCataClassic\src\server\game\Chat\Chat.h(38,19):
      参见“ChatHandler”的声明
  
E:\1.ClassicCataSlym\TrinityCoreCataClassic\src\server\scripts\Playerbots\Bot\PlayerbotAI.cpp(918,22): error C3861: “BuildChatPacket”: 找不到标识符 [E:\1.ClassicCataSlym\CataslymBuild\src\server\scripts\scripts.vcxproj]
  (编译源文件“../../../../TrinityCoreCataClassic/src/server/scripts/Playerbots/Bot/PlayerbotAI.cpp”)
  
E:\1.ClassicCataSlym\TrinityCoreCataClassic\src\server\scripts\Playerbots\Bot\PlayerbotAI.cpp(2793,47): error C2039: "mapid": 不是 "CreatureData" 的成员 [E:\1.ClassicCataSlym\CataslymBuild\src\server\scripts\scripts.vcxproj]
  (编译源文件“../../../../TrinityCoreCataClassic/src/server/scripts/Playerbots/Bot/PlayerbotAI.cpp”)
      E:\1.ClassicCataSlym\TrinityCoreCataClassic\src\server\game\Entities\Creature\CreatureData.h(624,8):
      参见“CreatureData”的声明
  
E:\1.ClassicCataSlym\TrinityCoreCataClassic\src\server\scripts\Playerbots\Bot\PlayerbotAI.cpp(2852,39): error C2039: "GetPhaseMask": 不是 "Player" 的成员 [E:\1.ClassicCataSlym\CataslymBuild\src\server\scripts\scripts.vcxproj]
  (编译源文件“../../../../TrinityCoreCataClassic/src/server/scripts/Playerbots/Bot/PlayerbotAI.cpp”)
      E:\1.ClassicCataSlym\TrinityCoreCataClassic\src\server\game\Entities\Player\Player.h(1147,19):
      参见“Player”的声明
  
E:\1.ClassicCataSlym\TrinityCoreCataClassic\src\server\scripts\Playerbots\Bot\PlayerbotAI.cpp(2858,39): error C2039: "GetPhaseMask": 不是 "Player" 的成员 [E:\1.ClassicCataSlym\CataslymBuild\src\server\scripts\scripts.vcxproj]
  (编译源文件“../../../../TrinityCoreCataClassic/src/server/scripts/Playerbots/Bot/PlayerbotAI.cpp”)
      E:\1.ClassicCataSlym\TrinityCoreCataClassic\src\server\game\Entities\Player\Player.h(1147,19):
      参见“Player”的声明
  
E:\1.ClassicCataSlym\TrinityCoreCataClassic\src\server\scripts\Playerbots\Bot\PlayerbotAI.cpp(2867,23): error C2039: "area_name": 不是 "AreaTableEntry" 的成员 [E:\1.ClassicCataSlym\CataslymBuild\src\server\scripts\scripts.vcxproj]
  (编译源文件“../../../../TrinityCoreCataClassic/src/server/scripts/Playerbots/Bot/PlayerbotAI.cpp”)
      E:\1.ClassicCataSlym\TrinityCoreCataClassic\src\server\game\DataStores\DB2Structure.h(85,8):
      参见“AreaTableEntry”的声明
  
E:\1.ClassicCataSlym\TrinityCoreCataClassic\src\server\scripts\Playerbots\Bot\PlayerbotAI.cpp(2869,27): error C2039: "area_name": 不是 "AreaTableEntry" 的成员 [E:\1.ClassicCataSlym\CataslymBuild\src\server\scripts\scripts.vcxproj]
  (编译源文件“../../../../TrinityCoreCataClassic/src/server/scripts/Playerbots/Bot/PlayerbotAI.cpp”)
      E:\1.ClassicCataSlym\TrinityCoreCataClassic\src\server\game\DataStores\DB2Structure.h(85,8):
      参见“AreaTableEntry”的声明
  
E:\1.ClassicCataSlym\TrinityCoreCataClassic\src\server\scripts\Playerbots\Bot\PlayerbotAI.cpp(2968,25): error C2039: "HasRankRight": 不是 "Guild" 的成员 [E:\1.ClassicCataSlym\CataslymBuild\src\server\scripts\scripts.vcxproj]
  (编译源文件“../../../../TrinityCoreCataClassic/src/server/scripts/Playerbots/Bot/PlayerbotAI.cpp”)
      E:\1.ClassicCataSlym\TrinityCoreCataClassic\src\server\game\Guilds\Guild.h(333,19):
      参见“Guild”的声明
  
E:\1.ClassicCataSlym\TrinityCoreCataClassic\src\server\scripts\Playerbots\Bot\PlayerbotAI.cpp(3046,18): error C2039: "BuildChatPacket": 不是 "ChatHandler" 的成员 [E:\1.ClassicCataSlym\CataslymBuild\src\server\scripts\scripts.vcxproj]
  (编译源文件“../../../../TrinityCoreCataClassic/src/server/scripts/Playerbots/Bot/PlayerbotAI.cpp”)
      E:\1.ClassicCataSlym\TrinityCoreCataClassic\src\server\game\Chat\Chat.h(38,19):
      参见“ChatHandler”的声明
  
E:\1.ClassicCataSlym\TrinityCoreCataClassic\src\server\scripts\Playerbots\Bot\PlayerbotAI.cpp(3046,18): error C3861: “BuildChatPacket”: 找不到标识符 [E:\1.ClassicCataSlym\CataslymBuild\src\server\scripts\scripts.vcxproj]
  (编译源文件“../../../../TrinityCoreCataClassic/src/server/scripts/Playerbots/Bot/PlayerbotAI.cpp”)
  
E:\1.ClassicCataSlym\TrinityCoreCataClassic\src\server\scripts\Playerbots\Bot\PlayerbotAI.cpp(3063,18): error C2039: "BuildChatPacket": 不是 "ChatHandler" 的成员 [E:\1.ClassicCataSlym\CataslymBuild\src\server\scripts\scripts.vcxproj]
  (编译源文件“../../../../TrinityCoreCataClassic/src/server/scripts/Playerbots/Bot/PlayerbotAI.cpp”)
      E:\1.ClassicCataSlym\TrinityCoreCataClassic\src\server\game\Chat\Chat.h(38,19):
      参见“ChatHandler”的声明
  
E:\1.ClassicCataSlym\TrinityCoreCataClassic\src\server\scripts\Playerbots\Bot\PlayerbotAI.cpp(3063,18): error C3861: “BuildChatPacket”: 找不到标识符 [E:\1.ClassicCataSlym\CataslymBuild\src\server\scripts\scripts.vcxproj]
  (编译源文件“../../../../TrinityCoreCataClassic/src/server/scripts/Playerbots/Bot/PlayerbotAI.cpp”)
  
E:\1.ClassicCataSlym\TrinityCoreCataClassic\src\server\scripts\Playerbots\Bot\PlayerbotAI.cpp(3561,21): error C2660: “Unit::IsImmunedToSpell”: 函数不接受 2 个参数 [E:\1.ClassicCataSlym\CataslymBuild\src\server\scripts\scripts.vcxproj]
  (编译源文件“../../../../TrinityCoreCataClassic/src/server/scripts/Playerbots/Bot/PlayerbotAI.cpp”)
      E:\1.ClassicCataSlym\TrinityCoreCataClassic\src\server\game\Entities\Unit\Unit.h(1697,14):
      参见“Unit::IsImmunedToSpell”的声明
      E:\1.ClassicCataSlym\TrinityCoreCataClassic\src\server\scripts\Playerbots\Bot\PlayerbotAI.cpp(3561,21):
      尝试匹配参数列表“(const SpellInfo *, Player *)”时
  
E:\1.ClassicCataSlym\TrinityCoreCataClassic\src\server\scripts\Playerbots\Bot\PlayerbotAI.cpp(4046,63): error C2039: "loot": 不是 "Creature" 的成员 [E:\1.ClassicCataSlym\CataslymBuild\src\server\scripts\scripts.vcxproj]
  (编译源文件“../../../../TrinityCoreCataClassic/src/server/scripts/Playerbots/Bot/PlayerbotAI.cpp”)
      E:\1.ClassicCataSlym\TrinityCoreCataClassic\src\server\game\Entities\Creature\Creature.h(81,19):
      参见“Creature”的声明
  
E:\1.ClassicCataSlym\TrinityCoreCataClassic\src\server\scripts\Playerbots\Bot\PlayerbotAI.cpp(4056,18): error C2664: “void Player::SendLoot(Loot &,bool)”: 无法将参数 1 从“const ObjectGuid”转换为“Loot &” [E:\1.ClassicCataSlym\CataslymBuild\src\server\scripts\scripts.vcxproj]
  (编译源文件“../../../../TrinityCoreCataClassic/src/server/scripts/Playerbots/Bot/PlayerbotAI.cpp”)
      E:\1.ClassicCataSlym\TrinityCoreCataClassic\src\server\scripts\Playerbots\Bot\PlayerbotAI.cpp(4056,51):
      非常量引用只能绑定到左值
      E:\1.ClassicCataSlym\TrinityCoreCataClassic\src\server\game\Entities\Player\Player.h(2465,14):
      参见“Player::SendLoot”的声明
      E:\1.ClassicCataSlym\TrinityCoreCataClassic\src\server\scripts\Playerbots\Bot\PlayerbotAI.cpp(4056,18):
      尝试匹配参数列表“(const ObjectGuid, LootType)”时
  
E:\1.ClassicCataSlym\TrinityCoreCataClassic\src\server\scripts\Playerbots\Bot\PlayerbotAI.cpp(5649,39): error C2039: "area_name": 不是 "AreaTableEntry" 的成员 [E:\1.ClassicCataSlym\CataslymBuild\src\server\scripts\scripts.vcxproj]
  (编译源文件“../../../../TrinityCoreCataClassic/src/server/scripts/Playerbots/Bot/PlayerbotAI.cpp”)
      E:\1.ClassicCataSlym\TrinityCoreCataClassic\src\server\game\DataStores\DB2Structure.h(85,8):
      参见“AreaTableEntry”的声明
  
E:\1.ClassicCataSlym\TrinityCoreCataClassic\src\server\scripts\Playerbots\Bot\PlayerbotAI.cpp(6476,14): error C2039: "isFrozen": 不是 "Player" 的成员 [E:\1.ClassicCataSlym\CataslymBuild\src\server\scripts\scripts.vcxproj]
  (编译源文件“../../../../TrinityCoreCataClassic/src/server/scripts/Playerbots/Bot/PlayerbotAI.cpp”)
      E:\1.ClassicCataSlym\TrinityCoreCataClassic\src\server\game\Entities\Player\Player.h(1147,19):
      参见“Player”的声明
  
E:\1.ClassicCataSlym\TrinityCoreCataClassic\src\server\scripts\Playerbots\Bot\PlayerbotAI.cpp(6558,29): error C2039: "MaxLevel": 不是 "ScalingStatDistributionEntry" 的成员 [E:\1.ClassicCataSlym\CataslymBuild\src\server\scripts\scripts.vcxproj]
  (编译源文件“../../../../TrinityCoreCataClassic/src/server/scripts/Playerbots/Bot/PlayerbotAI.cpp”)
      E:\1.ClassicCataSlym\TrinityCoreCataClassic\src\server\game\DataStores\DB2Structure.h(2913,8):
      参见“ScalingStatDistributionEntry”的声明
  
E:\1.ClassicCataSlym\TrinityCoreCataClassic\src\server\scripts\Playerbots\Bot\PlayerbotAI.cpp(6558,66): error C2039: "MaxLevel": 不是 "ScalingStatDistributionEntry" 的成员 [E:\1.ClassicCataSlym\CataslymBuild\src\server\scripts\scripts.vcxproj]
  (编译源文件“../../../../TrinityCoreCataClassic/src/server/scripts/Playerbots/Bot/PlayerbotAI.cpp”)
      E:\1.ClassicCataSlym\TrinityCoreCataClassic\src\server\game\DataStores\DB2Structure.h(2913,8):
      参见“ScalingStatDistributionEntry”的声明
  
E:\1.ClassicCataSlym\TrinityCoreCataClassic\src\server\scripts\Playerbots\Bot\PlayerbotAI.cpp(6872,44): error C2664: “ChannelMgr *ChannelMgr::ForTeam(Team)”: 无法将参数 1 从“TeamId”转换为“Team” [E:\1.ClassicCataSlym\CataslymBuild\src\server\scripts\scripts.vcxproj]
  (编译源文件“../../../../TrinityCoreCataClassic/src/server/scripts/Playerbots/Bot/PlayerbotAI.cpp”)
      E:\1.ClassicCataSlym\TrinityCoreCataClassic\src\server\scripts\Playerbots\Bot\PlayerbotAI.cpp(6872,66):
      转换为枚举类型需要显式强制转换(static_cast、C 样式强制转换或带圆括号函数样式强制转换)
      E:\1.ClassicCataSlym\TrinityCoreCataClassic\src\server\game\Chat\Channels\ChannelMgr.h(47,28):
      参见“ChannelMgr::ForTeam”的声明
      E:\1.ClassicCataSlym\TrinityCoreCataClassic\src\server\scripts\Playerbots\Bot\PlayerbotAI.cpp(6872,44):
      尝试匹配参数列表“(TeamId)”时
  
E:\1.ClassicCataSlym\TrinityCoreCataClassic\src\server\scripts\Playerbots\Bot\PlayerbotAI.cpp(7141,62): error C2065: “DEFAULT_FOLLOW_ANGLE”: 未声明的标识符 [E:\1.ClassicCataSlym\CataslymBuild\src\server\scripts\scripts.vcxproj]
  (编译源文件“../../../../TrinityCoreCataClassic/src/server/scripts/Playerbots/Bot/PlayerbotAI.cpp”)
  
E:\1.ClassicCataSlym\TrinityCoreCataClassic\src\server\scripts\Playerbots\Bot\PlayerbotAI.cpp(7154,16): error C2039: "SetForcedSpell": 不是 "CharmInfo" 的成员 [E:\1.ClassicCataSlym\CataslymBuild\src\server\scripts\scripts.vcxproj]
  (编译源文件“../../../../TrinityCoreCataClassic/src/server/scripts/Playerbots/Bot/PlayerbotAI.cpp”)
      E:\1.ClassicCataSlym\TrinityCoreCataClassic\src\server\game\Entities\Unit\CharmInfo.h(87,20):
      参见“CharmInfo”的声明
  
E:\1.ClassicCataSlym\TrinityCoreCataClassic\src\server\scripts\Playerbots\Bot\PlayerbotAI.cpp(7156,16): error C2039: "SetForcedTargetGUID": 不是 "CharmInfo" 的成员 [E:\1.ClassicCataSlym\CataslymBuild\src\server\scripts\scripts.vcxproj]
  (编译源文件“../../../../TrinityCoreCataClassic/src/server/scripts/Playerbots/Bot/PlayerbotAI.cpp”)
      E:\1.ClassicCataSlym\TrinityCoreCataClassic\src\server\game\Entities\Unit\CharmInfo.h(87,20):
      参见“CharmInfo”的声明
  
E:\1.ClassicCataSlym\TrinityCoreCataClassic\src\server\game\Loot\Loot.h(64,12): error C3431: “RollVote”: 不能将 未区分范围的枚举 重新声明为 区分范围的枚举 [E:\1.ClassicCataSlym\CataslymBuild\src\server\scripts\scripts.vcxproj]
  (编译源文件“../../../../TrinityCoreCataClassic/src/server/scripts/Playerbots/Bot/Engine/BuildSharedActionContexts.cpp”)
      E:\1.ClassicCataSlym\TrinityCoreCataClassic\src\server\scripts\Playerbots\Ai\Base\Actions\LootRollAction.h(16,6):
      请参阅“RollVote”的先前声明
  
  CustomStrategy.cpp
  Strategy.cpp
  Trigger.cpp
E:\1.ClassicCataSlym\TrinityCoreCataClassic\src\server\scripts\Playerbots\Bot\RandomPlayerbotMgr.cpp(57,1): error C1083: 无法打开包括文件: “CreatorCenterService.h”: No such file or directory [E:\1.ClassicCataSlym\CataslymBuild\src\server\scripts\scripts.vcxproj]
  (编译源文件“../../../../TrinityCoreCataClassic/src/server/scripts/Playerbots/Bot/RandomPlayerbotMgr.cpp”)
  
  Value.cpp
  Event.cpp
E:\1.ClassicCataSlym\TrinityCoreCataClassic\src\server\scripts\Playerbots\Bot\Cmd\ChatHelper.cpp(693,28): error C2065: “MAX_TALENT_TABS”: 未声明的标识符 [E:\1.ClassicCataSlym\CataslymBuild\src\server\scripts\scripts.vcxproj]
  (编译源文件“../../../../TrinityCoreCataClassic/src/server/scripts/Playerbots/Bot/Cmd/ChatHelper.cpp”)
  
E:\1.ClassicCataSlym\TrinityCoreCataClassic\src\server\scripts\Playerbots\Bot\Cmd\ChatHelper.cpp(700,46): error C2039: "GetTalentTabPages": 不是 "DB2Manager" 的成员 [E:\1.ClassicCataSlym\CataslymBuild\src\server\scripts\scripts.vcxproj]
  (编译源文件“../../../../TrinityCoreCataClassic/src/server/scripts/Playerbots/Bot/Cmd/ChatHelper.cpp”)
      E:\1.ClassicCataSlym\TrinityCoreCataClassic\src\server\game\DataStores\DB2Stores.h(293,19):
      参见“DB2Manager”的声明
  
E:\1.ClassicCataSlym\TrinityCoreCataClassic\src\server\scripts\Playerbots\Bot\Cmd\ChatHelper.cpp(701,48): error C2039: "GetPlayerTalentMap": 不是 "Player" 的成员 [E:\1.ClassicCataSlym\CataslymBuild\src\server\scripts\scripts.vcxproj]
  (编译源文件“../../../../TrinityCoreCataClassic/src/server/scripts/Playerbots/Bot/Cmd/ChatHelper.cpp”)
      E:\1.ClassicCataSlym\TrinityCoreCataClassic\src\server\game\Entities\Player\Player.h(1147,19):
      参见“Player”的声明
  
E:\1.ClassicCataSlym\TrinityCoreCataClassic\src\server\scripts\Playerbots\Bot\Cmd\ChatHelper.cpp(701,38): error C2530: “talentMap”: 必须初始化引用 [E:\1.ClassicCataSlym\CataslymBuild\src\server\scripts\scripts.vcxproj]
  (编译源文件“../../../../TrinityCoreCataClassic/src/server/scripts/Playerbots/Bot/Cmd/ChatHelper.cpp”)
  
  AiFactory.cpp
  PlayerbotFactory.cpp
  RandomPlayerbotFactory.cpp
  WorldSessionMgr.cpp
  PlayerbotDungeonRepository.cpp
  PlayerbotRepository.cpp
  PlayerbotSpellRepository.cpp
  GuildTaskMgr.cpp
  PlayerbotGuildMgr.cpp
  BisListMgr.cpp
  ItemVisitors.cpp
E:\1.ClassicCataSlym\TrinityCoreCataClassic\src\server\scripts\Playerbots\Bot\Factory\AiFactory.cpp(119,45): error C2039: "GetPlayerTalentMap": 不是 "Player" 的成员 [E:\1.ClassicCataSlym\CataslymBuild\src\server\scripts\scripts.vcxproj]
  (编译源文件“../../../../TrinityCoreCataClassic/src/server/scripts/Playerbots/Bot/Factory/AiFactory.cpp”)
      E:\1.ClassicCataSlym\TrinityCoreCataClassic\src\server\game\Entities\Player\Player.h(1147,19):
      参见“Player”的声明
  
E:\1.ClassicCataSlym\TrinityCoreCataClassic\src\server\scripts\Playerbots\Bot\Factory\AiFactory.cpp(119,38): error C2530: “talentMap”: 必须初始化引用 [E:\1.ClassicCataSlym\CataslymBuild\src\server\scripts\scripts.vcxproj]
  (编译源文件“../../../../TrinityCoreCataClassic/src/server/scripts/Playerbots/Bot/Factory/AiFactory.cpp”)
  
E:\1.ClassicCataSlym\TrinityCoreCataClassic\src\server\scripts\Playerbots\Bot\Factory\AiFactory.cpp(126,46): error C2039: "GetTalentTabPages": 不是 "DB2Manager" 的成员 [E:\1.ClassicCataSlym\CataslymBuild\src\server\scripts\scripts.vcxproj]
  (编译源文件“../../../../TrinityCoreCataClassic/src/server/scripts/Playerbots/Bot/Factory/AiFactory.cpp”)
      E:\1.ClassicCataSlym\TrinityCoreCataClassic\src\server\game\DataStores\DB2Stores.h(293,19):
      参见“DB2Manager”的声明
  
  LootObjectStack.cpp
  RandomItemMgr.cpp
  StatsCollector.cpp
E:\1.ClassicCataSlym\TrinityCoreCataClassic\src\server\scripts\Playerbots\Bot\Factory\PlayerbotFactory.cpp(229,18): error C2039: "GetTrainerType": 不是 "Trainer::Trainer" 的成员 [E:\1.ClassicCataSlym\CataslymBuild\src\server\scripts\scripts.vcxproj]
  (编译源文件“../../../../TrinityCoreCataClassic/src/server/scripts/Playerbots/Bot/Factory/PlayerbotFactory.cpp”)
      E:\1.ClassicCataSlym\TrinityCoreCataClassic\src\server\game\Entities\Creature\Trainer.h(65,11):
      参见“Trainer::Trainer”的声明
  
E:\1.ClassicCataSlym\TrinityCoreCataClassic\src\server\scripts\Playerbots\Bot\Factory\PlayerbotFactory.cpp(584,20): error C2039: "QuestMap": 不是 "ObjectMgr" 的成员 [E:\1.ClassicCataSlym\CataslymBuild\src\server\scripts\scripts.vcxproj]
  (编译源文件“../../../../TrinityCoreCataClassic/src/server/scripts/Playerbots/Bot/Factory/PlayerbotFactory.cpp”)
      E:\1.ClassicCataSlym\TrinityCoreCataClassic\src\server\game\Globals\ObjectMgr.h(1045,19):
      参见“ObjectMgr”的声明
  
E:\1.ClassicCataSlym\TrinityCoreCataClassic\src\server\scripts\Playerbots\Bot\Factory\PlayerbotFactory.cpp(584,20): error C2065: “QuestMap”: 未声明的标识符 [E:\1.ClassicCataSlym\CataslymBuild\src\server\scripts\scripts.vcxproj]
  (编译源文件“../../../../TrinityCoreCataClassic/src/server/scripts/Playerbots/Bot/Factory/PlayerbotFactory.cpp”)
  
E:\1.ClassicCataSlym\TrinityCoreCataClassic\src\server\scripts\Playerbots\Bot\Factory\PlayerbotFactory.cpp(584,29): error C2143: 语法错误: 缺少“;”(在“const”的前面) [E:\1.ClassicCataSlym\CataslymBuild\src\server\scripts\scripts.vcxproj]
  (编译源文件“../../../../TrinityCoreCataClassic/src/server/scripts/Playerbots/Bot/Factory/PlayerbotFactory.cpp”)
  
E:\1.ClassicCataSlym\TrinityCoreCataClassic\src\server\scripts\Playerbots\Bot\Factory\PlayerbotFactory.cpp(584,29): error C4430: 缺少类型说明符 - 假定为 int。注意: C++ 不支持默认 int [E:\1.ClassicCataSlym\CataslymBuild\src\server\scripts\scripts.vcxproj]
  (编译源文件“../../../../TrinityCoreCataClassic/src/server/scripts/Playerbots/Bot/Factory/PlayerbotFactory.cpp”)
  
E:\1.ClassicCataSlym\TrinityCoreCataClassic\src\server\scripts\Playerbots\Bot\Factory\PlayerbotFactory.cpp(584,51): error C2440: “初始化”: 无法从“const ObjectMgr::QuestContainer”转换为“const int &” [E:\1.ClassicCataSlym\CataslymBuild\src\server\scripts\scripts.vcxproj]
  (编译源文件“../../../../TrinityCoreCataClassic/src/server/scripts/Playerbots/Bot/Factory/PlayerbotFactory.cpp”)
      E:\1.ClassicCataSlym\TrinityCoreCataClassic\src\server\scripts\Playerbots\Bot\Factory\PlayerbotFactory.cpp(584,51):
      原因如下: 无法从“const ObjectMgr::QuestContainer”转换为“const int”
      E:\1.ClassicCataSlym\TrinityCoreCataClassic\src\server\scripts\Playerbots\Bot\Factory\PlayerbotFactory.cpp(584,51):
      没有可用于执行该转换的用户定义的转换运算符，或者无法调用该运算符
  
E:\1.ClassicCataSlym\TrinityCoreCataClassic\src\server\scripts\Playerbots\Bot\Factory\PlayerbotFactory.cpp(585,25): error C3083: “QuestMap”:“::”左侧的符号必须是一种类型 [E:\1.ClassicCataSlym\CataslymBuild\src\server\scripts\scripts.vcxproj]
  (编译源文件“../../../../TrinityCoreCataClassic/src/server/scripts/Playerbots/Bot/Factory/PlayerbotFactory.cpp”)
  
E:\1.ClassicCataSlym\TrinityCoreCataClassic\src\server\scripts\Playerbots\Bot\Factory\PlayerbotFactory.cpp(585,35): error C2039: "const_iterator": 不是 "ObjectMgr" 的成员 [E:\1.ClassicCataSlym\CataslymBuild\src\server\scripts\scripts.vcxproj]
  (编译源文件“../../../../TrinityCoreCataClassic/src/server/scripts/Playerbots/Bot/Factory/PlayerbotFactory.cpp”)
      E:\1.ClassicCataSlym\TrinityCoreCataClassic\src\server\game\Globals\ObjectMgr.h(1045,19):
      参见“ObjectMgr”的声明
  
E:\1.ClassicCataSlym\TrinityCoreCataClassic\src\server\scripts\Playerbots\Bot\Factory\PlayerbotFactory.cpp(585,35): error C2065: “const_iterator”: 未声明的标识符 [E:\1.ClassicCataSlym\CataslymBuild\src\server\scripts\scripts.vcxproj]
  (编译源文件“../../../../TrinityCoreCataClassic/src/server/scripts/Playerbots/Bot/Factory/PlayerbotFactory.cpp”)
  
E:\1.ClassicCataSlym\TrinityCoreCataClassic\src\server\scripts\Playerbots\Bot\Factory\PlayerbotFactory.cpp(585,50): error C2146: 语法错误: 缺少“;”(在标识符“i”的前面) [E:\1.ClassicCataSlym\CataslymBuild\src\server\scripts\scripts.vcxproj]
  (编译源文件“../../../../TrinityCoreCataClassic/src/server/scripts/Playerbots/Bot/Factory/PlayerbotFactory.cpp”)
  
E:\1.ClassicCataSlym\TrinityCoreCataClassic\src\server\scripts\Playerbots\Bot\Factory\PlayerbotFactory.cpp(585,52): error C2143: 语法错误: 缺少“;”(在“=”的前面) [E:\1.ClassicCataSlym\CataslymBuild\src\server\scripts\scripts.vcxproj]
  (编译源文件“../../../../TrinityCoreCataClassic/src/server/scripts/Playerbots/Bot/Factory/PlayerbotFactory.cpp”)
  
E:\1.ClassicCataSlym\TrinityCoreCataClassic\src\server\scripts\Playerbots\Bot\Factory\PlayerbotFactory.cpp(585,52): error C2143: 语法错误: 缺少“)”(在“=”的前面) [E:\1.ClassicCataSlym\CataslymBuild\src\server\scripts\scripts.vcxproj]
  (编译源文件“../../../../TrinityCoreCataClassic/src/server/scripts/Playerbots/Bot/Factory/PlayerbotFactory.cpp”)
  
E:\1.ClassicCataSlym\TrinityCoreCataClassic\src\server\scripts\Playerbots\Bot\Factory\PlayerbotFactory.cpp(585,52): error C2059: 语法错误:“=” [E:\1.ClassicCataSlym\CataslymBuild\src\server\scripts\scripts.vcxproj]
  (编译源文件“../../../../TrinityCoreCataClassic/src/server/scripts/Playerbots/Bot/Factory/PlayerbotFactory.cpp”)
  
E:\1.ClassicCataSlym\TrinityCoreCataClassic\src\server\scripts\Playerbots\Bot\Factory\PlayerbotFactory.cpp(585,78): error C2065: “i”: 未声明的标识符 [E:\1.ClassicCataSlym\CataslymBuild\src\server\scripts\scripts.vcxproj]
  (编译源文件“../../../../TrinityCoreCataClassic/src/server/scripts/Playerbots/Bot/Factory/PlayerbotFactory.cpp”)
  
E:\1.ClassicCataSlym\TrinityCoreCataClassic\src\server\scripts\Playerbots\Bot\Factory\PlayerbotFactory.cpp(585,107): error C2065: “i”: 未声明的标识符 [E:\1.ClassicCataSlym\CataslymBuild\src\server\scripts\scripts.vcxproj]
  (编译源文件“../../../../TrinityCoreCataClassic/src/server/scripts/Playerbots/Bot/Factory/PlayerbotFactory.cpp”)
  
E:\1.ClassicCataSlym\TrinityCoreCataClassic\src\server\scripts\Playerbots\Bot\Factory\PlayerbotFactory.cpp(585,108): error C2059: 语法错误:“)” [E:\1.ClassicCataSlym\CataslymBuild\src\server\scripts\scripts.vcxproj]
  (编译源文件“../../../../TrinityCoreCataClassic/src/server/scripts/Playerbots/Bot/Factory/PlayerbotFactory.cpp”)
  
E:\1.ClassicCataSlym\TrinityCoreCataClassic\src\server\scripts\Playerbots\Bot\Factory\PlayerbotFactory.cpp(587,13): error C2275: “uint32”: 应为表达式而不是类型 [E:\1.ClassicCataSlym\CataslymBuild\src\server\scripts\scripts.vcxproj]
  (编译源文件“../../../../TrinityCoreCataClassic/src/server/scripts/Playerbots/Bot/Factory/PlayerbotFactory.cpp”)
  
E:\1.ClassicCataSlym\TrinityCoreCataClassic\src\server\scripts\Playerbots\Bot\Factory\PlayerbotFactory.cpp(587,20): error C2146: 语法错误: 缺少“)”(在标识符“questId”的前面) [E:\1.ClassicCataSlym\CataslymBuild\src\server\scripts\scripts.vcxproj]
  (编译源文件“../../../../TrinityCoreCataClassic/src/server/scripts/Playerbots/Bot/Factory/PlayerbotFactory.cpp”)
  
E:\1.ClassicCataSlym\TrinityCoreCataClassic\src\server\scripts\Playerbots\Bot\Factory\PlayerbotFactory.cpp(589,35): error C2065: “i”: 未声明的标识符 [E:\1.ClassicCataSlym\CataslymBuild\src\server\scripts\scripts.vcxproj]
  (编译源文件“../../../../TrinityCoreCataClassic/src/server/scripts/Playerbots/Bot/Factory/PlayerbotFactory.cpp”)
  
E:\1.ClassicCataSlym\TrinityCoreCataClassic\src\server\scripts\Playerbots\Bot\Factory\PlayerbotFactory.cpp(592,25): error C2039: "GetRequiredClasses": 不是 "Quest" 的成员 [E:\1.ClassicCataSlym\CataslymBuild\src\server\scripts\scripts.vcxproj]
  (编译源文件“../../../../TrinityCoreCataClassic/src/server/scripts/Playerbots/Bot/Factory/PlayerbotFactory.cpp”)
      E:\1.ClassicCataSlym\TrinityCoreCataClassic\src\server\game\Quests\QuestDef.h(541,19):
      参见“Quest”的声明
  
E:\1.ClassicCataSlym\TrinityCoreCataClassic\src\server\scripts\Playerbots\Bot\Factory\PlayerbotFactory.cpp(610,27): error C2065: “questId”: 未声明的标识符 [E:\1.ClassicCataSlym\CataslymBuild\src\server\scripts\scripts.vcxproj]
  (编译源文件“../../../../TrinityCoreCataClassic/src/server/scripts/Playerbots/Bot/Factory/PlayerbotFactory.cpp”)
  
E:\1.ClassicCataSlym\TrinityCoreCataClassic\src\server\scripts\Playerbots\Bot\Factory\PlayerbotFactory.cpp(611,34): error C2065: “questId”: 未声明的标识符 [E:\1.ClassicCataSlym\CataslymBuild\src\server\scripts\scripts.vcxproj]
  (编译源文件“../../../../TrinityCoreCataClassic/src/server/scripts/Playerbots/Bot/Factory/PlayerbotFactory.cpp”)
  
E:\1.ClassicCataSlym\TrinityCoreCataClassic\src\server\scripts\Playerbots\Bot\Factory\PlayerbotFactory.cpp(612,37): error C2065: “questId”: 未声明的标识符 [E:\1.ClassicCataSlym\CataslymBuild\src\server\scripts\scripts.vcxproj]
  (编译源文件“../../../../TrinityCoreCataClassic/src/server/scripts/Playerbots/Bot/Factory/PlayerbotFactory.cpp”)
  
  StatsWeightCalculator.cpp
E:\1.ClassicCataSlym\TrinityCoreCataClassic\src\server\scripts\Playerbots\Bot\Factory\PlayerbotFactory.cpp(600,21): error C2044: continue 语句不在 loop 中 [E:\1.ClassicCataSlym\CataslymBuild\src\server\scripts\scripts.vcxproj]
  (编译源文件“../../../../TrinityCoreCataClassic/src/server/scripts/Playerbots/Bot/Factory/PlayerbotFactory.cpp”)
  
E:\1.ClassicCataSlym\TrinityCoreCataClassic\src\server\scripts\Playerbots\Bot\Factory\PlayerbotFactory.cpp(607,21): error C2044: continue 语句不在 loop 中 [E:\1.ClassicCataSlym\CataslymBuild\src\server\scripts\scripts.vcxproj]
  (编译源文件“../../../../TrinityCoreCataClassic/src/server/scripts/Playerbots/Bot/Factory/PlayerbotFactory.cpp”)
  
E:\1.ClassicCataSlym\TrinityCoreCataClassic\src\server\scripts\Playerbots\Bot\Factory\PlayerbotFactory.cpp(616,5): error C2059: 语法错误:“do” [E:\1.ClassicCataSlym\CataslymBuild\src\server\scripts\scripts.vcxproj]
  (编译源文件“../../../../TrinityCoreCataClassic/src/server/scripts/Playerbots/Bot/Factory/PlayerbotFactory.cpp”)
  
E:\1.ClassicCataSlym\TrinityCoreCataClassic\src\server\scripts\Playerbots\Bot\Factory\PlayerbotFactory.cpp(616,5): error C2143: 语法错误: 缺少“;”(在“{”的前面) [E:\1.ClassicCataSlym\CataslymBuild\src\server\scripts\scripts.vcxproj]
  (编译源文件“../../../../TrinityCoreCataClassic/src/server/scripts/Playerbots/Bot/Factory/PlayerbotFactory.cpp”)
  
E:\1.ClassicCataSlym\TrinityCoreCataClassic\src\server\scripts\Playerbots\Bot\Factory\PlayerbotFactory.cpp(616,5): error C2447: “{”: 缺少函数标题(是否是老式的形式表?) [E:\1.ClassicCataSlym\CataslymBuild\src\server\scripts\scripts.vcxproj]
  (编译源文件“../../../../TrinityCoreCataClassic/src/server/scripts/Playerbots/Bot/Factory/PlayerbotFactory.cpp”)
  
E:\1.ClassicCataSlym\TrinityCoreCataClassic\src\server\scripts\Playerbots\Bot\Factory\PlayerbotFactory.cpp(616,5): error C2059: 语法错误:“while” [E:\1.ClassicCataSlym\CataslymBuild\src\server\scripts\scripts.vcxproj]
  (编译源文件“../../../../TrinityCoreCataClassic/src/server/scripts/Playerbots/Bot/Factory/PlayerbotFactory.cpp”)
  
E:\1.ClassicCataSlym\TrinityCoreCataClassic\src\server\scripts\Playerbots\Bot\Factory\PlayerbotFactory.cpp(618,5): error C4430: 缺少类型说明符 - 假定为 int。注意: C++ 不支持默认 int [E:\1.ClassicCataSlym\CataslymBuild\src\server\scripts\scripts.vcxproj]
  (编译源文件“../../../../TrinityCoreCataClassic/src/server/scripts/Playerbots/Bot/Factory/PlayerbotFactory.cpp”)
  
E:\1.ClassicCataSlym\TrinityCoreCataClassic\src\server\scripts\Playerbots\Bot\Factory\PlayerbotFactory.cpp(621,5): error C2059: 语法错误:“for” [E:\1.ClassicCataSlym\CataslymBuild\src\server\scripts\scripts.vcxproj]
  (编译源文件“../../../../TrinityCoreCataClassic/src/server/scripts/Playerbots/Bot/Factory/PlayerbotFactory.cpp”)
  
E:\1.ClassicCataSlym\TrinityCoreCataClassic\src\server\scripts\Playerbots\Bot\Factory\PlayerbotFactory.cpp(621,88): error C2143: 语法错误: 缺少“)”(在“;”的前面) [E:\1.ClassicCataSlym\CataslymBuild\src\server\scripts\scripts.vcxproj]
  (编译源文件“../../../../TrinityCoreCataClassic/src/server/scripts/Playerbots/Bot/Factory/PlayerbotFactory.cpp”)
  
E:\1.ClassicCataSlym\TrinityCoreCataClassic\src\server\scripts\Playerbots\Bot\Factory\PlayerbotFactory.cpp(622,12): error C2143: 语法错误: 缺少“;”(在“!=”的前面) [E:\1.ClassicCataSlym\CataslymBuild\src\server\scripts\scripts.vcxproj]
  (编译源文件“../../../../TrinityCoreCataClassic/src/server/scripts/Playerbots/Bot/Factory/PlayerbotFactory.cpp”)
  
E:\1.ClassicCataSlym\TrinityCoreCataClassic\src\server\scripts\Playerbots\Bot\Factory\PlayerbotFactory.cpp(622,10): error C4430: 缺少类型说明符 - 假定为 int。注意: C++ 不支持默认 int [E:\1.ClassicCataSlym\CataslymBuild\src\server\scripts\scripts.vcxproj]
  (编译源文件“../../../../TrinityCoreCataClassic/src/server/scripts/Playerbots/Bot/Factory/PlayerbotFactory.cpp”)
  
E:\1.ClassicCataSlym\TrinityCoreCataClassic\src\server\scripts\Playerbots\Bot\Factory\PlayerbotFactory.cpp(622,12): error C2059: 语法错误:“!=” [E:\1.ClassicCataSlym\CataslymBuild\src\server\scripts\scripts.vcxproj]
  (编译源文件“../../../../TrinityCoreCataClassic/src/server/scripts/Playerbots/Bot/Factory/PlayerbotFactory.cpp”)
  
E:\1.ClassicCataSlym\TrinityCoreCataClassic\src\server\scripts\Playerbots\Bot\Factory\PlayerbotFactory.cpp(622,59): error C2059: 语法错误:“++” [E:\1.ClassicCataSlym\CataslymBuild\src\server\scripts\scripts.vcxproj]
  (编译源文件“../../../../TrinityCoreCataClassic/src/server/scripts/Playerbots/Bot/Factory/PlayerbotFactory.cpp”)
  
E:\1.ClassicCataSlym\TrinityCoreCataClassic\src\server\scripts\Playerbots\Bot\Factory\PlayerbotFactory.cpp(622,62): error C2059: 语法错误:“)” [E:\1.ClassicCataSlym\CataslymBuild\src\server\scripts\scripts.vcxproj]
  (编译源文件“../../../../TrinityCoreCataClassic/src/server/scripts/Playerbots/Bot/Factory/PlayerbotFactory.cpp”)
  
E:\1.ClassicCataSlym\TrinityCoreCataClassic\src\server\scripts\Playerbots\Bot\Factory\PlayerbotFactory.cpp(623,5): error C2143: 语法错误: 缺少“;”(在“{”的前面) [E:\1.ClassicCataSlym\CataslymBuild\src\server\scripts\scripts.vcxproj]
  (编译源文件“../../../../TrinityCoreCataClassic/src/server/scripts/Playerbots/Bot/Factory/PlayerbotFactory.cpp”)
  
E:\1.ClassicCataSlym\TrinityCoreCataClassic\src\server\scripts\Playerbots\Bot\Factory\PlayerbotFactory.cpp(623,5): error C2447: “{”: 缺少函数标题(是否是老式的形式表?) [E:\1.ClassicCataSlym\CataslymBuild\src\server\scripts\scripts.vcxproj]
  (编译源文件“../../../../TrinityCoreCataClassic/src/server/scripts/Playerbots/Bot/Factory/PlayerbotFactory.cpp”)
  
E:\1.ClassicCataSlym\TrinityCoreCataClassic\src\server\scripts\Playerbots\Bot\Factory\PlayerbotFactory.cpp(640,5): error C2059: 语法错误:“do” [E:\1.ClassicCataSlym\CataslymBuild\src\server\scripts\scripts.vcxproj]
  (编译源文件“../../../../TrinityCoreCataClassic/src/server/scripts/Playerbots/Bot/Factory/PlayerbotFactory.cpp”)
  
E:\1.ClassicCataSlym\TrinityCoreCataClassic\src\server\scripts\Playerbots\Bot\Factory\PlayerbotFactory.cpp(640,5): error C2143: 语法错误: 缺少“;”(在“{”的前面) [E:\1.ClassicCataSlym\CataslymBuild\src\server\scripts\scripts.vcxproj]
  (编译源文件“../../../../TrinityCoreCataClassic/src/server/scripts/Playerbots/Bot/Factory/PlayerbotFactory.cpp”)
  
E:\1.ClassicCataSlym\TrinityCoreCataClassic\src\server\scripts\Playerbots\Bot\Factory\PlayerbotFactory.cpp(640,5): error C2447: “{”: 缺少函数标题(是否是老式的形式表?) [E:\1.ClassicCataSlym\CataslymBuild\src\server\scripts\scripts.vcxproj]
  (编译源文件“../../../../TrinityCoreCataClassic/src/server/scripts/Playerbots/Bot/Factory/PlayerbotFactory.cpp”)
  
E:\1.ClassicCataSlym\TrinityCoreCataClassic\src\server\scripts\Playerbots\Bot\Factory\PlayerbotFactory.cpp(640,5): error C2059: 语法错误:“while” [E:\1.ClassicCataSlym\CataslymBuild\src\server\scripts\scripts.vcxproj]
  (编译源文件“../../../../TrinityCoreCataClassic/src/server/scripts/Playerbots/Bot/Factory/PlayerbotFactory.cpp”)
  
E:\1.ClassicCataSlym\TrinityCoreCataClassic\src\server\scripts\Playerbots\Bot\Factory\PlayerbotFactory.cpp(642,5): error C4430: 缺少类型说明符 - 假定为 int。注意: C++ 不支持默认 int [E:\1.ClassicCataSlym\CataslymBuild\src\server\scripts\scripts.vcxproj]
  (编译源文件“../../../../TrinityCoreCataClassic/src/server/scripts/Playerbots/Bot/Factory/PlayerbotFactory.cpp”)
  
E:\1.ClassicCataSlym\TrinityCoreCataClassic\src\server\scripts\Playerbots\Bot\Factory\PlayerbotFactory.cpp(642,5): error C2374: “initSubTimer”: 重定义；多次初始化 [E:\1.ClassicCataSlym\CataslymBuild\src\server\scripts\scripts.vcxproj]
  (编译源文件“../../../../TrinityCoreCataClassic/src/server/scripts/Playerbots/Bot/Factory/PlayerbotFactory.cpp”)
      E:\1.ClassicCataSlym\TrinityCoreCataClassic\src\server\scripts\Playerbots\Bot\Factory\PlayerbotFactory.cpp(618,5):
      参见“initSubTimer”的声明
  
E:\1.ClassicCataSlym\TrinityCoreCataClassic\src\server\scripts\Playerbots\Bot\Factory\PlayerbotFactory.cpp(642,5): error C2086: “int initSubTimer”: 重定义 [E:\1.ClassicCataSlym\CataslymBuild\src\server\scripts\scripts.vcxproj]
  (编译源文件“../../../../TrinityCoreCataClassic/src/server/scripts/Playerbots/Bot/Factory/PlayerbotFactory.cpp”)
      E:\1.ClassicCataSlym\TrinityCoreCataClassic\src\server\scripts\Playerbots\Bot\Factory\PlayerbotFactory.cpp(618,5):
      参见“initSubTimer”的声明
  
E:\1.ClassicCataSlym\TrinityCoreCataClassic\src\server\scripts\Playerbots\Bot\Factory\PlayerbotFactory.cpp(644,38): error C2039: "GetSpellInfoStoreSize": 不是 "SpellMgr" 的成员 [E:\1.ClassicCataSlym\CataslymBuild\src\server\scripts\scripts.vcxproj]
  (编译源文件“../../../../TrinityCoreCataClassic/src/server/scripts/Playerbots/Bot/Factory/PlayerbotFactory.cpp”)
      E:\1.ClassicCataSlym\TrinityCoreCataClassic\src\server\game\Spells\SpellMgr.h(644,19):
      参见“SpellMgr”的声明
  
E:\1.ClassicCataSlym\TrinityCoreCataClassic\src\server\scripts\Playerbots\Bot\Factory\PlayerbotFactory.cpp(646,5): error C2059: 语法错误:“do” [E:\1.ClassicCataSlym\CataslymBuild\src\server\scripts\scripts.vcxproj]
  (编译源文件“../../../../TrinityCoreCataClassic/src/server/scripts/Playerbots/Bot/Factory/PlayerbotFactory.cpp”)
  
E:\1.ClassicCataSlym\TrinityCoreCataClassic\src\server\scripts\Playerbots\Bot\Factory\PlayerbotFactory.cpp(646,5): error C2143: 语法错误: 缺少“;”(在“{”的前面) [E:\1.ClassicCataSlym\CataslymBuild\src\server\scripts\scripts.vcxproj]
  (编译源文件“../../../../TrinityCoreCataClassic/src/server/scripts/Playerbots/Bot/Factory/PlayerbotFactory.cpp”)
  
E:\1.ClassicCataSlym\TrinityCoreCataClassic\src\server\scripts\Playerbots\Bot\Factory\PlayerbotFactory.cpp(646,5): error C2447: “{”: 缺少函数标题(是否是老式的形式表?) [E:\1.ClassicCataSlym\CataslymBuild\src\server\scripts\scripts.vcxproj]
  (编译源文件“../../../../TrinityCoreCataClassic/src/server/scripts/Playerbots/Bot/Factory/PlayerbotFactory.cpp”)
  
E:\1.ClassicCataSlym\TrinityCoreCataClassic\src\server\scripts\Playerbots\Bot\Factory\PlayerbotFactory.cpp(646,5): error C2059: 语法错误:“while” [E:\1.ClassicCataSlym\CataslymBuild\src\server\scripts\scripts.vcxproj]
  (编译源文件“../../../../TrinityCoreCataClassic/src/server/scripts/Playerbots/Bot/Factory/PlayerbotFactory.cpp”)
  
E:\1.ClassicCataSlym\TrinityCoreCataClassic\src\server\scripts\Playerbots\Bot\Factory\PlayerbotFactory.cpp(648,5): error C2059: 语法错误:“for” [E:\1.ClassicCataSlym\CataslymBuild\src\server\scripts\scripts.vcxproj]
  (编译源文件“../../../../TrinityCoreCataClassic/src/server/scripts/Playerbots/Bot/Factory/PlayerbotFactory.cpp”)
  
E:\1.ClassicCataSlym\TrinityCoreCataClassic\src\server\scripts\Playerbots\Bot\Factory\PlayerbotFactory.cpp(648,23): error C2143: 语法错误: 缺少“)”(在“;”的前面) [E:\1.ClassicCataSlym\CataslymBuild\src\server\scripts\scripts.vcxproj]
  (编译源文件“../../../../TrinityCoreCataClassic/src/server/scripts/Playerbots/Bot/Factory/PlayerbotFactory.cpp”)
  
E:\1.ClassicCataSlym\TrinityCoreCataClassic\src\server\scripts\Playerbots\Bot\Factory\PlayerbotFactory.cpp(648,42): error C2143: 语法错误: 缺少“>”(在“;”的前面) [E:\1.ClassicCataSlym\CataslymBuild\src\server\scripts\scripts.vcxproj]
  (编译源文件“../../../../TrinityCoreCataClassic/src/server/scripts/Playerbots/Bot/Factory/PlayerbotFactory.cpp”)
  
E:\1.ClassicCataSlym\TrinityCoreCataClassic\src\server\scripts\Playerbots\Bot\Factory\PlayerbotFactory.cpp(648,25): error C7568: 假定的函数模板“id”后面缺少参数列表 [E:\1.ClassicCataSlym\CataslymBuild\src\server\scripts\scripts.vcxproj]
  (编译源文件“../../../../TrinityCoreCataClassic/src/server/scripts/Playerbots/Bot/Factory/PlayerbotFactory.cpp”)
  
E:\1.ClassicCataSlym\TrinityCoreCataClassic\src\server\scripts\Playerbots\Bot\Factory\PlayerbotFactory.cpp(648,44): error C2059: 语法错误:“++” [E:\1.ClassicCataSlym\CataslymBuild\src\server\scripts\scripts.vcxproj]
  (编译源文件“../../../../TrinityCoreCataClassic/src/server/scripts/Playerbots/Bot/Factory/PlayerbotFactory.cpp”)
  
E:\1.ClassicCataSlym\TrinityCoreCataClassic\src\server\scripts\Playerbots\Bot\Factory\PlayerbotFactory.cpp(648,48): error C2059: 语法错误:“)” [E:\1.ClassicCataSlym\CataslymBuild\src\server\scripts\scripts.vcxproj]
  (编译源文件“../../../../TrinityCoreCataClassic/src/server/scripts/Playerbots/Bot/Factory/PlayerbotFactory.cpp”)
  
E:\1.ClassicCataSlym\TrinityCoreCataClassic\src\server\scripts\Playerbots\Bot\Factory\PlayerbotFactory.cpp(649,5): error C2143: 语法错误: 缺少“;”(在“{”的前面) [E:\1.ClassicCataSlym\CataslymBuild\src\server\scripts\scripts.vcxproj]
  (编译源文件“../../../../TrinityCoreCataClassic/src/server/scripts/Playerbots/Bot/Factory/PlayerbotFactory.cpp”)
  
E:\1.ClassicCataSlym\TrinityCoreCataClassic\src\server\scripts\Playerbots\Bot\Factory\PlayerbotFactory.cpp(649,5): error C2447: “{”: 缺少函数标题(是否是老式的形式表?) [E:\1.ClassicCataSlym\CataslymBuild\src\server\scripts\scripts.vcxproj]
  (编译源文件“../../../../TrinityCoreCataClassic/src/server/scripts/Playerbots/Bot/Factory/PlayerbotFactory.cpp”)
  
E:\1.ClassicCataSlym\TrinityCoreCataClassic\src\server\scripts\Playerbots\Bot\Factory\PlayerbotFactory.cpp(698,5): error C2059: 语法错误:“do” [E:\1.ClassicCataSlym\CataslymBuild\src\server\scripts\scripts.vcxproj]
  (编译源文件“../../../../TrinityCoreCataClassic/src/server/scripts/Playerbots/Bot/Factory/PlayerbotFactory.cpp”)
  
E:\1.ClassicCataSlym\TrinityCoreCataClassic\src\server\scripts\Playerbots\Bot\Factory\PlayerbotFactory.cpp(698,5): error C2143: 语法错误: 缺少“;”(在“{”的前面) [E:\1.ClassicCataSlym\CataslymBuild\src\server\scripts\scripts.vcxproj]
  (编译源文件“../../../../TrinityCoreCataClassic/src/server/scripts/Playerbots/Bot/Factory/PlayerbotFactory.cpp”)
  
E:\1.ClassicCataSlym\TrinityCoreCataClassic\src\server\scripts\Playerbots\Bot\Factory\PlayerbotFactory.cpp(698,5): error C2447: “{”: 缺少函数标题(是否是老式的形式表?) [E:\1.ClassicCataSlym\CataslymBuild\src\server\scripts\scripts.vcxproj]
  (编译源文件“../../../../TrinityCoreCataClassic/src/server/scripts/Playerbots/Bot/Factory/PlayerbotFactory.cpp”)
  
E:\1.ClassicCataSlym\TrinityCoreCataClassic\src\server\scripts\Playerbots\Bot\Factory\PlayerbotFactory.cpp(698,5): error C2059: 语法错误:“while” [E:\1.ClassicCataSlym\CataslymBuild\src\server\scripts\scripts.vcxproj]
  (编译源文件“../../../../TrinityCoreCataClassic/src/server/scripts/Playerbots/Bot/Factory/PlayerbotFactory.cpp”)
  
E:\1.ClassicCataSlym\TrinityCoreCataClassic\src\server\scripts\Playerbots\Bot\Factory\PlayerbotFactory.cpp(701,5): error C2059: 语法错误:“do” [E:\1.ClassicCataSlym\CataslymBuild\src\server\scripts\scripts.vcxproj]
  (编译源文件“../../../../TrinityCoreCataClassic/src/server/scripts/Playerbots/Bot/Factory/PlayerbotFactory.cpp”)
  
E:\1.ClassicCataSlym\TrinityCoreCataClassic\src\server\scripts\Playerbots\Bot\Factory\PlayerbotFactory.cpp(701,5): error C2143: 语法错误: 缺少“;”(在“{”的前面) [E:\1.ClassicCataSlym\CataslymBuild\src\server\scripts\scripts.vcxproj]
  (编译源文件“../../../../TrinityCoreCataClassic/src/server/scripts/Playerbots/Bot/Factory/PlayerbotFactory.cpp”)
  
E:\1.ClassicCataSlym\TrinityCoreCataClassic\src\server\scripts\Playerbots\Bot\Factory\PlayerbotFactory.cpp(701,5): error C2447: “{”: 缺少函数标题(是否是老式的形式表?) [E:\1.ClassicCataSlym\CataslymBuild\src\server\scripts\scripts.vcxproj]
  (编译源文件“../../../../TrinityCoreCataClassic/src/server/scripts/Playerbots/Bot/Factory/PlayerbotFactory.cpp”)
  
E:\1.ClassicCataSlym\TrinityCoreCataClassic\src\server\scripts\Playerbots\Bot\Factory\PlayerbotFactory.cpp(701,5): error C2059: 语法错误:“while” [E:\1.ClassicCataSlym\CataslymBuild\src\server\scripts\scripts.vcxproj]
  (编译源文件“../../../../TrinityCoreCataClassic/src/server/scripts/Playerbots/Bot/Factory/PlayerbotFactory.cpp”)
  
E:\1.ClassicCataSlym\TrinityCoreCataClassic\src\server\scripts\Playerbots\Bot\Factory\PlayerbotFactory.cpp(703,5): error C4430: 缺少类型说明符 - 假定为 int。注意: C++ 不支持默认 int [E:\1.ClassicCataSlym\CataslymBuild\src\server\scripts\scripts.vcxproj]
  (编译源文件“../../../../TrinityCoreCataClassic/src/server/scripts/Playerbots/Bot/Factory/PlayerbotFactory.cpp”)
  
E:\1.ClassicCataSlym\TrinityCoreCataClassic\src\server\scripts\Playerbots\Bot\Factory\PlayerbotFactory.cpp(703,5): error C2374: “initSubTimer”: 重定义；多次初始化 [E:\1.ClassicCataSlym\CataslymBuild\src\server\scripts\scripts.vcxproj]
  (编译源文件“../../../../TrinityCoreCataClassic/src/server/scripts/Playerbots/Bot/Factory/PlayerbotFactory.cpp”)
      E:\1.ClassicCataSlym\TrinityCoreCataClassic\src\server\scripts\Playerbots\Bot\Factory\PlayerbotFactory.cpp(618,5):
      参见“initSubTimer”的声明
  
E:\1.ClassicCataSlym\TrinityCoreCataClassic\src\server\scripts\Playerbots\Bot\Factory\PlayerbotFactory.cpp(703,5): error C2086: “int initSubTimer”: 重定义 [E:\1.ClassicCataSlym\CataslymBuild\src\server\scripts\scripts.vcxproj]
  (编译源文件“../../../../TrinityCoreCataClassic/src/server/scripts/Playerbots/Bot/Factory/PlayerbotFactory.cpp”)
      E:\1.ClassicCataSlym\TrinityCoreCataClassic\src\server\scripts\Playerbots\Bot\Factory\PlayerbotFactory.cpp(618,5):
      参见“initSubTimer”的声明
  
E:\1.ClassicCataSlym\TrinityCoreCataClassic\src\server\scripts\Playerbots\Bot\Factory\PlayerbotFactory.cpp(705,5): error C2059: 语法错误:“for” [E:\1.ClassicCataSlym\CataslymBuild\src\server\scripts\scripts.vcxproj]
  (编译源文件“../../../../TrinityCoreCataClassic/src/server/scripts/Playerbots/Bot/Factory/PlayerbotFactory.cpp”)
  
E:\1.ClassicCataSlym\TrinityCoreCataClassic\src\server\scripts\Playerbots\Bot\Factory\PlayerbotFactory.cpp(705,56): error C2143: 语法错误: 缺少“)”(在“;”的前面) [E:\1.ClassicCataSlym\CataslymBuild\src\server\scripts\scripts.vcxproj]
  (编译源文件“../../../../TrinityCoreCataClassic/src/server/scripts/Playerbots/Bot/Factory/PlayerbotFactory.cpp”)
  
E:\1.ClassicCataSlym\TrinityCoreCataClassic\src\server\scripts\Playerbots\Bot\Factory\PlayerbotFactory.cpp(705,63): error C2143: 语法错误: 缺少“;”(在“!=”的前面) [E:\1.ClassicCataSlym\CataslymBuild\src\server\scripts\scripts.vcxproj]
  (编译源文件“../../../../TrinityCoreCataClassic/src/server/scripts/Playerbots/Bot/Factory/PlayerbotFactory.cpp”)
  
E:\1.ClassicCataSlym\TrinityCoreCataClassic\src\server\scripts\Playerbots\Bot\Factory\PlayerbotFactory.cpp(705,58): error C4430: 缺少类型说明符 - 假定为 int。注意: C++ 不支持默认 int [E:\1.ClassicCataSlym\CataslymBuild\src\server\scripts\scripts.vcxproj]
  (编译源文件“../../../../TrinityCoreCataClassic/src/server/scripts/Playerbots/Bot/Factory/PlayerbotFactory.cpp”)
  
E:\1.ClassicCataSlym\TrinityCoreCataClassic\src\server\scripts\Playerbots\Bot\Factory\PlayerbotFactory.cpp(705,63): error C2059: 语法错误:“!=” [E:\1.ClassicCataSlym\CataslymBuild\src\server\scripts\scripts.vcxproj]
  (编译源文件“../../../../TrinityCoreCataClassic/src/server/scripts/Playerbots/Bot/Factory/PlayerbotFactory.cpp”)
  
E:\1.ClassicCataSlym\TrinityCoreCataClassic\src\server\scripts\Playerbots\Bot\Factory\PlayerbotFactory.cpp(705,104): error C2143: 语法错误: 缺少“;”(在“++”的前面) [E:\1.ClassicCataSlym\CataslymBuild\src\server\scripts\scripts.vcxproj]
  (编译源文件“../../../../TrinityCoreCataClassic/src/server/scripts/Playerbots/Bot/Factory/PlayerbotFactory.cpp”)
  
E:\1.ClassicCataSlym\TrinityCoreCataClassic\src\server\scripts\Playerbots\Bot\Factory\PlayerbotFactory.cpp(705,100): error C4430: 缺少类型说明符 - 假定为 int。注意: C++ 不支持默认 int [E:\1.ClassicCataSlym\CataslymBuild\src\server\scripts\scripts.vcxproj]
  (编译源文件“../../../../TrinityCoreCataClassic/src/server/scripts/Playerbots/Bot/Factory/PlayerbotFactory.cpp”)
  
E:\1.ClassicCataSlym\TrinityCoreCataClassic\src\server\scripts\Playerbots\Bot\Factory\PlayerbotFactory.cpp(705,100): error C2086: “int iter”: 重定义 [E:\1.ClassicCataSlym\CataslymBuild\src\server\scripts\scripts.vcxproj]
  (编译源文件“../../../../TrinityCoreCataClassic/src/server/scripts/Playerbots/Bot/Factory/PlayerbotFactory.cpp”)
      E:\1.ClassicCataSlym\TrinityCoreCataClassic\src\server\scripts\Playerbots\Bot\Factory\PlayerbotFactory.cpp(705,58):
      参见“iter”的声明
  
E:\1.ClassicCataSlym\TrinityCoreCataClassic\src\server\scripts\Playerbots\Bot\Factory\PlayerbotFactory.cpp(705,104): error C2059: 语法错误:“++” [E:\1.ClassicCataSlym\CataslymBuild\src\server\scripts\scripts.vcxproj]
  (编译源文件“../../../../TrinityCoreCataClassic/src/server/scripts/Playerbots/Bot/Factory/PlayerbotFactory.cpp”)
  
E:\1.ClassicCataSlym\TrinityCoreCataClassic\src\server\scripts\Playerbots\Bot\Factory\PlayerbotFactory.cpp(705,106): error C2059: 语法错误:“)” [E:\1.ClassicCataSlym\CataslymBuild\src\server\scripts\scripts.vcxproj]
  (编译源文件“../../../../TrinityCoreCataClassic/src/server/scripts/Playerbots/Bot/Factory/PlayerbotFactory.cpp”)
  
E:\1.ClassicCataSlym\TrinityCoreCataClassic\src\server\scripts\Playerbots\Bot\Factory\PlayerbotFactory.cpp(706,5): error C2143: 语法错误: 缺少“;”(在“{”的前面) [E:\1.ClassicCataSlym\CataslymBuild\src\server\scripts\scripts.vcxproj]
  (编译源文件“../../../../TrinityCoreCataClassic/src/server/scripts/Playerbots/Bot/Factory/PlayerbotFactory.cpp”)
  
E:\1.ClassicCataSlym\TrinityCoreCataClassic\src\server\scripts\Playerbots\Bot\Factory\PlayerbotFactory.cpp(706,5): error C2447: “{”: 缺少函数标题(是否是老式的形式表?) [E:\1.ClassicCataSlym\CataslymBuild\src\server\scripts\scripts.vcxproj]
  (编译源文件“../../../../TrinityCoreCataClassic/src/server/scripts/Playerbots/Bot/Factory/PlayerbotFactory.cpp”)
  
E:\1.ClassicCataSlym\TrinityCoreCataClassic\src\server\scripts\Playerbots\Bot\Factory\PlayerbotFactory.cpp(743,5): error C2059: 语法错误:“do” [E:\1.ClassicCataSlym\CataslymBuild\src\server\scripts\scripts.vcxproj]
  (编译源文件“../../../../TrinityCoreCataClassic/src/server/scripts/Playerbots/Bot/Factory/PlayerbotFactory.cpp”)
  
E:\1.ClassicCataSlym\TrinityCoreCataClassic\src\server\scripts\Playerbots\Bot\Factory\PlayerbotFactory.cpp(743,5): error C2143: 语法错误: 缺少“;”(在“{”的前面) [E:\1.ClassicCataSlym\CataslymBuild\src\server\scripts\scripts.vcxproj]
  (编译源文件“../../../../TrinityCoreCataClassic/src/server/scripts/Playerbots/Bot/Factory/PlayerbotFactory.cpp”)
  
E:\1.ClassicCataSlym\TrinityCoreCataClassic\src\server\scripts\Playerbots\Bot\Factory\PlayerbotFactory.cpp(743,5): error C2447: “{”: 缺少函数标题(是否是老式的形式表?) [E:\1.ClassicCataSlym\CataslymBuild\src\server\scripts\scripts.vcxproj]
  (编译源文件“../../../../TrinityCoreCataClassic/src/server/scripts/Playerbots/Bot/Factory/PlayerbotFactory.cpp”)
  
E:\1.ClassicCataSlym\TrinityCoreCataClassic\src\server\scripts\Playerbots\Bot\Factory\PlayerbotFactory.cpp(743,5): error C2059: 语法错误:“while” [E:\1.ClassicCataSlym\CataslymBuild\src\server\scripts\scripts.vcxproj]
  (编译源文件“../../../../TrinityCoreCataClassic/src/server/scripts/Playerbots/Bot/Factory/PlayerbotFactory.cpp”)
  
E:\1.ClassicCataSlym\TrinityCoreCataClassic\src\server\scripts\Playerbots\Bot\Factory\PlayerbotFactory.cpp(746,5): error C2059: 语法错误:“do” [E:\1.ClassicCataSlym\CataslymBuild\src\server\scripts\scripts.vcxproj]
  (编译源文件“../../../../TrinityCoreCataClassic/src/server/scripts/Playerbots/Bot/Factory/PlayerbotFactory.cpp”)
  
E:\1.ClassicCataSlym\TrinityCoreCataClassic\src\server\scripts\Playerbots\Bot\Factory\PlayerbotFactory.cpp(746,5): error C2143: 语法错误: 缺少“;”(在“{”的前面) [E:\1.ClassicCataSlym\CataslymBuild\src\server\scripts\scripts.vcxproj]
  (编译源文件“../../../../TrinityCoreCataClassic/src/server/scripts/Playerbots/Bot/Factory/PlayerbotFactory.cpp”)
  
E:\1.ClassicCataSlym\TrinityCoreCataClassic\src\server\scripts\Playerbots\Bot\Factory\PlayerbotFactory.cpp(746,5): error C2447: “{”: 缺少函数标题(是否是老式的形式表?) [E:\1.ClassicCataSlym\CataslymBuild\src\server\scripts\scripts.vcxproj]
  (编译源文件“../../../../TrinityCoreCataClassic/src/server/scripts/Playerbots/Bot/Factory/PlayerbotFactory.cpp”)
  
E:\1.ClassicCataSlym\TrinityCoreCataClassic\src\server\scripts\Playerbots\Bot\Factory\PlayerbotFactory.cpp(746,5): error C2059: 语法错误:“while” [E:\1.ClassicCataSlym\CataslymBuild\src\server\scripts\scripts.vcxproj]
  (编译源文件“../../../../TrinityCoreCataClassic/src/server/scripts/Playerbots/Bot/Factory/PlayerbotFactory.cpp”)
  
E:\1.ClassicCataSlym\TrinityCoreCataClassic\src\server\scripts\Playerbots\Bot\Factory\PlayerbotFactory.cpp(748,5): error C4430: 缺少类型说明符 - 假定为 int。注意: C++ 不支持默认 int [E:\1.ClassicCataSlym\CataslymBuild\src\server\scripts\scripts.vcxproj]
  (编译源文件“../../../../TrinityCoreCataClassic/src/server/scripts/Playerbots/Bot/Factory/PlayerbotFactory.cpp”)
  
E:\1.ClassicCataSlym\TrinityCoreCataClassic\src\server\scripts\Playerbots\Bot\Factory\PlayerbotFactory.cpp(749,1): error C2059: 语法错误:“}” [E:\1.ClassicCataSlym\CataslymBuild\src\server\scripts\scripts.vcxproj]
  (编译源文件“../../../../TrinityCoreCataClassic/src/server/scripts/Playerbots/Bot/Factory/PlayerbotFactory.cpp”)
  
E:\1.ClassicCataSlym\TrinityCoreCataClassic\src\server\scripts\Playerbots\Bot\Factory\PlayerbotFactory.cpp(749,1): error C2143: 语法错误: 缺少“;”(在“}”的前面) [E:\1.ClassicCataSlym\CataslymBuild\src\server\scripts\scripts.vcxproj]
  (编译源文件“../../../../TrinityCoreCataClassic/src/server/scripts/Playerbots/Bot/Factory/PlayerbotFactory.cpp”)
  
E:\1.ClassicCataSlym\TrinityCoreCataClassic\src\server\scripts\Playerbots\Bot\Factory\PlayerbotFactory.cpp(753,1): error C2143: 语法错误: 缺少“;”(在“{”的前面) [E:\1.ClassicCataSlym\CataslymBuild\src\server\scripts\scripts.vcxproj]
  (编译源文件“../../../../TrinityCoreCataClassic/src/server/scripts/Playerbots/Bot/Factory/PlayerbotFactory.cpp”)
  
E:\1.ClassicCataSlym\TrinityCoreCataClassic\src\server\scripts\Playerbots\Bot\Factory\PlayerbotFactory.cpp(753,1): error C2447: “{”: 缺少函数标题(是否是老式的形式表?) [E:\1.ClassicCataSlym\CataslymBuild\src\server\scripts\scripts.vcxproj]
  (编译源文件“../../../../TrinityCoreCataClassic/src/server/scripts/Playerbots/Bot/Factory/PlayerbotFactory.cpp”)
  
E:\1.ClassicCataSlym\TrinityCoreCataClassic\src\server\scripts\Playerbots\Bot\Factory\PlayerbotFactory.cpp(905,14): error C2039: "InitTalentForLevel": 不是 "Player" 的成员 [E:\1.ClassicCataSlym\CataslymBuild\src\server\scripts\scripts.vcxproj]
  (编译源文件“../../../../TrinityCoreCataClassic/src/server/scripts/Playerbots/Bot/Factory/PlayerbotFactory.cpp”)
      E:\1.ClassicCataSlym\TrinityCoreCataClassic\src\server\game\Entities\Player\Player.h(1147,19):
      参见“Player”的声明
  
E:\1.ClassicCataSlym\TrinityCoreCataClassic\src\server\scripts\Playerbots\Bot\Factory\PlayerbotFactory.cpp(1448,36): error C2039: "petTalentType": 不是 "CreatureFamilyEntry" 的成员 [E:\1.ClassicCataSlym\CataslymBuild\src\server\scripts\scripts.vcxproj]
  (编译源文件“../../../../TrinityCoreCataClassic/src/server/scripts/Playerbots/Bot/Factory/PlayerbotFactory.cpp”)
      E:\1.ClassicCataSlym\TrinityCoreCataClassic\src\server\game\DataStores\DB2Structure.h(760,8):
      参见“CreatureFamilyEntry”的声明
  
E:\1.ClassicCataSlym\TrinityCoreCataClassic\src\server\scripts\Playerbots\Bot\Factory\PlayerbotFactory.cpp(1463,87): error C2039: "GetTalentTab": 不是 "TalentEntry" 的成员 [E:\1.ClassicCataSlym\CataslymBuild\src\server\scripts\scripts.vcxproj]
  (编译源文件“../../../../TrinityCoreCataClassic/src/server/scripts/Playerbots/Bot/Factory/PlayerbotFactory.cpp”)
      E:\1.ClassicCataSlym\TrinityCoreCataClassic\src\server\game\DataStores\DB2Structure.h(3684,8):
      参见“TalentEntry”的声明
  
E:\1.ClassicCataSlym\TrinityCoreCataClassic\src\server\scripts\Playerbots\Bot\Factory\PlayerbotFactory.cpp(1466,33): error C2039: "petTalentType": 不是 "CreatureFamilyEntry" 的成员 [E:\1.ClassicCataSlym\CataslymBuild\src\server\scripts\scripts.vcxproj]
  (编译源文件“../../../../TrinityCoreCataClassic/src/server/scripts/Playerbots/Bot/Factory/PlayerbotFactory.cpp”)
      E:\1.ClassicCataSlym\TrinityCoreCataClassic\src\server\game\DataStores\DB2Structure.h(760,8):
      参见“CreatureFamilyEntry”的声明
  
E:\1.ClassicCataSlym\TrinityCoreCataClassic\src\server\scripts\Playerbots\Bot\Factory\PlayerbotFactory.cpp(1466,67): error C2039: "petTalentMask": 不是 "TalentTabEntry" 的成员 [E:\1.ClassicCataSlym\CataslymBuild\src\server\scripts\scripts.vcxproj]
  (编译源文件“../../../../TrinityCoreCataClassic/src/server/scripts/Playerbots/Bot/Factory/PlayerbotFactory.cpp”)
      E:\1.ClassicCataSlym\TrinityCoreCataClassic\src\server\game\DataStores\DB2Structure.h(3706,8):
      参见“TalentTabEntry”的声明
  
E:\1.ClassicCataSlym\TrinityCoreCataClassic\src\server\scripts\Playerbots\Bot\Factory\PlayerbotFactory.cpp(1468,38): error C2039: "GetTalentID": 不是 "TalentEntry" 的成员 [E:\1.ClassicCataSlym\CataslymBuild\src\server\scripts\scripts.vcxproj]
  (编译源文件“../../../../TrinityCoreCataClassic/src/server/scripts/Playerbots/Bot/Factory/PlayerbotFactory.cpp”)
      E:\1.ClassicCataSlym\TrinityCoreCataClassic\src\server\game\DataStores\DB2Structure.h(3684,8):
      参见“TalentEntry”的声明
  
E:\1.ClassicCataSlym\TrinityCoreCataClassic\src\server\scripts\Playerbots\Bot\Factory\PlayerbotFactory.cpp(1468,75): error C2039: "GetTalentID": 不是 "TalentEntry" 的成员 [E:\1.ClassicCataSlym\CataslymBuild\src\server\scripts\scripts.vcxproj]
  (编译源文件“../../../../TrinityCoreCataClassic/src/server/scripts/Playerbots/Bot/Factory/PlayerbotFactory.cpp”)
      E:\1.ClassicCataSlym\TrinityCoreCataClassic\src\server\game\DataStores\DB2Structure.h(3684,8):
      参见“TalentEntry”的声明
  
E:\1.ClassicCataSlym\TrinityCoreCataClassic\src\server\scripts\Playerbots\Bot\Factory\PlayerbotFactory.cpp(1468,112): error C2039: "GetTalentID": 不是 "TalentEntry" 的成员 [E:\1.ClassicCataSlym\CataslymBuild\src\server\scripts\scripts.vcxproj]
  (编译源文件“../../../../TrinityCoreCataClassic/src/server/scripts/Playerbots/Bot/Factory/PlayerbotFactory.cpp”)
      E:\1.ClassicCataSlym\TrinityCoreCataClassic\src\server\game\DataStores\DB2Structure.h(3684,8):
      参见“TalentEntry”的声明
  
E:\1.ClassicCataSlym\TrinityCoreCataClassic\src\server\scripts\Playerbots\Bot\Factory\PlayerbotFactory.cpp(1469,38): error C2039: "GetTalentID": 不是 "TalentEntry" 的成员 [E:\1.ClassicCataSlym\CataslymBuild\src\server\scripts\scripts.vcxproj]
  (编译源文件“../../../../TrinityCoreCataClassic/src/server/scripts/Playerbots/Bot/Factory/PlayerbotFactory.cpp”)
      E:\1.ClassicCataSlym\TrinityCoreCataClassic\src\server\game\DataStores\DB2Structure.h(3684,8):
      参见“TalentEntry”的声明
  
E:\1.ClassicCataSlym\TrinityCoreCataClassic\src\server\scripts\Playerbots\Bot\Factory\PlayerbotFactory.cpp(1472,38): error C2039: "GetTalentID": 不是 "TalentEntry" 的成员 [E:\1.ClassicCataSlym\CataslymBuild\src\server\scripts\scripts.vcxproj]
  (编译源文件“../../../../TrinityCoreCataClassic/src/server/scripts/Playerbots/Bot/Factory/PlayerbotFactory.cpp”)
      E:\1.ClassicCataSlym\TrinityCoreCataClassic\src\server\game\DataStores\DB2Structure.h(3684,8):
      参见“TalentEntry”的声明
  
E:\1.ClassicCataSlym\TrinityCoreCataClassic\src\server\scripts\Playerbots\Bot\Factory\PlayerbotFactory.cpp(1472,75): error C2039: "GetTalentID": 不是 "TalentEntry" 的成员 [E:\1.ClassicCataSlym\CataslymBuild\src\server\scripts\scripts.vcxproj]
  (编译源文件“../../../../TrinityCoreCataClassic/src/server/scripts/Playerbots/Bot/Factory/PlayerbotFactory.cpp”)
      E:\1.ClassicCataSlym\TrinityCoreCataClassic\src\server\game\DataStores\DB2Structure.h(3684,8):
      参见“TalentEntry”的声明
  
E:\1.ClassicCataSlym\TrinityCoreCataClassic\src\server\scripts\Playerbots\Bot\Factory\PlayerbotFactory.cpp(1472,112): error C2039: "GetTalentID": 不是 "TalentEntry" 的成员 [E:\1.ClassicCataSlym\CataslymBuild\src\server\scripts\scripts.vcxproj]
  (编译源文件“../../../../TrinityCoreCataClassic/src/server/scripts/Playerbots/Bot/Factory/PlayerbotFactory.cpp”)
      E:\1.ClassicCataSlym\TrinityCoreCataClassic\src\server\game\DataStores\DB2Structure.h(3684,8):
      参见“TalentEntry”的声明
  
E:\1.ClassicCataSlym\TrinityCoreCataClassic\src\server\scripts\Playerbots\Bot\Factory\PlayerbotFactory.cpp(1472,112): error C1003: 错误计数超过 100；正在停止编译 [E:\1.ClassicCataSlym\CataslymBuild\src\server\scripts\scripts.vcxproj]
  (编译源文件“../../../../TrinityCoreCataClassic/src/server/scripts/Playerbots/Bot/Factory/PlayerbotFactory.cpp”)
  
  FleeManager.cpp
E:\1.ClassicCataSlym\TrinityCoreCataClassic\src\server\scripts\Playerbots\Bot\Factory\RandomPlayerbotFactory.cpp(874,41): error C2661: “WorldSession::WorldSession”: 没有重载函数接受 12 个参数 [E:\1.ClassicCataSlym\CataslymBuild\src\server\scripts\scripts.vcxproj]
  (编译源文件“../../../../TrinityCoreCataClassic/src/server/scripts/Playerbots/Bot/Factory/RandomPlayerbotFactory.cpp”)
      E:\1.ClassicCataSlym\TrinityCoreCataClassic\src\server\scripts\Playerbots\Bot\Factory\RandomPlayerbotFactory.cpp(874,41):
      尝试匹配参数列表“(uint32, const char [1], int, nullptr, AccountTypes, Expansions, time_t, const char [1], Minutes, LocaleConstant, int, bool)”时
  
  PlayerbotSecurity.cpp
  Talentspec.cpp
E:\1.ClassicCataSlym\TrinityCoreCataClassic\src\server\scripts\Playerbots\Bot\Factory\RandomPlayerbotFactory.cpp(1102,19): error C2039: "SetRatingForAll": 不是 "ArenaTeam" 的成员 [E:\1.ClassicCataSlym\CataslymBuild\src\server\scripts\scripts.vcxproj]
  (编译源文件“../../../../TrinityCoreCataClassic/src/server/scripts/Playerbots/Bot/Factory/RandomPlayerbotFactory.cpp”)
      E:\1.ClassicCataSlym\TrinityCoreCataClassic\src\server\game\Battlegrounds\ArenaTeam.h(111,19):
      参见“ArenaTeam”的声明
  
E:\1.ClassicCataSlym\TrinityCoreCataClassic\src\server\scripts\Playerbots\Bot\Factory\RandomPlayerbotFactory.cpp(1106,39): error C2039: "GetMembers": 不是 "ArenaTeam" 的成员 [E:\1.ClassicCataSlym\CataslymBuild\src\server\scripts\scripts.vcxproj]
  (编译源文件“../../../../TrinityCoreCataClassic/src/server/scripts/Playerbots/Bot/Factory/RandomPlayerbotFactory.cpp”)
      E:\1.ClassicCataSlym\TrinityCoreCataClassic\src\server\game\Battlegrounds\ArenaTeam.h(111,19):
      参见“ArenaTeam”的声明
  
E:\1.ClassicCataSlym\TrinityCoreCataClassic\src\server\scripts\Playerbots\Bot\Factory\RandomPlayerbotFactory.cpp(1106,24): error C2530: “member”: 必须初始化引用 [E:\1.ClassicCataSlym\CataslymBuild\src\server\scripts\scripts.vcxproj]
  (编译源文件“../../../../TrinityCoreCataClassic/src/server/scripts/Playerbots/Bot/Factory/RandomPlayerbotFactory.cpp”)
  
E:\1.ClassicCataSlym\TrinityCoreCataClassic\src\server\scripts\Playerbots\Bot\Factory\RandomPlayerbotFactory.cpp(1106,24): error C3531: “member”: 类型包含“auto”的符号必须具有初始值设定项 [E:\1.ClassicCataSlym\CataslymBuild\src\server\scripts\scripts.vcxproj]
  (编译源文件“../../../../TrinityCoreCataClassic/src/server/scripts/Playerbots/Bot/Factory/RandomPlayerbotFactory.cpp”)
  
E:\1.ClassicCataSlym\TrinityCoreCataClassic\src\server\scripts\Playerbots\Bot\Factory\RandomPlayerbotFactory.cpp(1106,31): error C2143: 语法错误: 缺少“;”(在“:”的前面) [E:\1.ClassicCataSlym\CataslymBuild\src\server\scripts\scripts.vcxproj]
  (编译源文件“../../../../TrinityCoreCataClassic/src/server/scripts/Playerbots/Bot/Factory/RandomPlayerbotFactory.cpp”)
  
E:\1.ClassicCataSlym\TrinityCoreCataClassic\src\server\scripts\Playerbots\Bot\Factory\RandomPlayerbotFactory.cpp(1106,51): error C2143: 语法错误: 缺少“;”(在“)”的前面) [E:\1.ClassicCataSlym\CataslymBuild\src\server\scripts\scripts.vcxproj]
  (编译源文件“../../../../TrinityCoreCataClassic/src/server/scripts/Playerbots/Bot/Factory/RandomPlayerbotFactory.cpp”)
  
E:\1.ClassicCataSlym\TrinityCoreCataClassic\src\server\scripts\Playerbots\Bot\Factory\RandomPlayerbotFactory.cpp(1109,38): error C2672: “std::max”: 未找到匹配的重载函数 [E:\1.ClassicCataSlym\CataslymBuild\src\server\scripts\scripts.vcxproj]
  (编译源文件“../../../../TrinityCoreCataClassic/src/server/scripts/Playerbots/Bot/Factory/RandomPlayerbotFactory.cpp”)
      C:\Program Files\Microsoft Visual Studio\18\Insiders\VC\Tools\MSVC\14.51.36231\include\utility(88,26):
      可能是“_Ty std::max(std::initializer_list<_Elem>)”
      C:\Program Files\Microsoft Visual Studio\18\Insiders\VC\Tools\MSVC\14.51.36231\include\utility(85,26):
      或    “_Ty std::max(std::initializer_list<_Elem>,_Pr)”
          E:\1.ClassicCataSlym\TrinityCoreCataClassic\src\server\scripts\Playerbots\Bot\Factory\RandomPlayerbotFactory.cpp(1109,38):
          “_Ty std::max(std::initializer_list<_Elem>,_Pr)”: 应输入 2 个参数，却提供了 1 个
      C:\Program Files\Microsoft Visual Studio\18\Insiders\VC\Tools\MSVC\14.51.36231\include\utility(77,6):
      或    “const _Ty &std::max(const _Ty &,const _Ty &) noexcept(<expr>)”
          E:\1.ClassicCataSlym\TrinityCoreCataClassic\src\server\scripts\Playerbots\Bot\Factory\RandomPlayerbotFactory.cpp(1109,38):
          “const _Ty &std::max(const _Ty &,const _Ty &) noexcept(<expr>)”: 应输入 2 个参数，却提供了 1 个
      C:\Program Files\Microsoft Visual Studio\18\Insiders\VC\Tools\MSVC\14.51.36231\include\utility(67,33):
      或    “const _Ty &std::max(const _Ty &,const _Ty &,_Pr) noexcept(<expr>)”
          E:\1.ClassicCataSlym\TrinityCoreCataClassic\src\server\scripts\Playerbots\Bot\Factory\RandomPlayerbotFactory.cpp(1109,38):
          “const _Ty &std::max(const _Ty &,const _Ty &,_Pr) noexcept(<expr>)”: 应输入 3 个参数，却提供了 1 个
  
E:\1.ClassicCataSlym\TrinityCoreCataClassic\src\server\scripts\Playerbots\Bot\Factory\RandomPlayerbotFactory.cpp(1142,16): error C2039: "SetRatingForAll": 不是 "ArenaTeam" 的成员 [E:\1.ClassicCataSlym\CataslymBuild\src\server\scripts\scripts.vcxproj]
  (编译源文件“../../../../TrinityCoreCataClassic/src/server/scripts/Playerbots/Bot/Factory/RandomPlayerbotFactory.cpp”)
      E:\1.ClassicCataSlym\TrinityCoreCataClassic\src\server\game\Battlegrounds\ArenaTeam.h(111,19):
      参见“ArenaTeam”的声明
  
E:\1.ClassicCataSlym\TrinityCoreCataClassic\src\server\scripts\Playerbots\Bot\Factory\RandomPlayerbotFactory.cpp(1150,16): error C2039: "SetEmblem": 不是 "ArenaTeam" 的成员 [E:\1.ClassicCataSlym\CataslymBuild\src\server\scripts\scripts.vcxproj]
  (编译源文件“../../../../TrinityCoreCataClassic/src/server/scripts/Playerbots/Bot/Factory/RandomPlayerbotFactory.cpp”)
      E:\1.ClassicCataSlym\TrinityCoreCataClassic\src\server\game\Battlegrounds\ArenaTeam.h(111,19):
      参见“ArenaTeam”的声明
  
  PlayerbotTextMgr.cpp
  TravelMgr.cpp
  TravelNode.cpp
  FastGroup.cpp
E:\1.ClassicCataSlym\TrinityCoreCataClassic\src\server\scripts\Playerbots\Mgr\Item\StatsWeightCalculator.cpp(285,47): warning C4389: '==': 有符号/无符号不匹配 [E:\1.ClassicCataSlym\CataslymBuild\src\server\scripts\scripts.vcxproj]
  (编译源文件“../../../../TrinityCoreCataClassic/src/server/scripts/Playerbots/Mgr/Item/StatsWeightCalculator.cpp”)
  
E:\1.ClassicCataSlym\TrinityCoreCataClassic\src\server\scripts\Playerbots\Mgr\Item\StatsWeightCalculator.cpp(672,28): error C2027: 使用了未定义类型“ItemSetEffect” [E:\1.ClassicCataSlym\CataslymBuild\src\server\scripts\scripts.vcxproj]
  (编译源文件“../../../../TrinityCoreCataClassic/src/server/scripts/Playerbots/Mgr/Item/StatsWeightCalculator.cpp”)
      E:\1.ClassicCataSlym\TrinityCoreCataClassic\src\server\game\Entities\Player\Player.h(50,8):
      参见“ItemSetEffect”的声明
  
E:\1.ClassicCataSlym\TrinityCoreCataClassic\src\server\scripts\Playerbots\Mgr\Item\StatsWeightCalculator.cpp(676,40): error C2027: 使用了未定义类型“ItemSetEffect” [E:\1.ClassicCataSlym\CataslymBuild\src\server\scripts\scripts.vcxproj]
  (编译源文件“../../../../TrinityCoreCataClassic/src/server/scripts/Playerbots/Mgr/Item/StatsWeightCalculator.cpp”)
      E:\1.ClassicCataSlym\TrinityCoreCataClassic\src\server\game\Entities\Player\Player.h(50,8):
      参见“ItemSetEffect”的声明
  
E:\1.ClassicCataSlym\TrinityCoreCataClassic\src\server\scripts\Playerbots\Mgr\Item\StatsWeightCalculator.cpp(679,54): error C2027: 使用了未定义类型“ItemSetEffect” [E:\1.ClassicCataSlym\CataslymBuild\src\server\scripts\scripts.vcxproj]
  (编译源文件“../../../../TrinityCoreCataClassic/src/server/scripts/Playerbots/Mgr/Item/StatsWeightCalculator.cpp”)
      E:\1.ClassicCataSlym\TrinityCoreCataClassic\src\server\game\Entities\Player\Player.h(50,8):
      参见“ItemSetEffect”的声明
  
E:\1.ClassicCataSlym\TrinityCoreCataClassic\src\server\scripts\Playerbots\Mgr\Item\StatsWeightCalculator.cpp(679,52): error C2143: 语法错误: 缺少“;”(在“:”的前面) [E:\1.ClassicCataSlym\CataslymBuild\src\server\scripts\scripts.vcxproj]
  (编译源文件“../../../../TrinityCoreCataClassic/src/server/scripts/Playerbots/Mgr/Item/StatsWeightCalculator.cpp”)
  
E:\1.ClassicCataSlym\TrinityCoreCataClassic\src\server\scripts\Playerbots\Mgr\Item\StatsWeightCalculator.cpp(679,69): error C2143: 语法错误: 缺少“;”(在“)”的前面) [E:\1.ClassicCataSlym\CataslymBuild\src\server\scripts\scripts.vcxproj]
  (编译源文件“../../../../TrinityCoreCataClassic/src/server/scripts/Playerbots/Mgr/Item/StatsWeightCalculator.cpp”)
  
E:\1.ClassicCataSlym\TrinityCoreCataClassic\src\server\scripts\Playerbots\Mgr\Item\StatsWeightCalculator.cpp(840,46): error C2065: “SPELL_AURA_MOD_INCREASES_SPELL_PCT_TO_HIT”: 未声明的标识符 [E:\1.ClassicCataSlym\CataslymBuild\src\server\scripts\scripts.vcxproj]
  (编译源文件“../../../../TrinityCoreCataClassic/src/server/scripts/Playerbots/Mgr/Item/StatsWeightCalculator.cpp”)
  
E:\1.ClassicCataSlym\TrinityCoreCataClassic\src\server\scripts\Playerbots\Mgr\Item\StatsWeightCalculator.cpp(882,41): error C2039: "GetExpertiseValue": 不是 "Player" 的成员 [E:\1.ClassicCataSlym\CataslymBuild\src\server\scripts\scripts.vcxproj]
  (编译源文件“../../../../TrinityCoreCataClassic/src/server/scripts/Playerbots/Mgr/Item/StatsWeightCalculator.cpp”)
      E:\1.ClassicCataSlym\TrinityCoreCataClassic\src\server\game\Entities\Player\Player.h(1147,19):
      参见“Player”的声明
  
E:\1.ClassicCataSlym\TrinityCoreCataClassic\src\server\scripts\Playerbots\Mgr\Item\StatsWeightCalculator.cpp(1072,79): error C2039: "Delay": 不是 "ItemTemplate" 的成员 [E:\1.ClassicCataSlym\CataslymBuild\src\server\scripts\scripts.vcxproj]
  (编译源文件“../../../../TrinityCoreCataClassic/src/server/scripts/Playerbots/Mgr/Item/StatsWeightCalculator.cpp”)
      E:\1.ClassicCataSlym\TrinityCoreCataClassic\src\server\game\Entities\Item\ItemTemplate.h(812,20):
      参见“ItemTemplate”的声明
  
  PlayerbotCommandScript.cpp
  Playerbots.cpp
  PlayerbotsSecureLogin.cpp
  PlayerbotsSelfBotAfk.cpp
E:\1.ClassicCataSlym\TrinityCoreCataClassic\src\server\scripts\Playerbots\Compat\MapCollisionData.h(10,1): error C1083: 无法打开包括文件: “Collision/Management/VMapManager2.h”: No such file or directory [E:\1.ClassicCataSlym\CataslymBuild\src\server\scripts\scripts.vcxproj]
  (编译源文件“../../../../TrinityCoreCataClassic/src/server/scripts/Playerbots/Mgr/Travel/TravelMgr.cpp”)
  
  forplayerCommand.cpp
  playerbots_loader.cpp
  PlayerbotWorldThreadProcessor.cpp
E:\1.ClassicCataSlym\TrinityCoreCataClassic\src\server\scripts\Playerbots\Script\forplayerCommand.cpp(33,22): error C2090: 函数返回数组 [E:\1.ClassicCataSlym\CataslymBuild\src\server\scripts\scripts.vcxproj]
  (编译源文件“../../../../TrinityCoreCataClassic/src/server/scripts/Playerbots/Script/forplayerCommand.cpp”)
  
E:\1.ClassicCataSlym\TrinityCoreCataClassic\src\server\scripts\Playerbots\Script\forplayerCommand.cpp(33,22): error C2555: “ForPlayerCommandScript::GetCommands”: 重写虚函数返回类型有差异，且不是来自“CommandScript::GetCommands”的协变 [E:\1.ClassicCataSlym\CataslymBuild\src\server\scripts\scripts.vcxproj]
  (编译源文件“../../../../TrinityCoreCataClassic/src/server/scripts/Playerbots/Script/forplayerCommand.cpp”)
      E:\1.ClassicCataSlym\TrinityCoreCataClassic\src\server\game\Scripting\ScriptMgr.h(551,76):
      参见“CommandScript::GetCommands”的声明
  
  Queue.cpp
E:\1.ClassicCataSlym\TrinityCoreCataClassic\src\server\scripts\Playerbots\Mgr\Guild\GuildTaskMgr.cpp(437,27): error C2039: "area_name": 不是 "AreaTableEntry" 的成员 [E:\1.ClassicCataSlym\CataslymBuild\src\server\scripts\scripts.vcxproj]
  (编译源文件“../../../../TrinityCoreCataClassic/src/server/scripts/Playerbots/Mgr/Guild/GuildTaskMgr.cpp”)
      E:\1.ClassicCataSlym\TrinityCoreCataClassic\src\server\game\DataStores\DB2Structure.h(85,8):
      参见“AreaTableEntry”的声明
  
E:\1.ClassicCataSlym\TrinityCoreCataClassic\src\server\scripts\Playerbots\Mgr\Guild\GuildTaskMgr.cpp(461,31): error C2676: 二进制“==”:“const CreatureClassifications”不定义该运算符或到预定义运算符可接收的类型的转换 [E:\1.ClassicCataSlym\CataslymBuild\src\server\scripts\scripts.vcxproj]
  (编译源文件“../../../../TrinityCoreCataClassic/src/server/scripts/Playerbots/Mgr/Guild/GuildTaskMgr.cpp”)
  
E:\1.ClassicCataSlym\TrinityCoreCataClassic\src\server\scripts\Playerbots\Mgr\Guild\GuildTaskMgr.cpp(461,80): error C2676: 二进制“==”:“const CreatureClassifications”不定义该运算符或到预定义运算符可接收的类型的转换 [E:\1.ClassicCataSlym\CataslymBuild\src\server\scripts\scripts.vcxproj]
  (编译源文件“../../../../TrinityCoreCataClassic/src/server/scripts/Playerbots/Mgr/Guild/GuildTaskMgr.cpp”)
  
E:\1.ClassicCataSlym\TrinityCoreCataClassic\src\server\scripts\Playerbots\Mgr\Guild\GuildTaskMgr.cpp(462,31): error C2676: 二进制“==”:“const CreatureClassifications”不定义该运算符或到预定义运算符可接收的类型的转换 [E:\1.ClassicCataSlym\CataslymBuild\src\server\scripts\scripts.vcxproj]
  (编译源文件“../../../../TrinityCoreCataClassic/src/server/scripts/Playerbots/Mgr/Guild/GuildTaskMgr.cpp”)
  
E:\1.ClassicCataSlym\TrinityCoreCataClassic\src\server\scripts\Playerbots\Mgr\Guild\GuildTaskMgr.cpp(528,17): error C2039: "Stackable": 不是 "ItemTemplate" 的成员 [E:\1.ClassicCataSlym\CataslymBuild\src\server\scripts\scripts.vcxproj]
  (编译源文件“../../../../TrinityCoreCataClassic/src/server/scripts/Playerbots/Mgr/Guild/GuildTaskMgr.cpp”)
      E:\1.ClassicCataSlym\TrinityCoreCataClassic\src\server\game\Entities\Item\ItemTemplate.h(812,20):
      参见“ItemTemplate”的声明
  
E:\1.ClassicCataSlym\TrinityCoreCataClassic\src\server\scripts\Playerbots\Mgr\Guild\GuildTaskMgr.cpp(786,34): error C2440: “类型强制转换”: 无法从“int”转换为“const CreatureClassifications” [E:\1.ClassicCataSlym\CataslymBuild\src\server\scripts\scripts.vcxproj]
  (编译源文件“../../../../TrinityCoreCataClassic/src/server/scripts/Playerbots/Mgr/Guild/GuildTaskMgr.cpp”)
      E:\1.ClassicCataSlym\TrinityCoreCataClassic\src\server\scripts\Playerbots\Mgr\Guild\GuildTaskMgr.cpp(786,34):
      转换为枚举类型需要显式强制转换(static_cast、C 样式强制转换或带圆括号函数样式强制转换)
  
E:\1.ClassicCataSlym\TrinityCoreCataClassic\src\server\scripts\Playerbots\Mgr\Guild\GuildTaskMgr.cpp(786,29): error C2046: case 语句不在 switch 语句中 [E:\1.ClassicCataSlym\CataslymBuild\src\server\scripts\scripts.vcxproj]
  (编译源文件“../../../../TrinityCoreCataClassic/src/server/scripts/Playerbots/Mgr/Guild/GuildTaskMgr.cpp”)
  
E:\1.ClassicCataSlym\TrinityCoreCataClassic\src\server\scripts\Playerbots\Mgr\Guild\GuildTaskMgr.cpp(789,34): error C2440: “类型强制转换”: 无法从“int”转换为“const CreatureClassifications” [E:\1.ClassicCataSlym\CataslymBuild\src\server\scripts\scripts.vcxproj]
  (编译源文件“../../../../TrinityCoreCataClassic/src/server/scripts/Playerbots/Mgr/Guild/GuildTaskMgr.cpp”)
      E:\1.ClassicCataSlym\TrinityCoreCataClassic\src\server\scripts\Playerbots\Mgr\Guild\GuildTaskMgr.cpp(789,34):
      转换为枚举类型需要显式强制转换(static_cast、C 样式强制转换或带圆括号函数样式强制转换)
  
E:\1.ClassicCataSlym\TrinityCoreCataClassic\src\server\scripts\Playerbots\Mgr\Guild\GuildTaskMgr.cpp(789,29): error C2046: case 语句不在 switch 语句中 [E:\1.ClassicCataSlym\CataslymBuild\src\server\scripts\scripts.vcxproj]
  (编译源文件“../../../../TrinityCoreCataClassic/src/server/scripts/Playerbots/Mgr/Guild/GuildTaskMgr.cpp”)
  
E:\1.ClassicCataSlym\TrinityCoreCataClassic\src\server\scripts\Playerbots\Mgr\Guild\GuildTaskMgr.cpp(792,25): warning C4060: switch 语句没有包含“case”或“default”标签 [E:\1.ClassicCataSlym\CataslymBuild\src\server\scripts\scripts.vcxproj]
  (编译源文件“../../../../TrinityCoreCataClassic/src/server/scripts/Playerbots/Mgr/Guild/GuildTaskMgr.cpp”)
  
E:\1.ClassicCataSlym\TrinityCoreCataClassic\src\server\scripts\Playerbots\Mgr\Guild\GuildTaskMgr.cpp(1029,44): error C2676: 二进制“==”:“const CreatureClassifications”不定义该运算符或到预定义运算符可接收的类型的转换 [E:\1.ClassicCataSlym\CataslymBuild\src\server\scripts\scripts.vcxproj]
  (编译源文件“../../../../TrinityCoreCataClassic/src/server/scripts/Playerbots/Mgr/Guild/GuildTaskMgr.cpp”)
  
E:\1.ClassicCataSlym\TrinityCoreCataClassic\src\server\scripts\Playerbots\Mgr\Guild\GuildTaskMgr.cpp(1040,43): error C2676: 二进制“!=”:“const CreatureClassifications”不定义该运算符或到预定义运算符可接收的类型的转换 [E:\1.ClassicCataSlym\CataslymBuild\src\server\scripts\scripts.vcxproj]
  (编译源文件“../../../../TrinityCoreCataClassic/src/server/scripts/Playerbots/Mgr/Guild/GuildTaskMgr.cpp”)
  
  BroadcastHelper.cpp
  EncounterHelpers.cpp
  Helpers.cpp
  PlaceholderHelper.cpp
E:\1.ClassicCataSlym\TrinityCoreCataClassic\src\server\scripts\Playerbots\Script\PlayerbotCommandScript.cpp(34,22): error C2090: 函数返回数组 [E:\1.ClassicCataSlym\CataslymBuild\src\server\scripts\scripts.vcxproj]
  (编译源文件“../../../../TrinityCoreCataClassic/src/server/scripts/Playerbots/Script/PlayerbotCommandScript.cpp”)
  
E:\1.ClassicCataSlym\TrinityCoreCataClassic\src\server\scripts\Playerbots\Script\PlayerbotCommandScript.cpp(34,22): error C2555: “playerbots_commandscript::GetCommands”: 重写虚函数返回类型有差异，且不是来自“CommandScript::GetCommands”的协变 [E:\1.ClassicCataSlym\CataslymBuild\src\server\scripts\scripts.vcxproj]
  (编译源文件“../../../../TrinityCoreCataClassic/src/server/scripts/Playerbots/Script/PlayerbotCommandScript.cpp”)
      E:\1.ClassicCataSlym\TrinityCoreCataClassic\src\server\game\Scripting\ScriptMgr.h(551,76):
      参见“CommandScript::GetCommands”的声明
  
E:\1.ClassicCataSlym\TrinityCoreCataClassic\src\server\scripts\Playerbots\Mgr\Item\StatsCollector.cpp(36,39): error C2039: "GetArmor": 不是 "ItemTemplate" 的成员 [E:\1.ClassicCataSlym\CataslymBuild\src\server\scripts\scripts.vcxproj]
  (编译源文件“../../../../TrinityCoreCataClassic/src/server/scripts/Playerbots/Mgr/Item/StatsCollector.cpp”)
      E:\1.ClassicCataSlym\TrinityCoreCataClassic\src\server\game\Entities\Item\ItemTemplate.h(812,20):
      参见“ItemTemplate”的声明
  
E:\1.ClassicCataSlym\TrinityCoreCataClassic\src\server\scripts\Playerbots\Mgr\Item\StatsCollector.cpp(37,45): error C2039: "GetShieldBlockValue": 不是 "ItemTemplate" 的成员 [E:\1.ClassicCataSlym\CataslymBuild\src\server\scripts\scripts.vcxproj]
  (编译源文件“../../../../TrinityCoreCataClassic/src/server/scripts/Playerbots/Mgr/Item/StatsCollector.cpp”)
      E:\1.ClassicCataSlym\TrinityCoreCataClassic\src\server\game\Entities\Item\ItemTemplate.h(812,20):
      参见“ItemTemplate”的声明
  
E:\1.ClassicCataSlym\TrinityCoreCataClassic\src\server\scripts\Playerbots\Mgr\Item\StatsCollector.cpp(38,35): error C2039: "StatsCount": 不是 "ItemTemplate" 的成员 [E:\1.ClassicCataSlym\CataslymBuild\src\server\scripts\scripts.vcxproj]
  (编译源文件“../../../../TrinityCoreCataClassic/src/server/scripts/Playerbots/Mgr/Item/StatsCollector.cpp”)
      E:\1.ClassicCataSlym\TrinityCoreCataClassic\src\server\game\Entities\Item\ItemTemplate.h(812,20):
      参见“ItemTemplate”的声明
  
  ServerFacade.cpp
E:\1.ClassicCataSlym\TrinityCoreCataClassic\src\server\scripts\Playerbots\Mgr\Item\StatsCollector.cpp(648,34): error C2065: “CR_WEAPON_SKILL”: 未声明的标识符 [E:\1.ClassicCataSlym\CataslymBuild\src\server\scripts\scripts.vcxproj]
  (编译源文件“../../../../TrinityCoreCataClassic/src/server/scripts/Playerbots/Mgr/Item/StatsCollector.cpp”)
  
E:\1.ClassicCataSlym\TrinityCoreCataClassic\src\server\scripts\Playerbots\Mgr\Item\LootObjectStack.cpp(81,36): error C2039: "loot": 不是 "Creature" 的成员 [E:\1.ClassicCataSlym\CataslymBuild\src\server\scripts\scripts.vcxproj]
  (编译源文件“../../../../TrinityCoreCataClassic/src/server/scripts/Playerbots/Mgr/Item/LootObjectStack.cpp”)
      E:\1.ClassicCataSlym\TrinityCoreCataClassic\src\server\game\Entities\Creature\Creature.h(81,19):
      参见“Creature”的声明
  
E:\1.ClassicCataSlym\TrinityCoreCataClassic\src\server\scripts\Playerbots\Mgr\Item\LootObjectStack.cpp(81,24): error C2530: “loot”: 必须初始化引用 [E:\1.ClassicCataSlym\CataslymBuild\src\server\scripts\scripts.vcxproj]
  (编译源文件“../../../../TrinityCoreCataClassic/src/server/scripts/Playerbots/Mgr/Item/LootObjectStack.cpp”)
  
E:\1.ClassicCataSlym\TrinityCoreCataClassic\src\server\scripts\Playerbots\Mgr\Item\LootObjectStack.cpp(88,54): error C2661: “LootItem::AllowedForPlayer”: 没有重载函数接受 1 个参数 [E:\1.ClassicCataSlym\CataslymBuild\src\server\scripts\scripts.vcxproj]
  (编译源文件“../../../../TrinityCoreCataClassic/src/server/scripts/Playerbots/Mgr/Item/LootObjectStack.cpp”)
      E:\1.ClassicCataSlym\TrinityCoreCataClassic\src\server\scripts\Playerbots\Mgr\Item\LootObjectStack.cpp(88,54):
      尝试匹配参数列表“(Player *)”时
  
E:\1.ClassicCataSlym\TrinityCoreCataClassic\src\server\scripts\Playerbots\Util\ServerFacade.cpp(16,1): error C1083: 无法打开包括文件: “AbstractPursuer.h”: No such file or directory [E:\1.ClassicCataSlym\CataslymBuild\src\server\scripts\scripts.vcxproj]
  (编译源文件“../../../../TrinityCoreCataClassic/src/server/scripts/Playerbots/Util/ServerFacade.cpp”)
  
E:\1.ClassicCataSlym\TrinityCoreCataClassic\src\server\scripts\Playerbots\Mgr\Item\LootObjectStack.cpp(93,50): error C2039: "quest_items": 不是 "Loot" 的成员 [E:\1.ClassicCataSlym\CataslymBuild\src\server\scripts\scripts.vcxproj]
  (编译源文件“../../../../TrinityCoreCataClassic/src/server/scripts/Playerbots/Mgr/Item/LootObjectStack.cpp”)
      E:\1.ClassicCataSlym\TrinityCoreCataClassic\src\server\game\Loot\Loot.h(293,20):
      参见“Loot”的声明
  
E:\1.ClassicCataSlym\TrinityCoreCataClassic\src\server\scripts\Playerbots\Mgr\Item\LootObjectStack.cpp(93,34): error C2530: “lootItem”: 必须初始化引用 [E:\1.ClassicCataSlym\CataslymBuild\src\server\scripts\scripts.vcxproj]
  (编译源文件“../../../../TrinityCoreCataClassic/src/server/scripts/Playerbots/Mgr/Item/LootObjectStack.cpp”)
  
E:\1.ClassicCataSlym\TrinityCoreCataClassic\src\server\scripts\Playerbots\Mgr\Item\LootObjectStack.cpp(93,43): error C2143: 语法错误: 缺少“;”(在“:”的前面) [E:\1.ClassicCataSlym\CataslymBuild\src\server\scripts\scripts.vcxproj]
  (编译源文件“../../../../TrinityCoreCataClassic/src/server/scripts/Playerbots/Mgr/Item/LootObjectStack.cpp”)
  
E:\1.ClassicCataSlym\TrinityCoreCataClassic\src\server\scripts\Playerbots\Mgr\Item\LootObjectStack.cpp(93,61): error C2143: 语法错误: 缺少“;”(在“)”的前面) [E:\1.ClassicCataSlym\CataslymBuild\src\server\scripts\scripts.vcxproj]
  (编译源文件“../../../../TrinityCoreCataClassic/src/server/scripts/Playerbots/Mgr/Item/LootObjectStack.cpp”)
  
E:\1.ClassicCataSlym\TrinityCoreCataClassic\src\server\scripts\Playerbots\Mgr\Item\LootObjectStack.cpp(99,54): error C2661: “LootItem::AllowedForPlayer”: 没有重载函数接受 1 个参数 [E:\1.ClassicCataSlym\CataslymBuild\src\server\scripts\scripts.vcxproj]
  (编译源文件“../../../../TrinityCoreCataClassic/src/server/scripts/Playerbots/Mgr/Item/LootObjectStack.cpp”)
      E:\1.ClassicCataSlym\TrinityCoreCataClassic\src\server\scripts\Playerbots\Mgr\Item\LootObjectStack.cpp(99,54):
      尝试匹配参数列表“(Player *)”时
  
E:\1.ClassicCataSlym\TrinityCoreCataClassic\src\server\scripts\Playerbots\Mgr\Item\LootObjectStack.cpp(115,56): error C2039: "GetRequiredLootSkill": 不是 "CreatureTemplate" 的成员 [E:\1.ClassicCataSlym\CataslymBuild\src\server\scripts\scripts.vcxproj]
  (编译源文件“../../../../TrinityCoreCataClassic/src/server/scripts/Playerbots/Mgr/Item/LootObjectStack.cpp”)
      E:\1.ClassicCataSlym\TrinityCoreCataClassic\src\server\game\Entities\Creature\CreatureData.h(485,20):
      参见“CreatureTemplate”的声明
  
E:\1.ClassicCataSlym\TrinityCoreCataClassic\src\server\scripts\Playerbots\Mgr\Item\LootObjectStack.cpp(176,18): error C2512: “Loot”: 没有合适的默认构造函数可用 [E:\1.ClassicCataSlym\CataslymBuild\src\server\scripts\scripts.vcxproj]
  (编译源文件“../../../../TrinityCoreCataClassic/src/server/scripts/Playerbots/Mgr/Item/LootObjectStack.cpp”)
      E:\1.ClassicCataSlym\TrinityCoreCataClassic\src\server\game\Loot\Loot.h(293,20):
      参见“Loot”的声明
  
E:\1.ClassicCataSlym\TrinityCoreCataClassic\src\server\scripts\Playerbots\Mgr\Item\LootObjectStack.cpp(200,26): error C2512: “Loot”: 没有合适的默认构造函数可用 [E:\1.ClassicCataSlym\CataslymBuild\src\server\scripts\scripts.vcxproj]
  (编译源文件“../../../../TrinityCoreCataClassic/src/server/scripts/Playerbots/Mgr/Item/LootObjectStack.cpp”)
      E:\1.ClassicCataSlym\TrinityCoreCataClassic\src\server\game\Loot\Loot.h(293,20):
      参见“Loot”的声明
  
  spell_dk.cpp
  spell_druid.cpp
E:\1.ClassicCataSlym\TrinityCoreCataClassic\src\server\scripts\Playerbots\Mgr\Item\RandomItemMgr.cpp(511,80): error C2039: "GetArmor": 不是 "ItemTemplate" 的成员 [E:\1.ClassicCataSlym\CataslymBuild\src\server\scripts\scripts.vcxproj]
  (编译源文件“../../../../TrinityCoreCataClassic/src/server/scripts/Playerbots/Mgr/Item/RandomItemMgr.cpp”)
      E:\1.ClassicCataSlym\TrinityCoreCataClassic\src\server\game\Entities\Item\ItemTemplate.h(812,20):
      参见“ItemTemplate”的声明
  
E:\1.ClassicCataSlym\TrinityCoreCataClassic\src\server\scripts\Playerbots\Mgr\Item\RandomItemMgr.cpp(511,19): error C2660: “RandomItemMgr::CalculateSingleStatWeight”: 函数不接受 3 个参数 [E:\1.ClassicCataSlym\CataslymBuild\src\server\scripts\scripts.vcxproj]
  (编译源文件“../../../../TrinityCoreCataClassic/src/server/scripts/Playerbots/Mgr/Item/RandomItemMgr.cpp”)
      E:\1.ClassicCataSlym\TrinityCoreCataClassic\src\server\scripts\Playerbots\Mgr\Item\RandomItemMgr.h(187,26):
      参见“RandomItemMgr::CalculateSingleStatWeight”的声明
      E:\1.ClassicCataSlym\TrinityCoreCataClassic\src\server\scripts\Playerbots\Mgr\Item\RandomItemMgr.cpp(511,19):
      尝试匹配参数列表“(uint8, uint8, const char [6])”时
  
E:\1.ClassicCataSlym\TrinityCoreCataClassic\src\server\scripts\Playerbots\Mgr\Item\RandomItemMgr.cpp(512,80): error C2039: "GetShieldBlockValue": 不是 "ItemTemplate" 的成员 [E:\1.ClassicCataSlym\CataslymBuild\src\server\scripts\scripts.vcxproj]
  (编译源文件“../../../../TrinityCoreCataClassic/src/server/scripts/Playerbots/Mgr/Item/RandomItemMgr.cpp”)
      E:\1.ClassicCataSlym\TrinityCoreCataClassic\src\server\game\Entities\Item\ItemTemplate.h(812,20):
      参见“ItemTemplate”的声明
  
E:\1.ClassicCataSlym\TrinityCoreCataClassic\src\server\scripts\Playerbots\Mgr\Item\RandomItemMgr.cpp(512,19): error C2660: “RandomItemMgr::CalculateSingleStatWeight”: 函数不接受 3 个参数 [E:\1.ClassicCataSlym\CataslymBuild\src\server\scripts\scripts.vcxproj]
  (编译源文件“../../../../TrinityCoreCataClassic/src/server/scripts/Playerbots/Mgr/Item/RandomItemMgr.cpp”)
      E:\1.ClassicCataSlym\TrinityCoreCataClassic\src\server\scripts\Playerbots\Mgr\Item\RandomItemMgr.h(187,26):
      参见“RandomItemMgr::CalculateSingleStatWeight”的声明
      E:\1.ClassicCataSlym\TrinityCoreCataClassic\src\server\scripts\Playerbots\Mgr\Item\RandomItemMgr.cpp(512,19):
      尝试匹配参数列表“(uint8, uint8, const char [6])”时
  
E:\1.ClassicCataSlym\TrinityCoreCataClassic\src\server\scripts\Playerbots\Mgr\Item\RandomItemMgr.cpp(520,31): error C2065: “MAX_ITEM_PROTO_DAMAGES”: 未声明的标识符 [E:\1.ClassicCataSlym\CataslymBuild\src\server\scripts\scripts.vcxproj]
  (编译源文件“../../../../TrinityCoreCataClassic/src/server/scripts/Playerbots/Mgr/Item/RandomItemMgr.cpp”)
  
E:\1.ClassicCataSlym\TrinityCoreCataClassic\src\server\scripts\Playerbots\Mgr\Item\RandomItemMgr.cpp(895,51): error C2039: "GetArenaPoints": 不是 "Player" 的成员 [E:\1.ClassicCataSlym\CataslymBuild\src\server\scripts\scripts.vcxproj]
  (编译源文件“../../../../TrinityCoreCataClassic/src/server/scripts/Playerbots/Mgr/Item/RandomItemMgr.cpp”)
      E:\1.ClassicCataSlym\TrinityCoreCataClassic\src\server\game\Entities\Player\Player.h(1147,19):
      参见“Player”的声明
  
E:\1.ClassicCataSlym\TrinityCoreCataClassic\src\server\scripts\Playerbots\Mgr\Item\RandomItemMgr.cpp(1353,38): error C2039: "GetRewItemsCount": 不是 "Trinity::unique_trackable_ptr<T>" 的成员 [E:\1.ClassicCataSlym\CataslymBuild\src\server\scripts\scripts.vcxproj]
E:\1.ClassicCataSlym\TrinityCoreCataClassic\src\server\scripts\Playerbots\Mgr\Item\RandomItemMgr.cpp(1353,38): error C2039:         with [E:\1.ClassicCataSlym\CataslymBuild\src\server\scripts\scripts.vcxproj]
E:\1.ClassicCataSlym\TrinityCoreCataClassic\src\server\scripts\Playerbots\Mgr\Item\RandomItemMgr.cpp(1353,38): error C2039:         [ [E:\1.ClassicCataSlym\CataslymBuild\src\server\scripts\scripts.vcxproj]
E:\1.ClassicCataSlym\TrinityCoreCataClassic\src\server\scripts\Playerbots\Mgr\Item\RandomItemMgr.cpp(1353,38): error C2039:             T=Quest [E:\1.ClassicCataSlym\CataslymBuild\src\server\scripts\scripts.vcxproj]
E:\1.ClassicCataSlym\TrinityCoreCataClassic\src\server\scripts\Playerbots\Mgr\Item\RandomItemMgr.cpp(1353,38): error C2039:         ] [E:\1.ClassicCataSlym\CataslymBuild\src\server\scripts\scripts.vcxproj]
  (编译源文件“../../../../TrinityCoreCataClassic/src/server/scripts/Playerbots/Mgr/Item/RandomItemMgr.cpp”)
      E:\1.ClassicCataSlym\TrinityCoreCataClassic\src\common\Utilities\UniqueTrackablePtr.h(40,7):
      参见“Trinity::unique_trackable_ptr<T>”的声明
          with
          [
              T=Quest
          ]
  
E:\1.ClassicCataSlym\TrinityCoreCataClassic\src\server\scripts\Playerbots\Mgr\Item\RandomItemMgr.cpp(1355,23): error C2039: "RewardItemId": 不是 "Trinity::unique_trackable_ptr<T>" 的成员 [E:\1.ClassicCataSlym\CataslymBuild\src\server\scripts\scripts.vcxproj]
E:\1.ClassicCataSlym\TrinityCoreCataClassic\src\server\scripts\Playerbots\Mgr\Item\RandomItemMgr.cpp(1355,23): error C2039:         with [E:\1.ClassicCataSlym\CataslymBuild\src\server\scripts\scripts.vcxproj]
E:\1.ClassicCataSlym\TrinityCoreCataClassic\src\server\scripts\Playerbots\Mgr\Item\RandomItemMgr.cpp(1355,23): error C2039:         [ [E:\1.ClassicCataSlym\CataslymBuild\src\server\scripts\scripts.vcxproj]
E:\1.ClassicCataSlym\TrinityCoreCataClassic\src\server\scripts\Playerbots\Mgr\Item\RandomItemMgr.cpp(1355,23): error C2039:             T=Quest [E:\1.ClassicCataSlym\CataslymBuild\src\server\scripts\scripts.vcxproj]
E:\1.ClassicCataSlym\TrinityCoreCataClassic\src\server\scripts\Playerbots\Mgr\Item\RandomItemMgr.cpp(1355,23): error C2039:         ] [E:\1.ClassicCataSlym\CataslymBuild\src\server\scripts\scripts.vcxproj]
  (编译源文件“../../../../TrinityCoreCataClassic/src/server/scripts/Playerbots/Mgr/Item/RandomItemMgr.cpp”)
      E:\1.ClassicCataSlym\TrinityCoreCataClassic\src\common\Utilities\UniqueTrackablePtr.h(40,7):
      参见“Trinity::unique_trackable_ptr<T>”的声明
          with
          [
              T=Quest
          ]
  
E:\1.ClassicCataSlym\TrinityCoreCataClassic\src\server\scripts\Playerbots\Mgr\Item\RandomItemMgr.cpp(1356,30): error C2039: "GetQuestId": 不是 "Trinity::unique_trackable_ptr<T>" 的成员 [E:\1.ClassicCataSlym\CataslymBuild\src\server\scripts\scripts.vcxproj]
E:\1.ClassicCataSlym\TrinityCoreCataClassic\src\server\scripts\Playerbots\Mgr\Item\RandomItemMgr.cpp(1356,30): error C2039:         with [E:\1.ClassicCataSlym\CataslymBuild\src\server\scripts\scripts.vcxproj]
E:\1.ClassicCataSlym\TrinityCoreCataClassic\src\server\scripts\Playerbots\Mgr\Item\RandomItemMgr.cpp(1356,30): error C2039:         [ [E:\1.ClassicCataSlym\CataslymBuild\src\server\scripts\scripts.vcxproj]
E:\1.ClassicCataSlym\TrinityCoreCataClassic\src\server\scripts\Playerbots\Mgr\Item\RandomItemMgr.cpp(1356,30): error C2039:             T=Quest [E:\1.ClassicCataSlym\CataslymBuild\src\server\scripts\scripts.vcxproj]
E:\1.ClassicCataSlym\TrinityCoreCataClassic\src\server\scripts\Playerbots\Mgr\Item\RandomItemMgr.cpp(1356,30): error C2039:         ] [E:\1.ClassicCataSlym\CataslymBuild\src\server\scripts\scripts.vcxproj]
  (编译源文件“../../../../TrinityCoreCataClassic/src/server/scripts/Playerbots/Mgr/Item/RandomItemMgr.cpp”)
      E:\1.ClassicCataSlym\TrinityCoreCataClassic\src\common\Utilities\UniqueTrackablePtr.h(40,7):
      参见“Trinity::unique_trackable_ptr<T>”的声明
          with
          [
              T=Quest
          ]
  
E:\1.ClassicCataSlym\TrinityCoreCataClassic\src\server\scripts\Playerbots\Mgr\Item\RandomItemMgr.cpp(1359,38): error C2039: "GetRewChoiceItemsCount": 不是 "Trinity::unique_trackable_ptr<T>" 的成员 [E:\1.ClassicCataSlym\CataslymBuild\src\server\scripts\scripts.vcxproj]
E:\1.ClassicCataSlym\TrinityCoreCataClassic\src\server\scripts\Playerbots\Mgr\Item\RandomItemMgr.cpp(1359,38): error C2039:         with [E:\1.ClassicCataSlym\CataslymBuild\src\server\scripts\scripts.vcxproj]
E:\1.ClassicCataSlym\TrinityCoreCataClassic\src\server\scripts\Playerbots\Mgr\Item\RandomItemMgr.cpp(1359,38): error C2039:         [ [E:\1.ClassicCataSlym\CataslymBuild\src\server\scripts\scripts.vcxproj]
E:\1.ClassicCataSlym\TrinityCoreCataClassic\src\server\scripts\Playerbots\Mgr\Item\RandomItemMgr.cpp(1359,38): error C2039:             T=Quest [E:\1.ClassicCataSlym\CataslymBuild\src\server\scripts\scripts.vcxproj]
E:\1.ClassicCataSlym\TrinityCoreCataClassic\src\server\scripts\Playerbots\Mgr\Item\RandomItemMgr.cpp(1359,38): error C2039:         ] [E:\1.ClassicCataSlym\CataslymBuild\src\server\scripts\scripts.vcxproj]
  (编译源文件“../../../../TrinityCoreCataClassic/src/server/scripts/Playerbots/Mgr/Item/RandomItemMgr.cpp”)
      E:\1.ClassicCataSlym\TrinityCoreCataClassic\src\common\Utilities\UniqueTrackablePtr.h(40,7):
      参见“Trinity::unique_trackable_ptr<T>”的声明
          with
          [
              T=Quest
          ]
  
E:\1.ClassicCataSlym\TrinityCoreCataClassic\src\server\scripts\Playerbots\Mgr\Item\RandomItemMgr.cpp(1361,23): error C2039: "RewardChoiceItemId": 不是 "Trinity::unique_trackable_ptr<T>" 的成员 [E:\1.ClassicCataSlym\CataslymBuild\src\server\scripts\scripts.vcxproj]
E:\1.ClassicCataSlym\TrinityCoreCataClassic\src\server\scripts\Playerbots\Mgr\Item\RandomItemMgr.cpp(1361,23): error C2039:         with [E:\1.ClassicCataSlym\CataslymBuild\src\server\scripts\scripts.vcxproj]
E:\1.ClassicCataSlym\TrinityCoreCataClassic\src\server\scripts\Playerbots\Mgr\Item\RandomItemMgr.cpp(1361,23): error C2039:         [ [E:\1.ClassicCataSlym\CataslymBuild\src\server\scripts\scripts.vcxproj]
E:\1.ClassicCataSlym\TrinityCoreCataClassic\src\server\scripts\Playerbots\Mgr\Item\RandomItemMgr.cpp(1361,23): error C2039:             T=Quest [E:\1.ClassicCataSlym\CataslymBuild\src\server\scripts\scripts.vcxproj]
E:\1.ClassicCataSlym\TrinityCoreCataClassic\src\server\scripts\Playerbots\Mgr\Item\RandomItemMgr.cpp(1361,23): error C2039:         ] [E:\1.ClassicCataSlym\CataslymBuild\src\server\scripts\scripts.vcxproj]
  (编译源文件“../../../../TrinityCoreCataClassic/src/server/scripts/Playerbots/Mgr/Item/RandomItemMgr.cpp”)
      E:\1.ClassicCataSlym\TrinityCoreCataClassic\src\common\Utilities\UniqueTrackablePtr.h(40,7):
      参见“Trinity::unique_trackable_ptr<T>”的声明
          with
          [
              T=Quest
          ]
  
E:\1.ClassicCataSlym\TrinityCoreCataClassic\src\server\scripts\Playerbots\Mgr\Item\RandomItemMgr.cpp(1362,30): error C2039: "GetQuestId": 不是 "Trinity::unique_trackable_ptr<T>" 的成员 [E:\1.ClassicCataSlym\CataslymBuild\src\server\scripts\scripts.vcxproj]
E:\1.ClassicCataSlym\TrinityCoreCataClassic\src\server\scripts\Playerbots\Mgr\Item\RandomItemMgr.cpp(1362,30): error C2039:         with [E:\1.ClassicCataSlym\CataslymBuild\src\server\scripts\scripts.vcxproj]
E:\1.ClassicCataSlym\TrinityCoreCataClassic\src\server\scripts\Playerbots\Mgr\Item\RandomItemMgr.cpp(1362,30): error C2039:         [ [E:\1.ClassicCataSlym\CataslymBuild\src\server\scripts\scripts.vcxproj]
E:\1.ClassicCataSlym\TrinityCoreCataClassic\src\server\scripts\Playerbots\Mgr\Item\RandomItemMgr.cpp(1362,30): error C2039:             T=Quest [E:\1.ClassicCataSlym\CataslymBuild\src\server\scripts\scripts.vcxproj]
E:\1.ClassicCataSlym\TrinityCoreCataClassic\src\server\scripts\Playerbots\Mgr\Item\RandomItemMgr.cpp(1362,30): error C2039:         ] [E:\1.ClassicCataSlym\CataslymBuild\src\server\scripts\scripts.vcxproj]
  (编译源文件“../../../../TrinityCoreCataClassic/src/server/scripts/Playerbots/Mgr/Item/RandomItemMgr.cpp”)
      E:\1.ClassicCataSlym\TrinityCoreCataClassic\src\common\Utilities\UniqueTrackablePtr.h(40,7):
      参见“Trinity::unique_trackable_ptr<T>”的声明
          with
          [
              T=Quest
          ]
  
E:\1.ClassicCataSlym\TrinityCoreCataClassic\src\server\scripts\Playerbots\Mgr\Item\RandomItemMgr.cpp(1375,38): error C2039: "GetRewItemsCount": 不是 "Trinity::unique_trackable_ptr<T>" 的成员 [E:\1.ClassicCataSlym\CataslymBuild\src\server\scripts\scripts.vcxproj]
E:\1.ClassicCataSlym\TrinityCoreCataClassic\src\server\scripts\Playerbots\Mgr\Item\RandomItemMgr.cpp(1375,38): error C2039:         with [E:\1.ClassicCataSlym\CataslymBuild\src\server\scripts\scripts.vcxproj]
E:\1.ClassicCataSlym\TrinityCoreCataClassic\src\server\scripts\Playerbots\Mgr\Item\RandomItemMgr.cpp(1375,38): error C2039:         [ [E:\1.ClassicCataSlym\CataslymBuild\src\server\scripts\scripts.vcxproj]
E:\1.ClassicCataSlym\TrinityCoreCataClassic\src\server\scripts\Playerbots\Mgr\Item\RandomItemMgr.cpp(1375,38): error C2039:             T=Quest [E:\1.ClassicCataSlym\CataslymBuild\src\server\scripts\scripts.vcxproj]
E:\1.ClassicCataSlym\TrinityCoreCataClassic\src\server\scripts\Playerbots\Mgr\Item\RandomItemMgr.cpp(1375,38): error C2039:         ] [E:\1.ClassicCataSlym\CataslymBuild\src\server\scripts\scripts.vcxproj]
  (编译源文件“../../../../TrinityCoreCataClassic/src/server/scripts/Playerbots/Mgr/Item/RandomItemMgr.cpp”)
      E:\1.ClassicCataSlym\TrinityCoreCataClassic\src\common\Utilities\UniqueTrackablePtr.h(40,7):
      参见“Trinity::unique_trackable_ptr<T>”的声明
          with
          [
              T=Quest
          ]
  
E:\1.ClassicCataSlym\TrinityCoreCataClassic\src\server\scripts\Playerbots\Mgr\Item\RandomItemMgr.cpp(1377,23): error C2039: "RewardItemId": 不是 "Trinity::unique_trackable_ptr<T>" 的成员 [E:\1.ClassicCataSlym\CataslymBuild\src\server\scripts\scripts.vcxproj]
E:\1.ClassicCataSlym\TrinityCoreCataClassic\src\server\scripts\Playerbots\Mgr\Item\RandomItemMgr.cpp(1377,23): error C2039:         with [E:\1.ClassicCataSlym\CataslymBuild\src\server\scripts\scripts.vcxproj]
E:\1.ClassicCataSlym\TrinityCoreCataClassic\src\server\scripts\Playerbots\Mgr\Item\RandomItemMgr.cpp(1377,23): error C2039:         [ [E:\1.ClassicCataSlym\CataslymBuild\src\server\scripts\scripts.vcxproj]
E:\1.ClassicCataSlym\TrinityCoreCataClassic\src\server\scripts\Playerbots\Mgr\Item\RandomItemMgr.cpp(1377,23): error C2039:             T=Quest [E:\1.ClassicCataSlym\CataslymBuild\src\server\scripts\scripts.vcxproj]
E:\1.ClassicCataSlym\TrinityCoreCataClassic\src\server\scripts\Playerbots\Mgr\Item\RandomItemMgr.cpp(1377,23): error C2039:         ] [E:\1.ClassicCataSlym\CataslymBuild\src\server\scripts\scripts.vcxproj]
  (编译源文件“../../../../TrinityCoreCataClassic/src/server/scripts/Playerbots/Mgr/Item/RandomItemMgr.cpp”)
      E:\1.ClassicCataSlym\TrinityCoreCataClassic\src\common\Utilities\UniqueTrackablePtr.h(40,7):
      参见“Trinity::unique_trackable_ptr<T>”的声明
          with
          [
              T=Quest
          ]
  
E:\1.ClassicCataSlym\TrinityCoreCataClassic\src\server\scripts\Playerbots\Mgr\Item\RandomItemMgr.cpp(1379,42): error C2039: "GetQuestId": 不是 "Trinity::unique_trackable_ptr<T>" 的成员 [E:\1.ClassicCataSlym\CataslymBuild\src\server\scripts\scripts.vcxproj]
E:\1.ClassicCataSlym\TrinityCoreCataClassic\src\server\scripts\Playerbots\Mgr\Item\RandomItemMgr.cpp(1379,42): error C2039:         with [E:\1.ClassicCataSlym\CataslymBuild\src\server\scripts\scripts.vcxproj]
E:\1.ClassicCataSlym\TrinityCoreCataClassic\src\server\scripts\Playerbots\Mgr\Item\RandomItemMgr.cpp(1379,42): error C2039:         [ [E:\1.ClassicCataSlym\CataslymBuild\src\server\scripts\scripts.vcxproj]
E:\1.ClassicCataSlym\TrinityCoreCataClassic\src\server\scripts\Playerbots\Mgr\Item\RandomItemMgr.cpp(1379,42): error C2039:             T=Quest [E:\1.ClassicCataSlym\CataslymBuild\src\server\scripts\scripts.vcxproj]
E:\1.ClassicCataSlym\TrinityCoreCataClassic\src\server\scripts\Playerbots\Mgr\Item\RandomItemMgr.cpp(1379,42): error C2039:         ] [E:\1.ClassicCataSlym\CataslymBuild\src\server\scripts\scripts.vcxproj]
  (编译源文件“../../../../TrinityCoreCataClassic/src/server/scripts/Playerbots/Mgr/Item/RandomItemMgr.cpp”)
      E:\1.ClassicCataSlym\TrinityCoreCataClassic\src\common\Utilities\UniqueTrackablePtr.h(40,7):
      参见“Trinity::unique_trackable_ptr<T>”的声明
          with
          [
              T=Quest
          ]
  
E:\1.ClassicCataSlym\TrinityCoreCataClassic\src\server\scripts\Playerbots\Mgr\Item\RandomItemMgr.cpp(1384,38): error C2039: "GetRewChoiceItemsCount": 不是 "Trinity::unique_trackable_ptr<T>" 的成员 [E:\1.ClassicCataSlym\CataslymBuild\src\server\scripts\scripts.vcxproj]
E:\1.ClassicCataSlym\TrinityCoreCataClassic\src\server\scripts\Playerbots\Mgr\Item\RandomItemMgr.cpp(1384,38): error C2039:         with [E:\1.ClassicCataSlym\CataslymBuild\src\server\scripts\scripts.vcxproj]
E:\1.ClassicCataSlym\TrinityCoreCataClassic\src\server\scripts\Playerbots\Mgr\Item\RandomItemMgr.cpp(1384,38): error C2039:         [ [E:\1.ClassicCataSlym\CataslymBuild\src\server\scripts\scripts.vcxproj]
E:\1.ClassicCataSlym\TrinityCoreCataClassic\src\server\scripts\Playerbots\Mgr\Item\RandomItemMgr.cpp(1384,38): error C2039:             T=Quest [E:\1.ClassicCataSlym\CataslymBuild\src\server\scripts\scripts.vcxproj]
E:\1.ClassicCataSlym\TrinityCoreCataClassic\src\server\scripts\Playerbots\Mgr\Item\RandomItemMgr.cpp(1384,38): error C2039:         ] [E:\1.ClassicCataSlym\CataslymBuild\src\server\scripts\scripts.vcxproj]
  (编译源文件“../../../../TrinityCoreCataClassic/src/server/scripts/Playerbots/Mgr/Item/RandomItemMgr.cpp”)
      E:\1.ClassicCataSlym\TrinityCoreCataClassic\src\common\Utilities\UniqueTrackablePtr.h(40,7):
      参见“Trinity::unique_trackable_ptr<T>”的声明
          with
          [
              T=Quest
          ]
  
E:\1.ClassicCataSlym\TrinityCoreCataClassic\src\server\scripts\Playerbots\Mgr\Item\RandomItemMgr.cpp(1387,23): error C2039: "RewardChoiceItemId": 不是 "Trinity::unique_trackable_ptr<T>" 的成员 [E:\1.ClassicCataSlym\CataslymBuild\src\server\scripts\scripts.vcxproj]
E:\1.ClassicCataSlym\TrinityCoreCataClassic\src\server\scripts\Playerbots\Mgr\Item\RandomItemMgr.cpp(1387,23): error C2039:         with [E:\1.ClassicCataSlym\CataslymBuild\src\server\scripts\scripts.vcxproj]
E:\1.ClassicCataSlym\TrinityCoreCataClassic\src\server\scripts\Playerbots\Mgr\Item\RandomItemMgr.cpp(1387,23): error C2039:         [ [E:\1.ClassicCataSlym\CataslymBuild\src\server\scripts\scripts.vcxproj]
E:\1.ClassicCataSlym\TrinityCoreCataClassic\src\server\scripts\Playerbots\Mgr\Item\RandomItemMgr.cpp(1387,23): error C2039:             T=Quest [E:\1.ClassicCataSlym\CataslymBuild\src\server\scripts\scripts.vcxproj]
E:\1.ClassicCataSlym\TrinityCoreCataClassic\src\server\scripts\Playerbots\Mgr\Item\RandomItemMgr.cpp(1387,23): error C2039:         ] [E:\1.ClassicCataSlym\CataslymBuild\src\server\scripts\scripts.vcxproj]
  (编译源文件“../../../../TrinityCoreCataClassic/src/server/scripts/Playerbots/Mgr/Item/RandomItemMgr.cpp”)
      E:\1.ClassicCataSlym\TrinityCoreCataClassic\src\common\Utilities\UniqueTrackablePtr.h(40,7):
      参见“Trinity::unique_trackable_ptr<T>”的声明
          with
          [
              T=Quest
          ]
  
E:\1.ClassicCataSlym\TrinityCoreCataClassic\src\server\scripts\Playerbots\Mgr\Item\RandomItemMgr.cpp(1389,42): error C2039: "GetQuestId": 不是 "Trinity::unique_trackable_ptr<T>" 的成员 [E:\1.ClassicCataSlym\CataslymBuild\src\server\scripts\scripts.vcxproj]
E:\1.ClassicCataSlym\TrinityCoreCataClassic\src\server\scripts\Playerbots\Mgr\Item\RandomItemMgr.cpp(1389,42): error C2039:         with [E:\1.ClassicCataSlym\CataslymBuild\src\server\scripts\scripts.vcxproj]
E:\1.ClassicCataSlym\TrinityCoreCataClassic\src\server\scripts\Playerbots\Mgr\Item\RandomItemMgr.cpp(1389,42): error C2039:         [ [E:\1.ClassicCataSlym\CataslymBuild\src\server\scripts\scripts.vcxproj]
E:\1.ClassicCataSlym\TrinityCoreCataClassic\src\server\scripts\Playerbots\Mgr\Item\RandomItemMgr.cpp(1389,42): error C2039:             T=Quest [E:\1.ClassicCataSlym\CataslymBuild\src\server\scripts\scripts.vcxproj]
E:\1.ClassicCataSlym\TrinityCoreCataClassic\src\server\scripts\Playerbots\Mgr\Item\RandomItemMgr.cpp(1389,42): error C2039:         ] [E:\1.ClassicCataSlym\CataslymBuild\src\server\scripts\scripts.vcxproj]
  (编译源文件“../../../../TrinityCoreCataClassic/src/server/scripts/Playerbots/Mgr/Item/RandomItemMgr.cpp”)
      E:\1.ClassicCataSlym\TrinityCoreCataClassic\src\common\Utilities\UniqueTrackablePtr.h(40,7):
      参见“Trinity::unique_trackable_ptr<T>”的声明
          with
          [
              T=Quest
          ]
  
E:\1.ClassicCataSlym\TrinityCoreCataClassic\src\server\scripts\Playerbots\Mgr\Item\RandomItemMgr.cpp(1408,31): error C2660: “ItemTemplate::GetName”: 函数不接受 0 个参数 [E:\1.ClassicCataSlym\CataslymBuild\src\server\scripts\scripts.vcxproj]
  (编译源文件“../../../../TrinityCoreCataClassic/src/server/scripts/Playerbots/Mgr/Item/RandomItemMgr.cpp”)
      E:\1.ClassicCataSlym\TrinityCoreCataClassic\src\server\game\Entities\Item\ItemTemplate.h(854,17):
      参见“ItemTemplate::GetName”的声明
      E:\1.ClassicCataSlym\TrinityCoreCataClassic\src\server\scripts\Playerbots\Mgr\Item\RandomItemMgr.cpp(1408,31):
      尝试匹配参数列表“()”时
  
E:\1.ClassicCataSlym\TrinityCoreCataClassic\src\server\scripts\Playerbots\Mgr\Item\RandomItemMgr.cpp(1459,17): error C2039: "AllowableRace": 不是 "ItemTemplate" 的成员 [E:\1.ClassicCataSlym\CataslymBuild\src\server\scripts\scripts.vcxproj]
  (编译源文件“../../../../TrinityCoreCataClassic/src/server/scripts/Playerbots/Mgr/Item/RandomItemMgr.cpp”)
      E:\1.ClassicCataSlym\TrinityCoreCataClassic\src\server\game\Entities\Item\ItemTemplate.h(812,20):
      参见“ItemTemplate”的声明
  
E:\1.ClassicCataSlym\TrinityCoreCataClassic\src\server\scripts\Playerbots\Mgr\Item\RandomItemMgr.cpp(1613,52): error C2065: “SKILL_THROWN”: 未声明的标识符 [E:\1.ClassicCataSlym\CataslymBuild\src\server\scripts\scripts.vcxproj]
  (编译源文件“../../../../TrinityCoreCataClassic/src/server/scripts/Playerbots/Mgr/Item/RandomItemMgr.cpp”)
  
E:\1.ClassicCataSlym\TrinityCoreCataClassic\src\server\scripts\Playerbots\Mgr\Item\RandomItemMgr.cpp(2064,19): error C2039: "IsRepeatable": 不是 "Trinity::unique_trackable_ptr<T>" 的成员 [E:\1.ClassicCataSlym\CataslymBuild\src\server\scripts\scripts.vcxproj]
E:\1.ClassicCataSlym\TrinityCoreCataClassic\src\server\scripts\Playerbots\Mgr\Item\RandomItemMgr.cpp(2064,19): error C2039:         with [E:\1.ClassicCataSlym\CataslymBuild\src\server\scripts\scripts.vcxproj]
E:\1.ClassicCataSlym\TrinityCoreCataClassic\src\server\scripts\Playerbots\Mgr\Item\RandomItemMgr.cpp(2064,19): error C2039:         [ [E:\1.ClassicCataSlym\CataslymBuild\src\server\scripts\scripts.vcxproj]
E:\1.ClassicCataSlym\TrinityCoreCataClassic\src\server\scripts\Playerbots\Mgr\Item\RandomItemMgr.cpp(2064,19): error C2039:             T=Quest [E:\1.ClassicCataSlym\CataslymBuild\src\server\scripts\scripts.vcxproj]
E:\1.ClassicCataSlym\TrinityCoreCataClassic\src\server\scripts\Playerbots\Mgr\Item\RandomItemMgr.cpp(2064,19): error C2039:         ] [E:\1.ClassicCataSlym\CataslymBuild\src\server\scripts\scripts.vcxproj]
  (编译源文件“../../../../TrinityCoreCataClassic/src/server/scripts/Playerbots/Mgr/Item/RandomItemMgr.cpp”)
      E:\1.ClassicCataSlym\TrinityCoreCataClassic\src\common\Utilities\UniqueTrackablePtr.h(40,7):
      参见“Trinity::unique_trackable_ptr<T>”的声明
          with
          [
              T=Quest
          ]
  
E:\1.ClassicCataSlym\TrinityCoreCataClassic\src\server\scripts\Playerbots\Mgr\Item\RandomItemMgr.cpp(2068,40): error C2039: "GetQuestLevel": 不是 "Trinity::unique_trackable_ptr<T>" 的成员 [E:\1.ClassicCataSlym\CataslymBuild\src\server\scripts\scripts.vcxproj]
E:\1.ClassicCataSlym\TrinityCoreCataClassic\src\server\scripts\Playerbots\Mgr\Item\RandomItemMgr.cpp(2068,40): error C2039:         with [E:\1.ClassicCataSlym\CataslymBuild\src\server\scripts\scripts.vcxproj]
E:\1.ClassicCataSlym\TrinityCoreCataClassic\src\server\scripts\Playerbots\Mgr\Item\RandomItemMgr.cpp(2068,40): error C2039:         [ [E:\1.ClassicCataSlym\CataslymBuild\src\server\scripts\scripts.vcxproj]
E:\1.ClassicCataSlym\TrinityCoreCataClassic\src\server\scripts\Playerbots\Mgr\Item\RandomItemMgr.cpp(2068,40): error C2039:             T=Quest [E:\1.ClassicCataSlym\CataslymBuild\src\server\scripts\scripts.vcxproj]
E:\1.ClassicCataSlym\TrinityCoreCataClassic\src\server\scripts\Playerbots\Mgr\Item\RandomItemMgr.cpp(2068,40): error C2039:         ] [E:\1.ClassicCataSlym\CataslymBuild\src\server\scripts\scripts.vcxproj]
  (编译源文件“../../../../TrinityCoreCataClassic/src/server/scripts/Playerbots/Mgr/Item/RandomItemMgr.cpp”)
      E:\1.ClassicCataSlym\TrinityCoreCataClassic\src\common\Utilities\UniqueTrackablePtr.h(40,7):
      参见“Trinity::unique_trackable_ptr<T>”的声明
          with
          [
              T=Quest
          ]
  
E:\1.ClassicCataSlym\TrinityCoreCataClassic\src\server\scripts\Playerbots\Mgr\Item\RandomItemMgr.cpp(2068,21): error C2737: “questLevel”: 必须初始化 const 对象 [E:\1.ClassicCataSlym\CataslymBuild\src\server\scripts\scripts.vcxproj]
  (编译源文件“../../../../TrinityCoreCataClassic/src/server/scripts/Playerbots/Mgr/Item/RandomItemMgr.cpp”)
  
E:\1.ClassicCataSlym\TrinityCoreCataClassic\src\server\scripts\Playerbots\Mgr\Item\RandomItemMgr.cpp(2073,19): error C2039: "GetRequiredClasses": 不是 "Trinity::unique_trackable_ptr<T>" 的成员 [E:\1.ClassicCataSlym\CataslymBuild\src\server\scripts\scripts.vcxproj]
E:\1.ClassicCataSlym\TrinityCoreCataClassic\src\server\scripts\Playerbots\Mgr\Item\RandomItemMgr.cpp(2073,19): error C2039:         with [E:\1.ClassicCataSlym\CataslymBuild\src\server\scripts\scripts.vcxproj]
E:\1.ClassicCataSlym\TrinityCoreCataClassic\src\server\scripts\Playerbots\Mgr\Item\RandomItemMgr.cpp(2073,19): error C2039:         [ [E:\1.ClassicCataSlym\CataslymBuild\src\server\scripts\scripts.vcxproj]
E:\1.ClassicCataSlym\TrinityCoreCataClassic\src\server\scripts\Playerbots\Mgr\Item\RandomItemMgr.cpp(2073,19): error C2039:             T=Quest [E:\1.ClassicCataSlym\CataslymBuild\src\server\scripts\scripts.vcxproj]
E:\1.ClassicCataSlym\TrinityCoreCataClassic\src\server\scripts\Playerbots\Mgr\Item\RandomItemMgr.cpp(2073,19): error C2039:         ] [E:\1.ClassicCataSlym\CataslymBuild\src\server\scripts\scripts.vcxproj]
  (编译源文件“../../../../TrinityCoreCataClassic/src/server/scripts/Playerbots/Mgr/Item/RandomItemMgr.cpp”)
      E:\1.ClassicCataSlym\TrinityCoreCataClassic\src\common\Utilities\UniqueTrackablePtr.h(40,7):
      参见“Trinity::unique_trackable_ptr<T>”的声明
          with
          [
              T=Quest
          ]
  
E:\1.ClassicCataSlym\TrinityCoreCataClassic\src\server\scripts\Playerbots\Mgr\Item\RandomItemMgr.cpp(2078,38): error C2039: "GetRewItemsCount": 不是 "Trinity::unique_trackable_ptr<T>" 的成员 [E:\1.ClassicCataSlym\CataslymBuild\src\server\scripts\scripts.vcxproj]
E:\1.ClassicCataSlym\TrinityCoreCataClassic\src\server\scripts\Playerbots\Mgr\Item\RandomItemMgr.cpp(2078,38): error C2039:         with [E:\1.ClassicCataSlym\CataslymBuild\src\server\scripts\scripts.vcxproj]
E:\1.ClassicCataSlym\TrinityCoreCataClassic\src\server\scripts\Playerbots\Mgr\Item\RandomItemMgr.cpp(2078,38): error C2039:         [ [E:\1.ClassicCataSlym\CataslymBuild\src\server\scripts\scripts.vcxproj]
E:\1.ClassicCataSlym\TrinityCoreCataClassic\src\server\scripts\Playerbots\Mgr\Item\RandomItemMgr.cpp(2078,38): error C2039:             T=Quest [E:\1.ClassicCataSlym\CataslymBuild\src\server\scripts\scripts.vcxproj]
E:\1.ClassicCataSlym\TrinityCoreCataClassic\src\server\scripts\Playerbots\Mgr\Item\RandomItemMgr.cpp(2078,38): error C2039:         ] [E:\1.ClassicCataSlym\CataslymBuild\src\server\scripts\scripts.vcxproj]
  (编译源文件“../../../../TrinityCoreCataClassic/src/server/scripts/Playerbots/Mgr/Item/RandomItemMgr.cpp”)
      E:\1.ClassicCataSlym\TrinityCoreCataClassic\src\common\Utilities\UniqueTrackablePtr.h(40,7):
      参见“Trinity::unique_trackable_ptr<T>”的声明
          with
          [
              T=Quest
          ]
  
E:\1.ClassicCataSlym\TrinityCoreCataClassic\src\server\scripts\Playerbots\Mgr\Item\RandomItemMgr.cpp(2079,36): error C2039: "RewardItemId": 不是 "Trinity::unique_trackable_ptr<T>" 的成员 [E:\1.ClassicCataSlym\CataslymBuild\src\server\scripts\scripts.vcxproj]
E:\1.ClassicCataSlym\TrinityCoreCataClassic\src\server\scripts\Playerbots\Mgr\Item\RandomItemMgr.cpp(2079,36): error C2039:         with [E:\1.ClassicCataSlym\CataslymBuild\src\server\scripts\scripts.vcxproj]
E:\1.ClassicCataSlym\TrinityCoreCataClassic\src\server\scripts\Playerbots\Mgr\Item\RandomItemMgr.cpp(2079,36): error C2039:         [ [E:\1.ClassicCataSlym\CataslymBuild\src\server\scripts\scripts.vcxproj]
E:\1.ClassicCataSlym\TrinityCoreCataClassic\src\server\scripts\Playerbots\Mgr\Item\RandomItemMgr.cpp(2079,36): error C2039:             T=Quest [E:\1.ClassicCataSlym\CataslymBuild\src\server\scripts\scripts.vcxproj]
E:\1.ClassicCataSlym\TrinityCoreCataClassic\src\server\scripts\Playerbots\Mgr\Item\RandomItemMgr.cpp(2079,36): error C2039:         ] [E:\1.ClassicCataSlym\CataslymBuild\src\server\scripts\scripts.vcxproj]
  (编译源文件“../../../../TrinityCoreCataClassic/src/server/scripts/Playerbots/Mgr/Item/RandomItemMgr.cpp”)
      E:\1.ClassicCataSlym\TrinityCoreCataClassic\src\common\Utilities\UniqueTrackablePtr.h(40,7):
      参见“Trinity::unique_trackable_ptr<T>”的声明
          with
          [
              T=Quest
          ]
  
E:\1.ClassicCataSlym\TrinityCoreCataClassic\src\server\scripts\Playerbots\Mgr\Item\RandomItemMgr.cpp(2081,38): error C2039: "GetRewChoiceItemsCount": 不是 "Trinity::unique_trackable_ptr<T>" 的成员 [E:\1.ClassicCataSlym\CataslymBuild\src\server\scripts\scripts.vcxproj]
E:\1.ClassicCataSlym\TrinityCoreCataClassic\src\server\scripts\Playerbots\Mgr\Item\RandomItemMgr.cpp(2081,38): error C2039:         with [E:\1.ClassicCataSlym\CataslymBuild\src\server\scripts\scripts.vcxproj]
E:\1.ClassicCataSlym\TrinityCoreCataClassic\src\server\scripts\Playerbots\Mgr\Item\RandomItemMgr.cpp(2081,38): error C2039:         [ [E:\1.ClassicCataSlym\CataslymBuild\src\server\scripts\scripts.vcxproj]
E:\1.ClassicCataSlym\TrinityCoreCataClassic\src\server\scripts\Playerbots\Mgr\Item\RandomItemMgr.cpp(2081,38): error C2039:             T=Quest [E:\1.ClassicCataSlym\CataslymBuild\src\server\scripts\scripts.vcxproj]
E:\1.ClassicCataSlym\TrinityCoreCataClassic\src\server\scripts\Playerbots\Mgr\Item\RandomItemMgr.cpp(2081,38): error C2039:         ] [E:\1.ClassicCataSlym\CataslymBuild\src\server\scripts\scripts.vcxproj]
  (编译源文件“../../../../TrinityCoreCataClassic/src/server/scripts/Playerbots/Mgr/Item/RandomItemMgr.cpp”)
      E:\1.ClassicCataSlym\TrinityCoreCataClassic\src\common\Utilities\UniqueTrackablePtr.h(40,7):
      参见“Trinity::unique_trackable_ptr<T>”的声明
          with
          [
              T=Quest
          ]
  
E:\1.ClassicCataSlym\TrinityCoreCataClassic\src\server\scripts\Playerbots\Mgr\Item\RandomItemMgr.cpp(2082,36): error C2039: "RewardChoiceItemId": 不是 "Trinity::unique_trackable_ptr<T>" 的成员 [E:\1.ClassicCataSlym\CataslymBuild\src\server\scripts\scripts.vcxproj]
E:\1.ClassicCataSlym\TrinityCoreCataClassic\src\server\scripts\Playerbots\Mgr\Item\RandomItemMgr.cpp(2082,36): error C2039:         with [E:\1.ClassicCataSlym\CataslymBuild\src\server\scripts\scripts.vcxproj]
E:\1.ClassicCataSlym\TrinityCoreCataClassic\src\server\scripts\Playerbots\Mgr\Item\RandomItemMgr.cpp(2082,36): error C2039:         [ [E:\1.ClassicCataSlym\CataslymBuild\src\server\scripts\scripts.vcxproj]
E:\1.ClassicCataSlym\TrinityCoreCataClassic\src\server\scripts\Playerbots\Mgr\Item\RandomItemMgr.cpp(2082,36): error C2039:             T=Quest [E:\1.ClassicCataSlym\CataslymBuild\src\server\scripts\scripts.vcxproj]
E:\1.ClassicCataSlym\TrinityCoreCataClassic\src\server\scripts\Playerbots\Mgr\Item\RandomItemMgr.cpp(2082,36): error C2039:         ] [E:\1.ClassicCataSlym\CataslymBuild\src\server\scripts\scripts.vcxproj]
  (编译源文件“../../../../TrinityCoreCataClassic/src/server/scripts/Playerbots/Mgr/Item/RandomItemMgr.cpp”)
      E:\1.ClassicCataSlym\TrinityCoreCataClassic\src\common\Utilities\UniqueTrackablePtr.h(40,7):
      参见“Trinity::unique_trackable_ptr<T>”的声明
          with
          [
              T=Quest
          ]
  
E:\1.ClassicCataSlym\TrinityCoreCataClassic\src\server\scripts\Playerbots\Mgr\Move\FleeManager.cpp(106,33): error C2660: “Map::IsInWater”: 函数不接受 6 个参数 [E:\1.ClassicCataSlym\CataslymBuild\src\server\scripts\scripts.vcxproj]
  (编译源文件“../../../../TrinityCoreCataClassic/src/server/scripts/Playerbots/Mgr/Move/FleeManager.cpp”)
      E:\1.ClassicCataSlym\TrinityCoreCataClassic\src\server\game\Maps\Map.h(332,14):
      参见“Map::IsInWater”的声明
      E:\1.ClassicCataSlym\TrinityCoreCataClassic\src\server\scripts\Playerbots\Mgr\Move\FleeManager.cpp(106,33):
      尝试匹配参数列表“(PhaseShift, float, float, float, nullptr, float)”时
  
  spell_generic.cpp
  spell_hunter.cpp
E:\1.ClassicCataSlym\TrinityCoreCataClassic\src\server\scripts\Playerbots\Mgr\Talent\Talentspec.cpp(72,21): error C2039: "getClassMask": 不是 "Player" 的成员 [E:\1.ClassicCataSlym\CataslymBuild\src\server\scripts\scripts.vcxproj]
  (编译源文件“../../../../TrinityCoreCataClassic/src/server/scripts/Playerbots/Mgr/Talent/Talentspec.cpp”)
      E:\1.ClassicCataSlym\TrinityCoreCataClassic\src\server\game\Entities\Player\Player.h(1147,19):
      参见“Player”的声明
  
E:\1.ClassicCataSlym\TrinityCoreCataClassic\src\server\scripts\Playerbots\Mgr\Talent\Talentspec.cpp(78,21): error C2039: "getClassMask": 不是 "Player" 的成员 [E:\1.ClassicCataSlym\CataslymBuild\src\server\scripts\scripts.vcxproj]
  (编译源文件“../../../../TrinityCoreCataClassic/src/server/scripts/Playerbots/Mgr/Talent/Talentspec.cpp”)
      E:\1.ClassicCataSlym\TrinityCoreCataClassic\src\server\game\Entities\Player\Player.h(1147,19):
      参见“Player”的声明
  
  spell_item.cpp
  spell_mage.cpp
  spell_paladin.cpp
E:\1.ClassicCataSlym\TrinityCoreCataClassic\src\server\scripts\Playerbots\Mgr\Security\PlayerbotSecurity.cpp(266,63): error C2039: "area_name": 不是 "AreaTableEntry" 的成员 [E:\1.ClassicCataSlym\CataslymBuild\src\server\scripts\scripts.vcxproj]
  (编译源文件“../../../../TrinityCoreCataClassic/src/server/scripts/Playerbots/Mgr/Security/PlayerbotSecurity.cpp”)
      E:\1.ClassicCataSlym\TrinityCoreCataClassic\src\server\game\DataStores\DB2Structure.h(85,8):
      参见“AreaTableEntry”的声明
  
  spell_pet.cpp
  spell_priest.cpp
  spell_quest.cpp
  spell_rogue.cpp
  spell_script_loader.cpp
  spell_shaman.cpp
  spell_warlock.cpp
  spell_warrior.cpp
E:\1.ClassicCataSlym\TrinityCoreCataClassic\src\server\scripts\Playerbots\Mgr\Travel\TravelNode.cpp(79,54): error C2039: "maxlevel": 不是 "CreatureTemplate" 的成员 [E:\1.ClassicCataSlym\CataslymBuild\src\server\scripts\scripts.vcxproj]
  (编译源文件“../../../../TrinityCoreCataClassic/src/server/scripts/Playerbots/Mgr/Travel/TravelNode.cpp”)
      E:\1.ClassicCataSlym\TrinityCoreCataClassic\src\server\game\Entities\Creature\CreatureData.h(485,20):
      参见“CreatureTemplate”的声明
  
E:\1.ClassicCataSlym\TrinityCoreCataClassic\src\server\scripts\Playerbots\Mgr\Travel\TravelNode.cpp(80,54): error C2039: "maxlevel": 不是 "CreatureTemplate" 的成员 [E:\1.ClassicCataSlym\CataslymBuild\src\server\scripts\scripts.vcxproj]
  (编译源文件“../../../../TrinityCoreCataClassic/src/server/scripts/Playerbots/Mgr/Travel/TravelNode.cpp”)
      E:\1.ClassicCataSlym\TrinityCoreCataClassic\src\server\game\Entities\Creature\CreatureData.h(485,20):
      参见“CreatureTemplate”的声明
  
E:\1.ClassicCataSlym\TrinityCoreCataClassic\src\server\scripts\Playerbots\Mgr\Travel\TravelNode.cpp(81,54): error C2039: "maxlevel": 不是 "CreatureTemplate" 的成员 [E:\1.ClassicCataSlym\CataslymBuild\src\server\scripts\scripts.vcxproj]
  (编译源文件“../../../../TrinityCoreCataClassic/src/server/scripts/Playerbots/Mgr/Travel/TravelNode.cpp”)
      E:\1.ClassicCataSlym\TrinityCoreCataClassic\src\server\game\Entities\Creature\CreatureData.h(485,20):
      参见“CreatureTemplate”的声明
  
E:\1.ClassicCataSlym\TrinityCoreCataClassic\src\server\scripts\Playerbots\Mgr\Travel\TravelNode.cpp(82,54): error C2039: "maxlevel": 不是 "CreatureTemplate" 的成员 [E:\1.ClassicCataSlym\CataslymBuild\src\server\scripts\scripts.vcxproj]
  (编译源文件“../../../../TrinityCoreCataClassic/src/server/scripts/Playerbots/Mgr/Travel/TravelNode.cpp”)
      E:\1.ClassicCataSlym\TrinityCoreCataClassic\src\server\game\Entities\Creature\CreatureData.h(485,20):
      参见“CreatureTemplate”的声明
  
E:\1.ClassicCataSlym\TrinityCoreCataClassic\src\server\scripts\Playerbots\Mgr\Travel\TravelNode.cpp(83,54): error C2039: "maxlevel": 不是 "CreatureTemplate" 的成员 [E:\1.ClassicCataSlym\CataslymBuild\src\server\scripts\scripts.vcxproj]
  (编译源文件“../../../../TrinityCoreCataClassic/src/server/scripts/Playerbots/Mgr/Travel/TravelNode.cpp”)
      E:\1.ClassicCataSlym\TrinityCoreCataClassic\src\server\game\Entities\Creature\CreatureData.h(485,20):
      参见“CreatureTemplate”的声明
  
E:\1.ClassicCataSlym\TrinityCoreCataClassic\src\server\scripts\Playerbots\Mgr\Travel\TravelNode.cpp(84,54): error C2039: "maxlevel": 不是 "CreatureTemplate" 的成员 [E:\1.ClassicCataSlym\CataslymBuild\src\server\scripts\scripts.vcxproj]
  (编译源文件“../../../../TrinityCoreCataClassic/src/server/scripts/Playerbots/Mgr/Travel/TravelNode.cpp”)
      E:\1.ClassicCataSlym\TrinityCoreCataClassic\src\server\game\Entities\Creature\CreatureData.h(485,20):
      参见“CreatureTemplate”的声明
  
  achievement_scripts.cpp
E:\1.ClassicCataSlym\TrinityCoreCataClassic\src\server\scripts\Playerbots\Mgr\Travel\TravelNode.cpp(125,52): error C2039: "price": 不是 "TaxiPathEntry" 的成员 [E:\1.ClassicCataSlym\CataslymBuild\src\server\scripts\scripts.vcxproj]
  (编译源文件“../../../../TrinityCoreCataClassic/src/server/scripts/Playerbots/Mgr/Travel/TravelNode.cpp”)
      E:\1.ClassicCataSlym\TrinityCoreCataClassic\src\server\game\DataStores\DB2Structure.h(3767,8):
      参见“TaxiPathEntry”的声明
  
E:\1.ClassicCataSlym\TrinityCoreCataClassic\src\server\scripts\Playerbots\Mgr\Travel\TravelNode.cpp(191,22): error C2039: "price": 不是 "TaxiPathEntry" 的成员 [E:\1.ClassicCataSlym\CataslymBuild\src\server\scripts\scripts.vcxproj]
  (编译源文件“../../../../TrinityCoreCataClassic/src/server/scripts/Playerbots/Mgr/Travel/TravelNode.cpp”)
      E:\1.ClassicCataSlym\TrinityCoreCataClassic\src\server\game\DataStores\DB2Structure.h(3767,8):
      参见“TaxiPathEntry”的声明
  
  action_ip_logger.cpp
  areatrigger_scripts.cpp
E:\1.ClassicCataSlym\TrinityCoreCataClassic\src\server\scripts\Playerbots\Mgr\Travel\TravelNode.cpp(1602,43): error C2039: "mapid": 不是 "CreatureData" 的成员 [E:\1.ClassicCataSlym\CataslymBuild\src\server\scripts\scripts.vcxproj]
  (编译源文件“../../../../TrinityCoreCataClassic/src/server/scripts/Playerbots/Mgr/Travel/TravelNode.cpp”)
      E:\1.ClassicCataSlym\TrinityCoreCataClassic\src\server\game\Entities\Creature\CreatureData.h(624,8):
      参见“CreatureData”的声明
  
E:\1.ClassicCataSlym\TrinityCoreCataClassic\src\server\scripts\Playerbots\Mgr\Travel\TravelNode.cpp(1602,66): error C2039: "posX": 不是 "CreatureData" 的成员 [E:\1.ClassicCataSlym\CataslymBuild\src\server\scripts\scripts.vcxproj]
  (编译源文件“../../../../TrinityCoreCataClassic/src/server/scripts/Playerbots/Mgr/Travel/TravelNode.cpp”)
      E:\1.ClassicCataSlym\TrinityCoreCataClassic\src\server\game\Entities\Creature\CreatureData.h(624,8):
      参见“CreatureData”的声明
  
E:\1.ClassicCataSlym\TrinityCoreCataClassic\src\server\scripts\Playerbots\Mgr\Travel\TravelNode.cpp(1602,88): error C2039: "posY": 不是 "CreatureData" 的成员 [E:\1.ClassicCataSlym\CataslymBuild\src\server\scripts\scripts.vcxproj]
  (编译源文件“../../../../TrinityCoreCataClassic/src/server/scripts/Playerbots/Mgr/Travel/TravelNode.cpp”)
      E:\1.ClassicCataSlym\TrinityCoreCataClassic\src\server\game\Entities\Creature\CreatureData.h(624,8):
      参见“CreatureData”的声明
  
E:\1.ClassicCataSlym\TrinityCoreCataClassic\src\server\scripts\Playerbots\Mgr\Travel\TravelNode.cpp(1602,110): error C2039: "posZ": 不是 "CreatureData" 的成员 [E:\1.ClassicCataSlym\CataslymBuild\src\server\scripts\scripts.vcxproj]
  (编译源文件“../../../../TrinityCoreCataClassic/src/server/scripts/Playerbots/Mgr/Travel/TravelNode.cpp”)
      E:\1.ClassicCataSlym\TrinityCoreCataClassic\src\server\game\Entities\Creature\CreatureData.h(624,8):
      参见“CreatureData”的声明
  
E:\1.ClassicCataSlym\TrinityCoreCataClassic\src\server\scripts\Playerbots\Mgr\Travel\TravelNode.cpp(1603,43): error C2039: "orientation": 不是 "CreatureData" 的成员 [E:\1.ClassicCataSlym\CataslymBuild\src\server\scripts\scripts.vcxproj]
  (编译源文件“../../../../TrinityCoreCataClassic/src/server/scripts/Playerbots/Mgr/Travel/TravelNode.cpp”)
      E:\1.ClassicCataSlym\TrinityCoreCataClassic\src\server\game\Entities\Creature\CreatureData.h(624,8):
      参见“CreatureData”的声明
  
E:\1.ClassicCataSlym\TrinityCoreCataClassic\src\server\scripts\Playerbots\Mgr\Travel\TravelNode.cpp(1628,25): error C2039: "rank": 不是 "CreatureTemplate" 的成员 [E:\1.ClassicCataSlym\CataslymBuild\src\server\scripts\scripts.vcxproj]
  (编译源文件“../../../../TrinityCoreCataClassic/src/server/scripts/Playerbots/Mgr/Travel/TravelNode.cpp”)
      E:\1.ClassicCataSlym\TrinityCoreCataClassic\src\server\game\Entities\Creature\CreatureData.h(485,20):
      参见“CreatureTemplate”的声明
  
E:\1.ClassicCataSlym\TrinityCoreCataClassic\src\server\scripts\Playerbots\Mgr\Travel\TravelNode.cpp(1634,25): error C2039: "rank": 不是 "CreatureTemplate" 的成员 [E:\1.ClassicCataSlym\CataslymBuild\src\server\scripts\scripts.vcxproj]
  (编译源文件“../../../../TrinityCoreCataClassic/src/server/scripts/Playerbots/Mgr/Travel/TravelNode.cpp”)
      E:\1.ClassicCataSlym\TrinityCoreCataClassic\src\server\game\Entities\Creature\CreatureData.h(485,20):
      参见“CreatureTemplate”的声明
  
  boosted_xp.cpp
  boss_emerald_dragons.cpp
E:\1.ClassicCataSlym\TrinityCoreCataClassic\src\server\scripts\Playerbots\Mgr\Travel\TravelNode.cpp(1695,40): error C2039: "GetAllAreaTriggerTeleports": 不是 "ObjectMgr" 的成员 [E:\1.ClassicCataSlym\CataslymBuild\src\server\scripts\scripts.vcxproj]
  (编译源文件“../../../../TrinityCoreCataClassic/src/server/scripts/Playerbots/Mgr/Travel/TravelNode.cpp”)
      E:\1.ClassicCataSlym\TrinityCoreCataClassic\src\server\game\Globals\ObjectMgr.h(1045,19):
      参见“ObjectMgr”的声明
  
E:\1.ClassicCataSlym\TrinityCoreCataClassic\src\server\scripts\Playerbots\Mgr\Travel\TravelNode.cpp(1695,22): error C2530: “itr”: 必须初始化引用 [E:\1.ClassicCataSlym\CataslymBuild\src\server\scripts\scripts.vcxproj]
  (编译源文件“../../../../TrinityCoreCataClassic/src/server/scripts/Playerbots/Mgr/Travel/TravelNode.cpp”)
  
E:\1.ClassicCataSlym\TrinityCoreCataClassic\src\server\scripts\Playerbots\Mgr\Travel\TravelNode.cpp(1695,22): error C3531: “itr”: 类型包含“auto”的符号必须具有初始值设定项 [E:\1.ClassicCataSlym\CataslymBuild\src\server\scripts\scripts.vcxproj]
  (编译源文件“../../../../TrinityCoreCataClassic/src/server/scripts/Playerbots/Mgr/Travel/TravelNode.cpp”)
  
E:\1.ClassicCataSlym\TrinityCoreCataClassic\src\server\scripts\Playerbots\Mgr\Travel\TravelNode.cpp(1695,26): error C2143: 语法错误: 缺少“;”(在“:”的前面) [E:\1.ClassicCataSlym\CataslymBuild\src\server\scripts\scripts.vcxproj]
  (编译源文件“../../../../TrinityCoreCataClassic/src/server/scripts/Playerbots/Mgr/Travel/TravelNode.cpp”)
  
E:\1.ClassicCataSlym\TrinityCoreCataClassic\src\server\scripts\Playerbots\Mgr\Travel\TravelNode.cpp(1695,68): error C2143: 语法错误: 缺少“;”(在“)”的前面) [E:\1.ClassicCataSlym\CataslymBuild\src\server\scripts\scripts.vcxproj]
  (编译源文件“../../../../TrinityCoreCataClassic/src/server/scripts/Playerbots/Mgr/Travel/TravelNode.cpp”)
  
E:\1.ClassicCataSlym\TrinityCoreCataClassic\src\server\scripts\Playerbots\Mgr\Travel\TravelNode.cpp(1697,44): error C2530: “atEntry”: 必须初始化引用 [E:\1.ClassicCataSlym\CataslymBuild\src\server\scripts\scripts.vcxproj]
  (编译源文件“../../../../TrinityCoreCataClassic/src/server/scripts/Playerbots/Mgr/Travel/TravelNode.cpp”)
  
E:\1.ClassicCataSlym\TrinityCoreCataClassic\src\server\scripts\Playerbots\Mgr\Travel\TravelNode.cpp(1705,49): error C2039: "map": 不是 "AreaTriggerEntry" 的成员 [E:\1.ClassicCataSlym\CataslymBuild\src\server\scripts\scripts.vcxproj]
  (编译源文件“../../../../TrinityCoreCataClassic/src/server/scripts/Playerbots/Mgr/Travel/TravelNode.cpp”)
      E:\1.ClassicCataSlym\TrinityCoreCataClassic\src\server\game\DataStores\DB2Structure.h(126,8):
      参见“AreaTriggerEntry”的声明
  
E:\1.ClassicCataSlym\TrinityCoreCataClassic\src\server\scripts\Playerbots\Mgr\Travel\TravelNode.cpp(1705,60): error C2039: "x": 不是 "AreaTriggerEntry" 的成员 [E:\1.ClassicCataSlym\CataslymBuild\src\server\scripts\scripts.vcxproj]
  (编译源文件“../../../../TrinityCoreCataClassic/src/server/scripts/Playerbots/Mgr/Travel/TravelNode.cpp”)
      E:\1.ClassicCataSlym\TrinityCoreCataClassic\src\server\game\DataStores\DB2Structure.h(126,8):
      参见“AreaTriggerEntry”的声明
  
E:\1.ClassicCataSlym\TrinityCoreCataClassic\src\server\scripts\Playerbots\Mgr\Travel\TravelNode.cpp(1705,69): error C2039: "y": 不是 "AreaTriggerEntry" 的成员 [E:\1.ClassicCataSlym\CataslymBuild\src\server\scripts\scripts.vcxproj]
  (编译源文件“../../../../TrinityCoreCataClassic/src/server/scripts/Playerbots/Mgr/Travel/TravelNode.cpp”)
      E:\1.ClassicCataSlym\TrinityCoreCataClassic\src\server\game\DataStores\DB2Structure.h(126,8):
      参见“AreaTriggerEntry”的声明
  
E:\1.ClassicCataSlym\TrinityCoreCataClassic\src\server\scripts\Playerbots\Mgr\Travel\TravelNode.cpp(1705,78): error C2039: "z": 不是 "AreaTriggerEntry" 的成员 [E:\1.ClassicCataSlym\CataslymBuild\src\server\scripts\scripts.vcxproj]
  (编译源文件“../../../../TrinityCoreCataClassic/src/server/scripts/Playerbots/Mgr/Travel/TravelNode.cpp”)
      E:\1.ClassicCataSlym\TrinityCoreCataClassic\src\server\game\DataStores\DB2Structure.h(126,8):
      参见“AreaTriggerEntry”的声明
  
E:\1.ClassicCataSlym\TrinityCoreCataClassic\src\server\scripts\Playerbots\Mgr\Travel\TravelNode.cpp(1705,87): error C2039: "orientation": 不是 "AreaTriggerEntry" 的成员 [E:\1.ClassicCataSlym\CataslymBuild\src\server\scripts\scripts.vcxproj]
  (编译源文件“../../../../TrinityCoreCataClassic/src/server/scripts/Playerbots/Mgr/Travel/TravelNode.cpp”)
      E:\1.ClassicCataSlym\TrinityCoreCataClassic\src\server\game\DataStores\DB2Structure.h(126,8):
      参见“AreaTriggerEntry”的声明
  
E:\1.ClassicCataSlym\TrinityCoreCataClassic\src\server\scripts\Playerbots\Mgr\Travel\TravelNode.cpp(1706,54): error C2039: "target_mapId": 不是 "WorldSafeLocsEntry" 的成员 [E:\1.ClassicCataSlym\CataslymBuild\src\server\scripts\scripts.vcxproj]
  (编译源文件“../../../../TrinityCoreCataClassic/src/server/scripts/Playerbots/Mgr/Travel/TravelNode.cpp”)
      E:\1.ClassicCataSlym\TrinityCoreCataClassic\src\server\game\Globals\ObjectMgr.h(825,8):
      参见“WorldSafeLocsEntry”的声明
  
E:\1.ClassicCataSlym\TrinityCoreCataClassic\src\server\scripts\Playerbots\Mgr\Travel\TravelNode.cpp(1706,76): error C2039: "target_X": 不是 "WorldSafeLocsEntry" 的成员 [E:\1.ClassicCataSlym\CataslymBuild\src\server\scripts\scripts.vcxproj]
  (编译源文件“../../../../TrinityCoreCataClassic/src/server/scripts/Playerbots/Mgr/Travel/TravelNode.cpp”)
      E:\1.ClassicCataSlym\TrinityCoreCataClassic\src\server\game\Globals\ObjectMgr.h(825,8):
      参见“WorldSafeLocsEntry”的声明
  
E:\1.ClassicCataSlym\TrinityCoreCataClassic\src\server\scripts\Playerbots\Mgr\Travel\TravelNode.cpp(1706,94): error C2039: "target_Y": 不是 "WorldSafeLocsEntry" 的成员 [E:\1.ClassicCataSlym\CataslymBuild\src\server\scripts\scripts.vcxproj]
  (编译源文件“../../../../TrinityCoreCataClassic/src/server/scripts/Playerbots/Mgr/Travel/TravelNode.cpp”)
      E:\1.ClassicCataSlym\TrinityCoreCataClassic\src\server\game\Globals\ObjectMgr.h(825,8):
      参见“WorldSafeLocsEntry”的声明
  
E:\1.ClassicCataSlym\TrinityCoreCataClassic\src\server\scripts\Playerbots\Mgr\Travel\TravelNode.cpp(1706,112): error C2039: "target_Z": 不是 "WorldSafeLocsEntry" 的成员 [E:\1.ClassicCataSlym\CataslymBuild\src\server\scripts\scripts.vcxproj]
  (编译源文件“../../../../TrinityCoreCataClassic/src/server/scripts/Playerbots/Mgr/Travel/TravelNode.cpp”)
      E:\1.ClassicCataSlym\TrinityCoreCataClassic\src\server\game\Globals\ObjectMgr.h(825,8):
      参见“WorldSafeLocsEntry”的声明
  
E:\1.ClassicCataSlym\TrinityCoreCataClassic\src\server\scripts\Playerbots\Mgr\Travel\TravelNode.cpp(1707,54): error C2039: "target_Orientation": 不是 "WorldSafeLocsEntry" 的成员 [E:\1.ClassicCataSlym\CataslymBuild\src\server\scripts\scripts.vcxproj]
  (编译源文件“../../../../TrinityCoreCataClassic/src/server/scripts/Playerbots/Mgr/Travel/TravelNode.cpp”)
      E:\1.ClassicCataSlym\TrinityCoreCataClassic\src\server\game\Globals\ObjectMgr.h(825,8):
      参见“WorldSafeLocsEntry”的声明
  
E:\1.ClassicCataSlym\TrinityCoreCataClassic\src\server\scripts\Playerbots\Mgr\Travel\TravelNode.cpp(1723,40): error C2039: "GetAllAreaTriggerTeleports": 不是 "ObjectMgr" 的成员 [E:\1.ClassicCataSlym\CataslymBuild\src\server\scripts\scripts.vcxproj]
  (编译源文件“../../../../TrinityCoreCataClassic/src/server/scripts/Playerbots/Mgr/Travel/TravelNode.cpp”)
      E:\1.ClassicCataSlym\TrinityCoreCataClassic\src\server\game\Globals\ObjectMgr.h(1045,19):
      参见“ObjectMgr”的声明
  
E:\1.ClassicCataSlym\TrinityCoreCataClassic\src\server\scripts\Playerbots\Mgr\Travel\TravelNode.cpp(1723,22): error C2530: “itr”: 必须初始化引用 [E:\1.ClassicCataSlym\CataslymBuild\src\server\scripts\scripts.vcxproj]
  (编译源文件“../../../../TrinityCoreCataClassic/src/server/scripts/Playerbots/Mgr/Travel/TravelNode.cpp”)
  
E:\1.ClassicCataSlym\TrinityCoreCataClassic\src\server\scripts\Playerbots\Mgr\Travel\TravelNode.cpp(1723,22): error C3531: “itr”: 类型包含“auto”的符号必须具有初始值设定项 [E:\1.ClassicCataSlym\CataslymBuild\src\server\scripts\scripts.vcxproj]
  (编译源文件“../../../../TrinityCoreCataClassic/src/server/scripts/Playerbots/Mgr/Travel/TravelNode.cpp”)
  
E:\1.ClassicCataSlym\TrinityCoreCataClassic\src\server\scripts\Playerbots\Mgr\Travel\TravelNode.cpp(1723,26): error C2143: 语法错误: 缺少“;”(在“:”的前面) [E:\1.ClassicCataSlym\CataslymBuild\src\server\scripts\scripts.vcxproj]
  (编译源文件“../../../../TrinityCoreCataClassic/src/server/scripts/Playerbots/Mgr/Travel/TravelNode.cpp”)
  
E:\1.ClassicCataSlym\TrinityCoreCataClassic\src\server\scripts\Playerbots\Mgr\Travel\TravelNode.cpp(1723,68): error C2143: 语法错误: 缺少“;”(在“)”的前面) [E:\1.ClassicCataSlym\CataslymBuild\src\server\scripts\scripts.vcxproj]
  (编译源文件“../../../../TrinityCoreCataClassic/src/server/scripts/Playerbots/Mgr/Travel/TravelNode.cpp”)
  
E:\1.ClassicCataSlym\TrinityCoreCataClassic\src\server\scripts\Playerbots\Mgr\Travel\TravelNode.cpp(1725,44): error C2530: “atEntry”: 必须初始化引用 [E:\1.ClassicCataSlym\CataslymBuild\src\server\scripts\scripts.vcxproj]
  (编译源文件“../../../../TrinityCoreCataClassic/src/server/scripts/Playerbots/Mgr/Travel/TravelNode.cpp”)
  
E:\1.ClassicCataSlym\TrinityCoreCataClassic\src\server\scripts\Playerbots\Mgr\Travel\TravelNode.cpp(1733,49): error C2039: "map": 不是 "AreaTriggerEntry" 的成员 [E:\1.ClassicCataSlym\CataslymBuild\src\server\scripts\scripts.vcxproj]
  (编译源文件“../../../../TrinityCoreCataClassic/src/server/scripts/Playerbots/Mgr/Travel/TravelNode.cpp”)
      E:\1.ClassicCataSlym\TrinityCoreCataClassic\src\server\game\DataStores\DB2Structure.h(126,8):
      参见“AreaTriggerEntry”的声明
  
E:\1.ClassicCataSlym\TrinityCoreCataClassic\src\server\scripts\Playerbots\Mgr\Travel\TravelNode.cpp(1733,60): error C2039: "x": 不是 "AreaTriggerEntry" 的成员 [E:\1.ClassicCataSlym\CataslymBuild\src\server\scripts\scripts.vcxproj]
  (编译源文件“../../../../TrinityCoreCataClassic/src/server/scripts/Playerbots/Mgr/Travel/TravelNode.cpp”)
      E:\1.ClassicCataSlym\TrinityCoreCataClassic\src\server\game\DataStores\DB2Structure.h(126,8):
      参见“AreaTriggerEntry”的声明
  
E:\1.ClassicCataSlym\TrinityCoreCataClassic\src\server\scripts\Playerbots\Mgr\Travel\TravelNode.cpp(1733,69): error C2039: "y": 不是 "AreaTriggerEntry" 的成员 [E:\1.ClassicCataSlym\CataslymBuild\src\server\scripts\scripts.vcxproj]
  (编译源文件“../../../../TrinityCoreCataClassic/src/server/scripts/Playerbots/Mgr/Travel/TravelNode.cpp”)
      E:\1.ClassicCataSlym\TrinityCoreCataClassic\src\server\game\DataStores\DB2Structure.h(126,8):
      参见“AreaTriggerEntry”的声明
  
E:\1.ClassicCataSlym\TrinityCoreCataClassic\src\server\scripts\Playerbots\Mgr\Travel\TravelNode.cpp(1733,78): error C2039: "z": 不是 "AreaTriggerEntry" 的成员 [E:\1.ClassicCataSlym\CataslymBuild\src\server\scripts\scripts.vcxproj]
  (编译源文件“../../../../TrinityCoreCataClassic/src/server/scripts/Playerbots/Mgr/Travel/TravelNode.cpp”)
      E:\1.ClassicCataSlym\TrinityCoreCataClassic\src\server\game\DataStores\DB2Structure.h(126,8):
      参见“AreaTriggerEntry”的声明
  
E:\1.ClassicCataSlym\TrinityCoreCataClassic\src\server\scripts\Playerbots\Mgr\Travel\TravelNode.cpp(1733,87): error C2039: "orientation": 不是 "AreaTriggerEntry" 的成员 [E:\1.ClassicCataSlym\CataslymBuild\src\server\scripts\scripts.vcxproj]
  (编译源文件“../../../../TrinityCoreCataClassic/src/server/scripts/Playerbots/Mgr/Travel/TravelNode.cpp”)
      E:\1.ClassicCataSlym\TrinityCoreCataClassic\src\server\game\DataStores\DB2Structure.h(126,8):
      参见“AreaTriggerEntry”的声明
  
E:\1.ClassicCataSlym\TrinityCoreCataClassic\src\server\scripts\Playerbots\Mgr\Travel\TravelNode.cpp(1734,54): error C2039: "target_mapId": 不是 "WorldSafeLocsEntry" 的成员 [E:\1.ClassicCataSlym\CataslymBuild\src\server\scripts\scripts.vcxproj]
  (编译源文件“../../../../TrinityCoreCataClassic/src/server/scripts/Playerbots/Mgr/Travel/TravelNode.cpp”)
      E:\1.ClassicCataSlym\TrinityCoreCataClassic\src\server\game\Globals\ObjectMgr.h(825,8):
      参见“WorldSafeLocsEntry”的声明
  
E:\1.ClassicCataSlym\TrinityCoreCataClassic\src\server\scripts\Playerbots\Mgr\Travel\TravelNode.cpp(1734,76): error C2039: "target_X": 不是 "WorldSafeLocsEntry" 的成员 [E:\1.ClassicCataSlym\CataslymBuild\src\server\scripts\scripts.vcxproj]
  (编译源文件“../../../../TrinityCoreCataClassic/src/server/scripts/Playerbots/Mgr/Travel/TravelNode.cpp”)
      E:\1.ClassicCataSlym\TrinityCoreCataClassic\src\server\game\Globals\ObjectMgr.h(825,8):
      参见“WorldSafeLocsEntry”的声明
  
E:\1.ClassicCataSlym\TrinityCoreCataClassic\src\server\scripts\Playerbots\Mgr\Travel\TravelNode.cpp(1734,94): error C2039: "target_Y": 不是 "WorldSafeLocsEntry" 的成员 [E:\1.ClassicCataSlym\CataslymBuild\src\server\scripts\scripts.vcxproj]
  (编译源文件“../../../../TrinityCoreCataClassic/src/server/scripts/Playerbots/Mgr/Travel/TravelNode.cpp”)
      E:\1.ClassicCataSlym\TrinityCoreCataClassic\src\server\game\Globals\ObjectMgr.h(825,8):
      参见“WorldSafeLocsEntry”的声明
  
E:\1.ClassicCataSlym\TrinityCoreCataClassic\src\server\scripts\Playerbots\Mgr\Travel\TravelNode.cpp(1734,112): error C2039: "target_Z": 不是 "WorldSafeLocsEntry" 的成员 [E:\1.ClassicCataSlym\CataslymBuild\src\server\scripts\scripts.vcxproj]
  (编译源文件“../../../../TrinityCoreCataClassic/src/server/scripts/Playerbots/Mgr/Travel/TravelNode.cpp”)
      E:\1.ClassicCataSlym\TrinityCoreCataClassic\src\server\game\Globals\ObjectMgr.h(825,8):
      参见“WorldSafeLocsEntry”的声明
  
E:\1.ClassicCataSlym\TrinityCoreCataClassic\src\server\scripts\Playerbots\Mgr\Travel\TravelNode.cpp(1735,54): error C2039: "target_Orientation": 不是 "WorldSafeLocsEntry" 的成员 [E:\1.ClassicCataSlym\CataslymBuild\src\server\scripts\scripts.vcxproj]
  (编译源文件“../../../../TrinityCoreCataClassic/src/server/scripts/Playerbots/Mgr/Travel/TravelNode.cpp”)
      E:\1.ClassicCataSlym\TrinityCoreCataClassic\src\server\game\Globals\ObjectMgr.h(825,8):
      参见“WorldSafeLocsEntry”的声明
  
E:\1.ClassicCataSlym\TrinityCoreCataClassic\src\server\scripts\Playerbots\Mgr\Travel\TravelNode.cpp(1787,50): error C2039: "mapid": 不是 "TaxiPathNodeEntry" 的成员 [E:\1.ClassicCataSlym\CataslymBuild\src\server\scripts\scripts.vcxproj]
  (编译源文件“../../../../TrinityCoreCataClassic/src/server/scripts/Playerbots/Mgr/Travel/TravelNode.cpp”)
      E:\1.ClassicCataSlym\TrinityCoreCataClassic\src\server\game\DataStores\DB2Structure.h(3781,8):
      参见“TaxiPathNodeEntry”的声明
  
E:\1.ClassicCataSlym\TrinityCoreCataClassic\src\server\scripts\Playerbots\Mgr\Travel\TravelNode.cpp(1787,62): error C2039: "x": 不是 "TaxiPathNodeEntry" 的成员 [E:\1.ClassicCataSlym\CataslymBuild\src\server\scripts\scripts.vcxproj]
  (编译源文件“../../../../TrinityCoreCataClassic/src/server/scripts/Playerbots/Mgr/Travel/TravelNode.cpp”)
      E:\1.ClassicCataSlym\TrinityCoreCataClassic\src\server\game\DataStores\DB2Structure.h(3781,8):
      参见“TaxiPathNodeEntry”的声明
  
E:\1.ClassicCataSlym\TrinityCoreCataClassic\src\server\scripts\Playerbots\Mgr\Travel\TravelNode.cpp(1787,70): error C2039: "y": 不是 "TaxiPathNodeEntry" 的成员 [E:\1.ClassicCataSlym\CataslymBuild\src\server\scripts\scripts.vcxproj]
  (编译源文件“../../../../TrinityCoreCataClassic/src/server/scripts/Playerbots/Mgr/Travel/TravelNode.cpp”)
      E:\1.ClassicCataSlym\TrinityCoreCataClassic\src\server\game\DataStores\DB2Structure.h(3781,8):
      参见“TaxiPathNodeEntry”的声明
  
E:\1.ClassicCataSlym\TrinityCoreCataClassic\src\server\scripts\Playerbots\Mgr\Travel\TravelNode.cpp(1787,78): error C2039: "z": 不是 "TaxiPathNodeEntry" 的成员 [E:\1.ClassicCataSlym\CataslymBuild\src\server\scripts\scripts.vcxproj]
  (编译源文件“../../../../TrinityCoreCataClassic/src/server/scripts/Playerbots/Mgr/Travel/TravelNode.cpp”)
      E:\1.ClassicCataSlym\TrinityCoreCataClassic\src\server\game\DataStores\DB2Structure.h(3781,8):
      参见“TaxiPathNodeEntry”的声明
  
E:\1.ClassicCataSlym\TrinityCoreCataClassic\src\server\scripts\Playerbots\Mgr\Travel\TravelNode.cpp(1792,20): error C2039: "delay": 不是 "TaxiPathNodeEntry" 的成员 [E:\1.ClassicCataSlym\CataslymBuild\src\server\scripts\scripts.vcxproj]
  (编译源文件“../../../../TrinityCoreCataClassic/src/server/scripts/Playerbots/Mgr/Travel/TravelNode.cpp”)
      E:\1.ClassicCataSlym\TrinityCoreCataClassic\src\server\game\DataStores\DB2Structure.h(3781,8):
      参见“TaxiPathNodeEntry”的声明
  
E:\1.ClassicCataSlym\TrinityCoreCataClassic\src\server\scripts\Playerbots\Mgr\Travel\TravelNode.cpp(1819,50): error C2039: "mapid": 不是 "TaxiPathNodeEntry" 的成员 [E:\1.ClassicCataSlym\CataslymBuild\src\server\scripts\scripts.vcxproj]
  (编译源文件“../../../../TrinityCoreCataClassic/src/server/scripts/Playerbots/Mgr/Travel/TravelNode.cpp”)
      E:\1.ClassicCataSlym\TrinityCoreCataClassic\src\server\game\DataStores\DB2Structure.h(3781,8):
      参见“TaxiPathNodeEntry”的声明
  
E:\1.ClassicCataSlym\TrinityCoreCataClassic\src\server\scripts\Playerbots\Mgr\Travel\TravelNode.cpp(1819,62): error C2039: "x": 不是 "TaxiPathNodeEntry" 的成员 [E:\1.ClassicCataSlym\CataslymBuild\src\server\scripts\scripts.vcxproj]
  (编译源文件“../../../../TrinityCoreCataClassic/src/server/scripts/Playerbots/Mgr/Travel/TravelNode.cpp”)
      E:\1.ClassicCataSlym\TrinityCoreCataClassic\src\server\game\DataStores\DB2Structure.h(3781,8):
      参见“TaxiPathNodeEntry”的声明
  
E:\1.ClassicCataSlym\TrinityCoreCataClassic\src\server\scripts\Playerbots\Mgr\Travel\TravelNode.cpp(1819,70): error C2039: "y": 不是 "TaxiPathNodeEntry" 的成员 [E:\1.ClassicCataSlym\CataslymBuild\src\server\scripts\scripts.vcxproj]
  (编译源文件“../../../../TrinityCoreCataClassic/src/server/scripts/Playerbots/Mgr/Travel/TravelNode.cpp”)
      E:\1.ClassicCataSlym\TrinityCoreCataClassic\src\server\game\DataStores\DB2Structure.h(3781,8):
      参见“TaxiPathNodeEntry”的声明
  
E:\1.ClassicCataSlym\TrinityCoreCataClassic\src\server\scripts\Playerbots\Mgr\Travel\TravelNode.cpp(1819,78): error C2039: "z": 不是 "TaxiPathNodeEntry" 的成员 [E:\1.ClassicCataSlym\CataslymBuild\src\server\scripts\scripts.vcxproj]
  (编译源文件“../../../../TrinityCoreCataClassic/src/server/scripts/Playerbots/Mgr/Travel/TravelNode.cpp”)
      E:\1.ClassicCataSlym\TrinityCoreCataClassic\src\server\game\DataStores\DB2Structure.h(3781,8):
      参见“TaxiPathNodeEntry”的声明
  
E:\1.ClassicCataSlym\TrinityCoreCataClassic\src\server\scripts\Playerbots\Mgr\Travel\TravelNode.cpp(1822,20): error C2039: "delay": 不是 "TaxiPathNodeEntry" 的成员 [E:\1.ClassicCataSlym\CataslymBuild\src\server\scripts\scripts.vcxproj]
  (编译源文件“../../../../TrinityCoreCataClassic/src/server/scripts/Playerbots/Mgr/Travel/TravelNode.cpp”)
      E:\1.ClassicCataSlym\TrinityCoreCataClassic\src\server\game\DataStores\DB2Structure.h(3781,8):
      参见“TaxiPathNodeEntry”的声明
  
E:\1.ClassicCataSlym\TrinityCoreCataClassic\src\server\scripts\Playerbots\Script\FastGroup.cpp(504,13): error C2039: "InitTalentForLevel": 不是 "Player" 的成员 [E:\1.ClassicCataSlym\CataslymBuild\src\server\scripts\scripts.vcxproj]
  (编译源文件“../../../../TrinityCoreCataClassic/src/server/scripts/Playerbots/Script/FastGroup.cpp”)
      E:\1.ClassicCataSlym\TrinityCoreCataClassic\src\server\game\Entities\Player\Player.h(1147,19):
      参见“Player”的声明
  
  chat_log.cpp
E:\1.ClassicCataSlym\TrinityCoreCataClassic\src\server\scripts\Playerbots\Script\FastGroup.cpp(577,48): error C2039: "GetTalentID": 不是 "TalentEntry" 的成员 [E:\1.ClassicCataSlym\CataslymBuild\src\server\scripts\scripts.vcxproj]
  (编译源文件“../../../../TrinityCoreCataClassic/src/server/scripts/Playerbots/Script/FastGroup.cpp”)
      E:\1.ClassicCataSlym\TrinityCoreCataClassic\src\server\game\DataStores\DB2Structure.h(3684,8):
      参见“TalentEntry”的声明
  
E:\1.ClassicCataSlym\TrinityCoreCataClassic\src\server\scripts\Playerbots\Script\FastGroup.cpp(613,45): error C2039: "GetTalentID": 不是 "TalentEntry" 的成员 [E:\1.ClassicCataSlym\CataslymBuild\src\server\scripts\scripts.vcxproj]
  (编译源文件“../../../../TrinityCoreCataClassic/src/server/scripts/Playerbots/Script/FastGroup.cpp”)
      E:\1.ClassicCataSlym\TrinityCoreCataClassic\src\server\game\DataStores\DB2Structure.h(3684,8):
      参见“TalentEntry”的声明
  
E:\1.ClassicCataSlym\TrinityCoreCataClassic\src\server\scripts\Playerbots\Script\FastGroup.cpp(621,13): error C2660: “Player::SendTalentsInfoData”: 函数不接受 1 个参数 [E:\1.ClassicCataSlym\CataslymBuild\src\server\scripts\scripts.vcxproj]
  (编译源文件“../../../../TrinityCoreCataClassic/src/server/scripts/Playerbots/Script/FastGroup.cpp”)
      E:\1.ClassicCataSlym\TrinityCoreCataClassic\src\server\game\Entities\Player\Player.h(1937,14):
      参见“Player::SendTalentsInfoData”的声明
      E:\1.ClassicCataSlym\TrinityCoreCataClassic\src\server\scripts\Playerbots\Script\FastGroup.cpp(621,13):
      尝试匹配参数列表“(bool)”时
  
E:\1.ClassicCataSlym\TrinityCoreCataClassic\src\server\scripts\Playerbots\Mgr\Travel\TravelNode.cpp(1937,47): error C2039: "map_id": 不是 "TaxiNodesEntry" 的成员 [E:\1.ClassicCataSlym\CataslymBuild\src\server\scripts\scripts.vcxproj]
  (编译源文件“../../../../TrinityCoreCataClassic/src/server/scripts/Playerbots/Mgr/Travel/TravelNode.cpp”)
      E:\1.ClassicCataSlym\TrinityCoreCataClassic\src\server\game\DataStores\DB2Structure.h(3731,8):
      参见“TaxiNodesEntry”的声明
  
E:\1.ClassicCataSlym\TrinityCoreCataClassic\src\server\scripts\Playerbots\Mgr\Travel\TravelNode.cpp(1937,72): error C2039: "x": 不是 "TaxiNodesEntry" 的成员 [E:\1.ClassicCataSlym\CataslymBuild\src\server\scripts\scripts.vcxproj]
  (编译源文件“../../../../TrinityCoreCataClassic/src/server/scripts/Playerbots/Mgr/Travel/TravelNode.cpp”)
      E:\1.ClassicCataSlym\TrinityCoreCataClassic\src\server\game\DataStores\DB2Structure.h(3731,8):
      参见“TaxiNodesEntry”的声明
  
E:\1.ClassicCataSlym\TrinityCoreCataClassic\src\server\scripts\Playerbots\Mgr\Travel\TravelNode.cpp(1937,92): error C2039: "y": 不是 "TaxiNodesEntry" 的成员 [E:\1.ClassicCataSlym\CataslymBuild\src\server\scripts\scripts.vcxproj]
  (编译源文件“../../../../TrinityCoreCataClassic/src/server/scripts/Playerbots/Mgr/Travel/TravelNode.cpp”)
      E:\1.ClassicCataSlym\TrinityCoreCataClassic\src\server\game\DataStores\DB2Structure.h(3731,8):
      参见“TaxiNodesEntry”的声明
  
E:\1.ClassicCataSlym\TrinityCoreCataClassic\src\server\scripts\Playerbots\Mgr\Travel\TravelNode.cpp(1937,112): error C2039: "z": 不是 "TaxiNodesEntry" 的成员 [E:\1.ClassicCataSlym\CataslymBuild\src\server\scripts\scripts.vcxproj]
  (编译源文件“../../../../TrinityCoreCataClassic/src/server/scripts/Playerbots/Mgr/Travel/TravelNode.cpp”)
      E:\1.ClassicCataSlym\TrinityCoreCataClassic\src\server\game\DataStores\DB2Structure.h(3731,8):
      参见“TaxiNodesEntry”的声明
  
E:\1.ClassicCataSlym\TrinityCoreCataClassic\src\server\scripts\Playerbots\Mgr\Travel\TravelNode.cpp(1938,43): error C2039: "map_id": 不是 "TaxiNodesEntry" 的成员 [E:\1.ClassicCataSlym\CataslymBuild\src\server\scripts\scripts.vcxproj]
  (编译源文件“../../../../TrinityCoreCataClassic/src/server/scripts/Playerbots/Mgr/Travel/TravelNode.cpp”)
      E:\1.ClassicCataSlym\TrinityCoreCataClassic\src\server\game\DataStores\DB2Structure.h(3731,8):
      参见“TaxiNodesEntry”的声明
  
E:\1.ClassicCataSlym\TrinityCoreCataClassic\src\server\scripts\Playerbots\Mgr\Travel\TravelNode.cpp(1938,66): error C2039: "x": 不是 "TaxiNodesEntry" 的成员 [E:\1.ClassicCataSlym\CataslymBuild\src\server\scripts\scripts.vcxproj]
  (编译源文件“../../../../TrinityCoreCataClassic/src/server/scripts/Playerbots/Mgr/Travel/TravelNode.cpp”)
      E:\1.ClassicCataSlym\TrinityCoreCataClassic\src\server\game\DataStores\DB2Structure.h(3731,8):
      参见“TaxiNodesEntry”的声明
  
E:\1.ClassicCataSlym\TrinityCoreCataClassic\src\server\scripts\Playerbots\Mgr\Travel\TravelNode.cpp(1938,84): error C2039: "y": 不是 "TaxiNodesEntry" 的成员 [E:\1.ClassicCataSlym\CataslymBuild\src\server\scripts\scripts.vcxproj]
  (编译源文件“../../../../TrinityCoreCataClassic/src/server/scripts/Playerbots/Mgr/Travel/TravelNode.cpp”)
      E:\1.ClassicCataSlym\TrinityCoreCataClassic\src\server\game\DataStores\DB2Structure.h(3731,8):
      参见“TaxiNodesEntry”的声明
  
E:\1.ClassicCataSlym\TrinityCoreCataClassic\src\server\scripts\Playerbots\Mgr\Travel\TravelNode.cpp(1938,102): error C2039: "z": 不是 "TaxiNodesEntry" 的成员 [E:\1.ClassicCataSlym\CataslymBuild\src\server\scripts\scripts.vcxproj]
  (编译源文件“../../../../TrinityCoreCataClassic/src/server/scripts/Playerbots/Mgr/Travel/TravelNode.cpp”)
      E:\1.ClassicCataSlym\TrinityCoreCataClassic\src\server\game\DataStores\DB2Structure.h(3731,8):
      参见“TaxiNodesEntry”的声明
  
E:\1.ClassicCataSlym\TrinityCoreCataClassic\src\server\scripts\Playerbots\Mgr\Travel\TravelNode.cpp(1949,46): error C2039: "mapid": 不是 "TaxiPathNodeEntry" 的成员 [E:\1.ClassicCataSlym\CataslymBuild\src\server\scripts\scripts.vcxproj]
  (编译源文件“../../../../TrinityCoreCataClassic/src/server/scripts/Playerbots/Mgr/Travel/TravelNode.cpp”)
      E:\1.ClassicCataSlym\TrinityCoreCataClassic\src\server\game\DataStores\DB2Structure.h(3781,8):
      参见“TaxiPathNodeEntry”的声明
  
E:\1.ClassicCataSlym\TrinityCoreCataClassic\src\server\scripts\Playerbots\Mgr\Travel\TravelNode.cpp(1949,58): error C2039: "x": 不是 "TaxiPathNodeEntry" 的成员 [E:\1.ClassicCataSlym\CataslymBuild\src\server\scripts\scripts.vcxproj]
  (编译源文件“../../../../TrinityCoreCataClassic/src/server/scripts/Playerbots/Mgr/Travel/TravelNode.cpp”)
      E:\1.ClassicCataSlym\TrinityCoreCataClassic\src\server\game\DataStores\DB2Structure.h(3781,8):
      参见“TaxiPathNodeEntry”的声明
  
E:\1.ClassicCataSlym\TrinityCoreCataClassic\src\server\scripts\Playerbots\Mgr\Travel\TravelNode.cpp(1949,66): error C2039: "y": 不是 "TaxiPathNodeEntry" 的成员 [E:\1.ClassicCataSlym\CataslymBuild\src\server\scripts\scripts.vcxproj]
  (编译源文件“../../../../TrinityCoreCataClassic/src/server/scripts/Playerbots/Mgr/Travel/TravelNode.cpp”)
      E:\1.ClassicCataSlym\TrinityCoreCataClassic\src\server\game\DataStores\DB2Structure.h(3781,8):
      参见“TaxiPathNodeEntry”的声明
  
E:\1.ClassicCataSlym\TrinityCoreCataClassic\src\server\scripts\Playerbots\Mgr\Travel\TravelNode.cpp(1949,74): error C2039: "z": 不是 "TaxiPathNodeEntry" 的成员 [E:\1.ClassicCataSlym\CataslymBuild\src\server\scripts\scripts.vcxproj]
  (编译源文件“../../../../TrinityCoreCataClassic/src/server/scripts/Playerbots/Mgr/Travel/TravelNode.cpp”)
      E:\1.ClassicCataSlym\TrinityCoreCataClassic\src\server\game\DataStores\DB2Structure.h(3781,8):
      参见“TaxiPathNodeEntry”的声明
  
E:\1.ClassicCataSlym\TrinityCoreCataClassic\src\server\scripts\Playerbots\Mgr\Travel\TravelNode.cpp(1949,42): error C2440: “<function-style-cast>”: 无法从“double”转换为“WorldPosition” [E:\1.ClassicCataSlym\CataslymBuild\src\server\scripts\scripts.vcxproj]
  (编译源文件“../../../../TrinityCoreCataClassic/src/server/scripts/Playerbots/Mgr/Travel/TravelNode.cpp”)
      E:\1.ClassicCataSlym\TrinityCoreCataClassic\src\server\scripts\Playerbots\Mgr\Travel\TravelNode.cpp(1949,42):
      “WorldPosition::WorldPosition”: 没有重载函数可以转换所有参数类型
          E:\1.ClassicCataSlym\TrinityCoreCataClassic\src\server\scripts\Playerbots\Mgr\Travel\TravelMgr.h(88,5):
          可能是“WorldPosition::WorldPosition(const WorldPosition &)”
              E:\1.ClassicCataSlym\TrinityCoreCataClassic\src\server\scripts\Playerbots\Mgr\Travel\TravelNode.cpp(1949,42):
              “WorldPosition::WorldPosition(const WorldPosition &)”: 无法将参数 1 从“double”转换为“const WorldPosition &”
                  E:\1.ClassicCataSlym\TrinityCoreCataClassic\src\server\scripts\Playerbots\Mgr\Travel\TravelNode.cpp(1949,79):
                  原因如下: 无法从“double”转换为“const WorldPosition”
          E:\1.ClassicCataSlym\TrinityCoreCataClassic\src\server\scripts\Playerbots\Mgr\Travel\TravelMgr.h(95,5):
          或    “WorldPosition::WorldPosition(const WorldObject *)”
              E:\1.ClassicCataSlym\TrinityCoreCataClassic\src\server\scripts\Playerbots\Mgr\Travel\TravelNode.cpp(1949,42):
              “WorldPosition::WorldPosition(const WorldObject *)”: 无法将参数 1 从“double”转换为“const WorldObject *”
          E:\1.ClassicCataSlym\TrinityCoreCataClassic\src\server\scripts\Playerbots\Mgr\Travel\TravelMgr.h(89,5):
          或    “WorldPosition::WorldPosition(const std::string)”
              E:\1.ClassicCataSlym\TrinityCoreCataClassic\src\server\scripts\Playerbots\Mgr\Travel\TravelNode.cpp(1949,42):
              “WorldPosition::WorldPosition(const std::string)”: 无法将参数 1 从“double”转换为“const std::string”
                  E:\1.ClassicCataSlym\TrinityCoreCataClassic\src\server\scripts\Playerbots\Mgr\Travel\TravelNode.cpp(1949,79):
                  “std::basic_string<char,std::char_traits<char>,std::allocator<char>>::basic_string”: 没有重载函数可以转换所有参数类型
                      C:\Program Files\Microsoft Visual Studio\18\Insiders\VC\Tools\MSVC\14.51.36231\include\xstring(818,5):
                      可能是“std::basic_string<char,std::char_traits<char>,std::allocator<char>>::basic_string(const _Elem *const )”
          with
          [
              _Elem=char
          ]
                          E:\1.ClassicCataSlym\TrinityCoreCataClassic\src\server\scripts\Playerbots\Mgr\Travel\TravelNode.cpp(1949,79):
                          “std::basic_string<char,std::char_traits<char>,std::allocator<char>>::basic_string(const _Elem *const )”: 无法将参数 1 从“double”转换为“const _Elem *const ”
          with
          [
              _Elem=char
          ]
                      C:\Program Files\Microsoft Visual Studio\18\Insiders\VC\Tools\MSVC\14.51.36231\include\xstring(1390,5):
                      或    “std::basic_string<char,std::char_traits<char>,std::allocator<char>>::basic_string(std::initializer_list<_Elem>,const _Alloc &)”
          with
          [
              _Elem=char,
              _Alloc=std::allocator<char>
          ]
                          E:\1.ClassicCataSlym\TrinityCoreCataClassic\src\server\scripts\Playerbots\Mgr\Travel\TravelNode.cpp(1949,79):
                          “std::basic_string<char,std::char_traits<char>,std::allocator<char>>::basic_string(std::initializer_list<_Elem>,const _Alloc &)”: 无法将参数 1 从“double”转换为“std::initializer_list<_Elem>”
          with
          [
              _Elem=char,
              _Alloc=std::allocator<char>
          ]
          and
          [
              _Elem=char
          ]
                              E:\1.ClassicCataSlym\TrinityCoreCataClassic\src\server\scripts\Playerbots\Mgr\Travel\TravelNode.cpp(1949,79):
                              转换要求第二个用户定义的转换运算符或构造函数
                      C:\Program Files\Microsoft Visual Studio\18\Insiders\VC\Tools\MSVC\14.51.36231\include\xstring(1207,5):
                      或    “std::basic_string<char,std::char_traits<char>,std::allocator<char>>::basic_string(const _Ty &,const unsigned __int64,const unsigned __int64,const _Alloc &)”
          with
          [
              _Alloc=std::allocator<char>
          ]
                      C:\Program Files\Microsoft Visual Studio\18\Insiders\VC\Tools\MSVC\14.51.36231\include\xstring(848,5):
                      或    “std::basic_string<char,std::char_traits<char>,std::allocator<char>>::basic_string(_Iter,_Iter,const _Alloc &)”
          with
          [
              _Alloc=std::allocator<char>
          ]
                      C:\Program Files\Microsoft Visual Studio\18\Insiders\VC\Tools\MSVC\14.51.36231\include\xstring(842,5):
                      或    “std::basic_string<char,std::char_traits<char>,std::allocator<char>>::basic_string(const unsigned __int64,const _Elem,const _Alloc &)”
          with
          [
              _Elem=char,
              _Alloc=std::allocator<char>
          ]
                      C:\Program Files\Microsoft Visual Studio\18\Insiders\VC\Tools\MSVC\14.51.36231\include\xstring(825,5):
                      或    “std::basic_string<char,std::char_traits<char>,std::allocator<char>>::basic_string(const _Elem *const ,const _Alloc &)”
          with
          [
              _Elem=char,
              _Alloc=std::allocator<char>
          ]
                      C:\Program Files\Microsoft Visual Studio\18\Insiders\VC\Tools\MSVC\14.51.36231\include\xstring(812,5):
                      或    “std::basic_string<char,std::char_traits<char>,std::allocator<char>>::basic_string(const _Elem *const ,const unsigned __int64,const _Alloc &)”
          with
          [
              _Elem=char,
              _Alloc=std::allocator<char>
          ]
                      E:\1.ClassicCataSlym\TrinityCoreCataClassic\src\server\scripts\Playerbots\Mgr\Travel\TravelNode.cpp(1949,79):
                      尝试匹配参数列表“(double)”时
          E:\1.ClassicCataSlym\TrinityCoreCataClassic\src\server\scripts\Playerbots\Mgr\Travel\TravelMgr.h(87,5):
          或    “WorldPosition::WorldPosition(const WorldLocation &)”
              E:\1.ClassicCataSlym\TrinityCoreCataClassic\src\server\scripts\Playerbots\Mgr\Travel\TravelNode.cpp(1949,42):
              “WorldPosition::WorldPosition(const WorldLocation &)”: 无法将参数 1 从“double”转换为“const WorldLocation &”
                  E:\1.ClassicCataSlym\TrinityCoreCataClassic\src\server\scripts\Playerbots\Mgr\Travel\TravelNode.cpp(1949,79):
                  原因如下: 无法从“double”转换为“const WorldLocation”
                  E:\1.ClassicCataSlym\TrinityCoreCataClassic\src\server\scripts\Playerbots\Mgr\Travel\TravelNode.cpp(1949,79):
                  “WorldLocation::WorldLocation”: 没有重载函数可以转换所有参数类型
                      E:\1.ClassicCataSlym\TrinityCoreCataClassic\src\server\game\Entities\Object\Position.h(221,1):
                      可能是“WorldLocation::WorldLocation(WorldLocation &&)”
                          E:\1.ClassicCataSlym\TrinityCoreCataClassic\src\server\scripts\Playerbots\Mgr\Travel\TravelNode.cpp(1949,79):
                          “WorldLocation::WorldLocation(WorldLocation &&)”: 无法将参数 1 从“double”转换为“WorldLocation &&”
                              E:\1.ClassicCataSlym\TrinityCoreCataClassic\src\server\scripts\Playerbots\Mgr\Travel\TravelNode.cpp(1949,79):
                              原因如下: 无法从“double”转换为“WorldLocation”
                              E:\1.ClassicCataSlym\TrinityCoreCataClassic\src\server\scripts\Playerbots\Mgr\Travel\TravelNode.cpp(1949,79):
                              转换要求第二个用户定义的转换运算符或构造函数
                      E:\1.ClassicCataSlym\TrinityCoreCataClassic\src\server\game\Entities\Object\Position.h(221,1):
                      或    “WorldLocation::WorldLocation(const WorldLocation &)”
                          E:\1.ClassicCataSlym\TrinityCoreCataClassic\src\server\scripts\Playerbots\Mgr\Travel\TravelNode.cpp(1949,79):
                          “WorldLocation::WorldLocation(const WorldLocation &)”: 无法将参数 1 从“double”转换为“const WorldLocation &”
                              E:\1.ClassicCataSlym\TrinityCoreCataClassic\src\server\scripts\Playerbots\Mgr\Travel\TravelNode.cpp(1949,79):
                              原因如下: 无法从“double”转换为“const WorldLocation”
                              E:\1.ClassicCataSlym\TrinityCoreCataClassic\src\server\scripts\Playerbots\Mgr\Travel\TravelNode.cpp(1949,79):
                              转换要求第二个用户定义的转换运算符或构造函数
                      E:\1.ClassicCataSlym\TrinityCoreCataClassic\src\server\scripts\Playerbots\Mgr\Travel\TravelNode.cpp(1949,79):
                      尝试匹配参数列表“(double)”时
          E:\1.ClassicCataSlym\TrinityCoreCataClassic\src\server\scripts\Playerbots\Mgr\Travel\TravelNode.cpp(1949,42):
          尝试匹配参数列表“(double)”时
  
E:\1.ClassicCataSlym\TrinityCoreCataClassic\src\server\scripts\Playerbots\Script\FastGroup.cpp(1577,22): error C2090: 函数返回数组 [E:\1.ClassicCataSlym\CataslymBuild\src\server\scripts\scripts.vcxproj]
  (编译源文件“../../../../TrinityCoreCataClassic/src/server/scripts/Playerbots/Script/FastGroup.cpp”)
  
E:\1.ClassicCataSlym\TrinityCoreCataClassic\src\server\scripts\Playerbots\Script\FastGroup.cpp(1577,22): error C2555: “fastgroup_commandscript::GetCommands”: 重写虚函数返回类型有差异，且不是来自“CommandScript::GetCommands”的协变 [E:\1.ClassicCataSlym\CataslymBuild\src\server\scripts\scripts.vcxproj]
  (编译源文件“../../../../TrinityCoreCataClassic/src/server/scripts/Playerbots/Script/FastGroup.cpp”)
      E:\1.ClassicCataSlym\TrinityCoreCataClassic\src\server\game\Scripting\ScriptMgr.h(551,76):
      参见“CommandScript::GetCommands”的声明
  
  conversation_scripts.cpp
E:\1.ClassicCataSlym\TrinityCoreCataClassic\src\server\scripts\Playerbots\Script\FastGroup.cpp(1422,22): error C2039: "InitTalentForLevel": 不是 "Player" 的成员 [E:\1.ClassicCataSlym\CataslymBuild\src\server\scripts\scripts.vcxproj]
  (编译源文件“../../../../TrinityCoreCataClassic/src/server/scripts/Playerbots/Script/FastGroup.cpp”)
      E:\1.ClassicCataSlym\TrinityCoreCataClassic\src\server\game\Entities\Player\Player.h(1147,19):
      参见“Player”的声明
  
  duel_reset.cpp
  go_scripts.cpp
  item_scripts.cpp
  npc_guard.cpp
  npc_professions.cpp
  npcs_special.cpp
  scene_scripts.cpp
  world_script_loader.cpp
  ScriptLoader.cpp
E:\1.ClassicCataSlym\TrinityCoreCataClassic\src\server\scripts\Playerbots\Script\PlayerbotsSecureLogin.cpp(56,10): error C3668: “PlayerbotsSecureLoginServerScript::CanPacketReceive”: 包含重写说明符“override”的方法没有重写任何基类方法 [E:\1.ClassicCataSlym\CataslymBuild\src\server\scripts\scripts.vcxproj]
  (编译源文件“../../../../TrinityCoreCataClassic/src/server/scripts/Playerbots/Script/PlayerbotsSecureLogin.cpp”)
  
E:\1.ClassicCataSlym\TrinityCoreCataClassic\src\server\scripts\Playerbots\Script\PlayerbotsSelfBotAfk.cpp(26,10): error C3668: “PlayerbotsSelfBotAfkServerScript::CanPacketReceive”: 包含重写说明符“override”的方法没有重写任何基类方法 [E:\1.ClassicCataSlym\CataslymBuild\src\server\scripts\scripts.vcxproj]
  (编译源文件“../../../../TrinityCoreCataClassic/src/server/scripts/Playerbots/Script/PlayerbotsSelfBotAfk.cpp”)
  
E:\1.ClassicCataSlym\TrinityCoreCataClassic\src\server\scripts\Playerbots\Script\Playerbots.cpp(127,35): error C2039: "GetSpellInfoStoreSize": 不是 "SpellMgr" 的成员 [E:\1.ClassicCataSlym\CataslymBuild\src\server\scripts\scripts.vcxproj]
  (编译源文件“../../../../TrinityCoreCataClassic/src/server/scripts/Playerbots/Script/Playerbots.cpp”)
      E:\1.ClassicCataSlym\TrinityCoreCataClassic\src\server\game\Spells\SpellMgr.h(644,19):
      参见“SpellMgr”的声明
  
E:\1.ClassicCataSlym\TrinityCoreCataClassic\src\server\scripts\Playerbots\Script\Playerbots.cpp(598,10): error C3668: “PlayerbotsServerScript::CanPacketReceive”: 包含重写说明符“override”的方法没有重写任何基类方法 [E:\1.ClassicCataSlym\CataslymBuild\src\server\scripts\scripts.vcxproj]
  (编译源文件“../../../../TrinityCoreCataClassic/src/server/scripts/Playerbots/Script/Playerbots.cpp”)
  
E:\1.ClassicCataSlym\TrinityCoreCataClassic\src\server\scripts\Playerbots\Util\BroadcastHelper.cpp(495,50): error C2039: "rank": 不是 "CreatureTemplate" 的成员 [E:\1.ClassicCataSlym\CataslymBuild\src\server\scripts\scripts.vcxproj]
  (编译源文件“../../../../TrinityCoreCataClassic/src/server/scripts/Playerbots/Util/BroadcastHelper.cpp”)
      E:\1.ClassicCataSlym\TrinityCoreCataClassic\src\server\game\Entities\Creature\CreatureData.h(485,20):
      参见“CreatureTemplate”的声明
  
